remark: /wrk/ci/prod/2023.2/hls_product/continuous/689/2023.2/src/shared/hls/clib/hlsmath/src/c++/expfloat.cpp:22:9: Inlining function 'exp_reduce_::exp(float)' into 'hls::expf(float)'
remark: flash_attention.cpp:142:36: Inlining function 'hls::expf(float)' into 'flash_attention_hls(float*, float*, float*, float*, int, int, int)'
remark: flash_attention.cpp:158:32: Inlining function 'hls::expf(float)' into 'flash_attention_hls(float*, float*, float*, float*, int, int, int)'
remark: flash_attention.cpp:110:21: Loop 'SCORE_LOOP_X' is marked as complete unroll implied by the pipeline pragma
remark: flash_attention.cpp:25:0: Unrolling loop 'SCORE_LOOP_X' (flash_attention.cpp:110:21) in function 'flash_attention_hls' completely with a factor of 32
remark: flash_attention.cpp:25:0: Unrolling loop 'INIT_WEIGHTED' (flash_attention.cpp:151:17) in function 'flash_attention_hls' completely with a factor of 32
remark: flash_attention.cpp:25:0: Unrolling loop 'VITIS_LOOP_160_4' (flash_attention.cpp:160:39) in function 'flash_attention_hls' partially with a factor of 4
remark: flash_attention.cpp:25:0: Unrolling loop 'UPDATE_ACC' (flash_attention.cpp:172:17) in function 'flash_attention_hls' partially with a factor of 4
remark: flash_attention.cpp:25:0: Inlining function 'hls::sqrtf(float)' into 'flash_attention_hls(float*, float*, float*, float*, int, int, int)'
remark: flash_attention.cpp:47:9: Applying array_partition to 'Qbuf': Cyclic partitioning with factor 4 on dimension 2.
remark: flash_attention.cpp:48:12: Applying array_partition to 'Kbuf': Cyclic partitioning with factor 4 on dimension 2.
remark: flash_attention.cpp:49:12: Applying array_partition to 'Vbuf': Cyclic partitioning with factor 4 on dimension 2.
remark: flash_attention.cpp:51:12: Applying array_partition to 'acc': Cyclic partitioning with factor 4 on dimension 2.
remark: flash_attention.cpp:147:24: Applying array_partition to 'weighted': Cyclic partitioning with factor 4 on dimension 1.
remark: flash_attention.cpp:69:30: Sequential read of variable length has been inferred _XLX_SEP_ scevgepseqQ gmem0 VITIS_LOOP_69_1 flash_attention.cpp:69:30 flash_attention_hls(float*, float*, float*, float*, int, int, int)  _XLX_SEP_ loadreadfor.inc.load.13
remark: flash_attention.cpp:93:34: Sequential read of variable length has been inferred _XLX_SEP_ scevgep109seqK gmem1 VITIS_LOOP_93_3 flash_attention.cpp:93:34 flash_attention_hls(float*, float*, float*, float*, int, int, int)  _XLX_SEP_ loadreadfor.inc81.load.17
remark: flash_attention.cpp:93:34: Sequential read of variable length has been inferred _XLX_SEP_ scevgep110seqV gmem2 VITIS_LOOP_93_3 flash_attention.cpp:93:34 flash_attention_hls(float*, float*, float*, float*, int, int, int)  _XLX_SEP_ loadreadfor.inc81.load.26
remark: flash_attention.cpp:188:31: Sequential write of variable length has been inferred _XLX_SEP_ scevgep111seqO gmem3 VITIS_LOOP_188_5 flash_attention.cpp:188:31 flash_attention_hls(float*, float*, float*, float*, int, int, int)  _XLX_SEP_ storewritefor.inc273.store.18
remark: flash_attention.cpp:69:30: Stride is incompatible _XLX_SEP_ callreadscevgepseqQ gmem0 LOAD_Q flash_attention.cpp:68:9 flash_attention_hls(float*, float*, float*, float*, int, int, int) 
remark: flash_attention.cpp:93:34: Stride is incompatible _XLX_SEP_ callreadscevgep109seqK gmem1 LOAD_KV flash_attention.cpp:92:13 flash_attention_hls(float*, float*, float*, float*, int, int, int) 
remark: flash_attention.cpp:93:34: Stride is incompatible _XLX_SEP_ callreadscevgep110seqV gmem2 LOAD_KV flash_attention.cpp:92:13 flash_attention_hls(float*, float*, float*, float*, int, int, int) 
remark: flash_attention.cpp:188:31: Stride is incompatible _XLX_SEP_ callwritescevgep111seqO gmem3 STORE_O flash_attention.cpp:187:9 flash_attention_hls(float*, float*, float*, float*, int, int, int) 
remark: flash_attention.cpp:188:31: Could not widen since type float size is greater than or equal to the max_widen_bitwidth threshold of 0 _XLX_SEP_ callwritescevgep111seqO gmem3 VITIS_LOOP_188_5 flash_attention.cpp:188:31 flash_attention_hls(float*, float*, float*, float*, int, int, int) 
remark: flash_attention.cpp:93:34: Could not widen since type float size is greater than or equal to the max_widen_bitwidth threshold of 0 _XLX_SEP_ callreadscevgep109seqK gmem1 VITIS_LOOP_93_3 flash_attention.cpp:93:34 flash_attention_hls(float*, float*, float*, float*, int, int, int) 
remark: flash_attention.cpp:93:34: Could not widen since type float size is greater than or equal to the max_widen_bitwidth threshold of 0 _XLX_SEP_ callreadscevgep110seqV gmem2 VITIS_LOOP_93_3 flash_attention.cpp:93:34 flash_attention_hls(float*, float*, float*, float*, int, int, int) 
remark: flash_attention.cpp:69:30: Could not widen since type float size is greater than or equal to the max_widen_bitwidth threshold of 0 _XLX_SEP_ callreadscevgepseqQ gmem0 VITIS_LOOP_69_1 flash_attention.cpp:69:30 flash_attention_hls(float*, float*, float*, float*, int, int, int) 
remark: automatically set the pipeline for Loop< UPDATE_ACC> at flash_attention.cpp:172:17 
remark: automatically set the pipeline for Loop< VITIS_LOOP_160_4> at flash_attention.cpp:160:39 
remark: flash_attention.cpp:69:30: Multiple burst reads of variable length and bit width 32 has been inferred. These burst requests might be further partitioned into multiple requests during RTL generation, based on max_read_burst_length or max_write_burst_length settings. _XLX_SEP_ seq gmem0 VITIS_LOOP_69_1 flash_attention.cpp:69:30 flash_attention_hls(float*, float*, float*, float*, int, int, int) 
remark: flash_attention.cpp:69:30: Multiple burst reads of variable length and bit width 32 in loop 'VITIS_LOOP_69_1'(flash_attention.cpp:69:30) has been inferred on bundle 'gmem0'. These burst requests might be further partitioned into multiple requests during RTL generation, based on max_read_burst_length or max_write_burst_length settings.
remark: flash_attention.cpp:93:34: Multiple burst reads of variable length and bit width 32 has been inferred. These burst requests might be further partitioned into multiple requests during RTL generation, based on max_read_burst_length or max_write_burst_length settings. _XLX_SEP_ seq1 gmem1 VITIS_LOOP_93_3 flash_attention.cpp:93:34 flash_attention_hls(float*, float*, float*, float*, int, int, int) 
remark: flash_attention.cpp:93:34: Multiple burst reads of variable length and bit width 32 in loop 'VITIS_LOOP_93_3'(flash_attention.cpp:93:34) has been inferred on bundle 'gmem1'. These burst requests might be further partitioned into multiple requests during RTL generation, based on max_read_burst_length or max_write_burst_length settings.
remark: flash_attention.cpp:93:34: Multiple burst reads of variable length and bit width 32 has been inferred. These burst requests might be further partitioned into multiple requests during RTL generation, based on max_read_burst_length or max_write_burst_length settings. _XLX_SEP_ seq2 gmem2 VITIS_LOOP_93_3 flash_attention.cpp:93:34 flash_attention_hls(float*, float*, float*, float*, int, int, int) 
remark: flash_attention.cpp:93:34: Multiple burst reads of variable length and bit width 32 in loop 'VITIS_LOOP_93_3'(flash_attention.cpp:93:34) has been inferred on bundle 'gmem2'. These burst requests might be further partitioned into multiple requests during RTL generation, based on max_read_burst_length or max_write_burst_length settings.
remark: flash_attention.cpp:188:31: Multiple burst writes of variable length and bit width 32 has been inferred. These burst requests might be further partitioned into multiple requests during RTL generation, based on max_read_burst_length or max_write_burst_length settings. _XLX_SEP_ seq3 gmem3 VITIS_LOOP_188_5 flash_attention.cpp:188:31 flash_attention_hls(float*, float*, float*, float*, int, int, int) 
remark: flash_attention.cpp:188:31: Multiple burst writes of variable length and bit width 32 in loop 'VITIS_LOOP_188_5'(flash_attention.cpp:188:31) has been inferred on bundle 'gmem3'. These burst requests might be further partitioned into multiple requests during RTL generation, based on max_read_burst_length or max_write_burst_length settings.
===-------------------------------------------------------------------------===
                         Miscellaneous Ungrouped Timers
===-------------------------------------------------------------------------===

   ---User Time---   --System Time--   --User+System--   ---Wall Time---  --- Name ---
   0.5122 (100.0%)   0.0435 (100.0%)   0.5557 (100.0%)   0.6095 (100.0%)  Code Generation Time
   0.5122 (100.0%)   0.0435 (100.0%)   0.5557 (100.0%)   0.6095 (100.0%)  Total

===-------------------------------------------------------------------------===
                      ... Pass execution timing report ...
===-------------------------------------------------------------------------===
  Total Execution Time: 0.5142 seconds (0.5695 wall clock)

   ---User Time---   --System Time--   --User+System--   ---Wall Time---  --- Name ---
   0.0068 (  1.4%)   0.0009 (  2.1%)   0.0077 (  1.5%)   0.0147 (  2.6%)  Generate HLS compatible IR
   0.0120 (  2.5%)   0.0000 (  0.0%)   0.0120 (  2.3%)   0.0121 (  2.1%)  LoopDepAnalysis - Reflow Loop Dependence Annotation
   0.0108 (  2.3%)   0.0009 (  2.1%)   0.0117 (  2.3%)   0.0118 (  2.1%)  Loop Invariant Code Motion
   0.0047 (  1.0%)   0.0039 (  9.2%)   0.0086 (  1.7%)   0.0086 (  1.5%)  Auto automatic array partition analysis
   0.0000 (  0.0%)   0.0005 (  1.2%)   0.0005 (  0.1%)   0.0084 (  1.5%)  Collect complexity metrics for FE reflow
   0.0066 (  1.4%)   0.0011 (  2.7%)   0.0078 (  1.5%)   0.0078 (  1.4%)  Automatic array partition transformation
   0.0021 (  0.4%)   0.0007 (  1.7%)   0.0028 (  0.5%)   0.0070 (  1.2%)  Detach IR Wrapper
   0.0045 (  1.0%)   0.0019 (  4.4%)   0.0064 (  1.2%)   0.0064 (  1.1%)  PredicateAnalyzer - Predidate Analysis
   0.0063 (  1.3%)   0.0000 (  0.0%)   0.0063 (  1.2%)   0.0064 (  1.1%)  LoopDepAnalysis - Reflow Loop Dependence Annotation
   0.0061 (  1.3%)   0.0000 (  0.0%)   0.0061 (  1.2%)   0.0061 (  1.1%)  Induction Variable Simplification
   0.0041 (  0.9%)   0.0020 (  4.6%)   0.0061 (  1.2%)   0.0061 (  1.1%)  Auto automatic array partition analysis
   0.0052 (  1.1%)   0.0009 (  2.1%)   0.0060 (  1.2%)   0.0061 (  1.1%)  Auto automatic array partition analysis
   0.0051 (  1.1%)   0.0000 (  0.0%)   0.0051 (  1.0%)   0.0051 (  0.9%)  Auto automatic array partition analysis
   0.0000 (  0.0%)   0.0007 (  1.6%)   0.0007 (  0.1%)   0.0049 (  0.9%)  Print module to file
   0.0047 (  1.0%)   0.0000 (  0.1%)   0.0047 (  0.9%)   0.0048 (  0.8%)  PredicateAnalyzer - Predidate Analysis
   0.0040 (  0.9%)   0.0000 (  0.0%)   0.0040 (  0.8%)   0.0040 (  0.7%)  Memory SSA
   0.0039 (  0.8%)   0.0000 (  0.0%)   0.0039 (  0.8%)   0.0039 (  0.7%)  Memory SSA
   0.0035 (  0.7%)   0.0000 (  0.0%)   0.0035 (  0.7%)   0.0035 (  0.6%)  Global Value Numbering
   0.0034 (  0.7%)   0.0000 (  0.0%)   0.0034 (  0.7%)   0.0034 (  0.6%)  Build loop flatten cost model
   0.0033 (  0.7%)   0.0000 (  0.0%)   0.0033 (  0.7%)   0.0034 (  0.6%)  Loop Invariant Code Motion
   0.0028 (  0.6%)   0.0005 (  1.2%)   0.0033 (  0.6%)   0.0033 (  0.6%)  Reflow pragma unroll loops
   0.0030 (  0.6%)   0.0000 (  0.0%)   0.0030 (  0.6%)   0.0030 (  0.5%)  Lower intermediate type generated by HLSGen
   0.0021 (  0.4%)   0.0009 (  2.1%)   0.0030 (  0.6%)   0.0030 (  0.5%)  ArrayPartition - Partition Arrays into Banks
   0.0029 (  0.6%)   0.0000 (  0.0%)   0.0029 (  0.6%)   0.0029 (  0.5%)  Memory SSA
   0.0029 (  0.6%)   0.0000 (  0.0%)   0.0029 (  0.6%)   0.0029 (  0.5%)  Loop Invariant Code Motion
   0.0029 (  0.6%)   0.0000 (  0.0%)   0.0029 (  0.6%)   0.0029 (  0.5%)  Memory SSA
   0.0027 (  0.6%)   0.0002 (  0.5%)   0.0029 (  0.6%)   0.0029 (  0.5%)  Memory SSA
   0.0029 (  0.6%)   0.0000 (  0.0%)   0.0029 (  0.6%)   0.0029 (  0.5%)  Memory SSA
   0.0029 (  0.6%)   0.0000 (  0.0%)   0.0029 (  0.6%)   0.0029 (  0.5%)  Loop Invariant Code Motion
   0.0029 (  0.6%)   0.0000 (  0.0%)   0.0029 (  0.6%)   0.0029 (  0.5%)  Memory SSA
   0.0029 (  0.6%)   0.0000 (  0.0%)   0.0029 (  0.6%)   0.0029 (  0.5%)  Memory SSA
   0.0029 (  0.6%)   0.0000 (  0.0%)   0.0029 (  0.6%)   0.0029 (  0.5%)  Loop Invariant Code Motion
   0.0029 (  0.6%)   0.0000 (  0.0%)   0.0029 (  0.6%)   0.0029 (  0.5%)  Memory SSA
   0.0028 (  0.6%)   0.0000 (  0.0%)   0.0028 (  0.6%)   0.0029 (  0.5%)  Memory SSA
   0.0021 (  0.5%)   0.0007 (  1.6%)   0.0028 (  0.5%)   0.0028 (  0.5%)  Induction Variable Simplification
   0.0028 (  0.6%)   0.0000 (  0.0%)   0.0028 (  0.5%)   0.0028 (  0.5%)  Global Value Numbering
   0.0028 (  0.6%)   0.0000 (  0.0%)   0.0028 (  0.5%)   0.0028 (  0.5%)  Analyze sequential accesses
   0.0018 (  0.4%)   0.0009 (  2.1%)   0.0027 (  0.5%)   0.0027 (  0.5%)  AlignMemory - Align memory accesses
   0.0027 (  0.6%)   0.0000 (  0.0%)   0.0027 (  0.5%)   0.0027 (  0.5%)  Memory SSA
   0.0027 (  0.6%)   0.0000 (  0.0%)   0.0027 (  0.5%)   0.0027 (  0.5%)  Memory SSA
   0.0027 (  0.6%)   0.0000 (  0.0%)   0.0027 (  0.5%)   0.0027 (  0.5%)  Memory SSA
   0.0027 (  0.6%)   0.0000 (  0.0%)   0.0027 (  0.5%)   0.0027 (  0.5%)  Global Value Numbering
   0.0000 (  0.0%)   0.0004 (  0.9%)   0.0004 (  0.1%)   0.0027 (  0.5%)  Collect complexity metrics for FE reflow
   0.0027 (  0.6%)   0.0000 (  0.0%)   0.0027 (  0.5%)   0.0027 (  0.5%)  Memory SSA
   0.0026 (  0.6%)   0.0000 (  0.0%)   0.0026 (  0.5%)   0.0026 (  0.5%)  Global Value Numbering
   0.0026 (  0.5%)   0.0000 (  0.0%)   0.0026 (  0.5%)   0.0026 (  0.5%)  Induction Variable Simplification
   0.0026 (  0.5%)   0.0000 (  0.0%)   0.0026 (  0.5%)   0.0026 (  0.5%)  Induction Variable Simplification
   0.0026 (  0.5%)   0.0000 (  0.0%)   0.0026 (  0.5%)   0.0026 (  0.5%)  Global Value Numbering
   0.0000 (  0.0%)   0.0005 (  1.2%)   0.0005 (  0.1%)   0.0026 (  0.4%)  Collect complexity metrics for FE reflow
   0.0025 (  0.5%)   0.0000 (  0.0%)   0.0025 (  0.5%)   0.0026 (  0.4%)  Global Value Numbering
   0.0000 (  0.0%)   0.0005 (  1.1%)   0.0005 (  0.1%)   0.0025 (  0.4%)  Collect complexity metrics for FE reflow
   0.0024 (  0.5%)   0.0000 (  0.0%)   0.0025 (  0.5%)   0.0025 (  0.4%)  Induction Variable Simplification
   0.0024 (  0.5%)   0.0000 (  0.0%)   0.0024 (  0.5%)   0.0025 (  0.4%)  Value Propagation
   0.0000 (  0.0%)   0.0005 (  1.1%)   0.0005 (  0.1%)   0.0024 (  0.4%)  Collect complexity metrics for FE reflow
   0.0021 (  0.5%)   0.0003 (  0.7%)   0.0024 (  0.5%)   0.0024 (  0.4%)  AlignMemory - Align memory accesses
   0.0024 (  0.5%)   0.0000 (  0.0%)   0.0024 (  0.5%)   0.0024 (  0.4%)  Induction Variable Simplification
   0.0000 (  0.0%)   0.0004 (  0.8%)   0.0004 (  0.1%)   0.0024 (  0.4%)  Collect complexity metrics for FE reflow
   0.0015 (  0.3%)   0.0009 (  2.2%)   0.0024 (  0.5%)   0.0024 (  0.4%)  Induction Variable Simplification
   0.0024 (  0.5%)   0.0000 (  0.0%)   0.0024 (  0.5%)   0.0024 (  0.4%)  AlignMemory - Align memory accesses
   0.0019 (  0.4%)   0.0005 (  1.2%)   0.0024 (  0.5%)   0.0024 (  0.4%)  Induction Variable Simplification
   0.0024 (  0.5%)   0.0000 (  0.0%)   0.0024 (  0.5%)   0.0024 (  0.4%)  AlignMemory - Align memory accesses
   0.0004 (  0.1%)   0.0000 (  0.0%)   0.0004 (  0.1%)   0.0024 (  0.4%)  Collect complexity metrics for FE reflow
   0.0016 (  0.3%)   0.0008 (  1.8%)   0.0024 (  0.5%)   0.0024 (  0.4%)  AlignMemory - Align memory accesses
   0.0024 (  0.5%)   0.0000 (  0.0%)   0.0024 (  0.5%)   0.0024 (  0.4%)  AlignMemory - Align memory accesses
   0.0023 (  0.5%)   0.0000 (  0.0%)   0.0023 (  0.5%)   0.0023 (  0.4%)  AlignMemory - Align memory accesses
   0.0004 (  0.1%)   0.0000 (  0.0%)   0.0004 (  0.1%)   0.0022 (  0.4%)  Collect complexity metrics for FE reflow
   0.0004 (  0.1%)   0.0000 (  0.0%)   0.0004 (  0.1%)   0.0022 (  0.4%)  Collect complexity metrics for FE reflow
   0.0021 (  0.5%)   0.0000 (  0.1%)   0.0022 (  0.4%)   0.0022 (  0.4%)  Global Value Numbering
   0.0000 (  0.0%)   0.0004 (  1.0%)   0.0004 (  0.1%)   0.0022 (  0.4%)  Collect complexity metrics for FE reflow
   0.0021 (  0.4%)   0.0000 (  0.0%)   0.0021 (  0.4%)   0.0021 (  0.4%)  Global Value Numbering
   0.0021 (  0.4%)   0.0000 (  0.0%)   0.0021 (  0.4%)   0.0021 (  0.4%)  Global Value Numbering
   0.0020 (  0.4%)   0.0000 (  0.1%)   0.0021 (  0.4%)   0.0021 (  0.4%)  Global Value Numbering
   0.0021 (  0.4%)   0.0000 (  0.0%)   0.0021 (  0.4%)   0.0021 (  0.4%)  Global Value Numbering
   0.0021 (  0.4%)   0.0000 (  0.0%)   0.0021 (  0.4%)   0.0021 (  0.4%)  Global Value Numbering
   0.0021 (  0.4%)   0.0000 (  0.0%)   0.0021 (  0.4%)   0.0021 (  0.4%)  Global Value Numbering
   0.0021 (  0.4%)   0.0000 (  0.0%)   0.0021 (  0.4%)   0.0021 (  0.4%)  Global Value Numbering
   0.0021 (  0.4%)   0.0000 (  0.0%)   0.0021 (  0.4%)   0.0021 (  0.4%)  Global Value Numbering
   0.0021 (  0.4%)   0.0000 (  0.0%)   0.0021 (  0.4%)   0.0021 (  0.4%)  Global Value Numbering
   0.0021 (  0.4%)   0.0000 (  0.0%)   0.0021 (  0.4%)   0.0021 (  0.4%)  Value Propagation
   0.0020 (  0.4%)   0.0000 (  0.0%)   0.0020 (  0.4%)   0.0021 (  0.4%)  Global Value Numbering
   0.0020 (  0.4%)   0.0000 (  0.0%)   0.0020 (  0.4%)   0.0021 (  0.4%)  Global Value Numbering
   0.0020 (  0.4%)   0.0000 (  0.0%)   0.0020 (  0.4%)   0.0020 (  0.4%)  Value Propagation
   0.0020 (  0.4%)   0.0000 (  0.1%)   0.0020 (  0.4%)   0.0020 (  0.4%)  Global Value Numbering
   0.0020 (  0.4%)   0.0000 (  0.1%)   0.0020 (  0.4%)   0.0020 (  0.4%)  Value Propagation
   0.0020 (  0.4%)   0.0000 (  0.0%)   0.0020 (  0.4%)   0.0020 (  0.4%)  Global Value Numbering
   0.0020 (  0.4%)   0.0000 (  0.0%)   0.0020 (  0.4%)   0.0020 (  0.4%)  Value Propagation
   0.0020 (  0.4%)   0.0000 (  0.1%)   0.0020 (  0.4%)   0.0020 (  0.4%)  Global Value Numbering
   0.0020 (  0.4%)   0.0000 (  0.0%)   0.0020 (  0.4%)   0.0020 (  0.4%)  Value Propagation
   0.0008 (  0.2%)   0.0012 (  2.8%)   0.0020 (  0.4%)   0.0020 (  0.4%)  Bitcode for HLS
   0.0020 (  0.4%)   0.0000 (  0.0%)   0.0020 (  0.4%)   0.0020 (  0.3%)  Value Propagation
   0.0020 (  0.4%)   0.0000 (  0.0%)   0.0020 (  0.4%)   0.0020 (  0.3%)  Undecay arrays
   0.0020 (  0.4%)   0.0000 (  0.0%)   0.0020 (  0.4%)   0.0020 (  0.3%)  Lower HLS related loops
   0.0003 (  0.1%)   0.0000 (  0.0%)   0.0003 (  0.1%)   0.0020 (  0.3%)  dump pragma info via xml format
   0.0004 (  0.1%)   0.0000 (  0.0%)   0.0004 (  0.1%)   0.0019 (  0.3%)  Collect complexity metrics for FE reflow
   0.0000 (  0.0%)   0.0004 (  0.9%)   0.0004 (  0.1%)   0.0019 (  0.3%)  Collect complexity metrics for FE reflow
   0.0002 (  0.0%)   0.0001 (  0.3%)   0.0003 (  0.1%)   0.0018 (  0.3%)  Collect complexity metrics for FE reflow
   0.0004 (  0.1%)   0.0001 (  0.3%)   0.0005 (  0.1%)   0.0018 (  0.3%)  Collect complexity metrics for FE reflow
   0.0018 (  0.4%)   0.0000 (  0.0%)   0.0018 (  0.4%)   0.0018 (  0.3%)   automatic function inline driven by performance to break up circuit dependence
   0.0018 (  0.4%)   0.0000 (  0.0%)   0.0018 (  0.3%)   0.0018 (  0.3%)   automatic function inline driven by performance to break up circuit dependence
   0.0003 (  0.1%)   0.0000 (  0.0%)   0.0003 (  0.1%)   0.0018 (  0.3%)  Collect complexity metrics for FE reflow
   0.0017 (  0.4%)   0.0000 (  0.0%)   0.0017 (  0.3%)   0.0017 (  0.3%)  AlignMemory - Align memory accesses
   0.0017 (  0.4%)   0.0000 (  0.1%)   0.0017 (  0.3%)   0.0017 (  0.3%)  Value Propagation
   0.0017 (  0.4%)   0.0000 (  0.0%)   0.0017 (  0.3%)   0.0017 (  0.3%)  AlignMemory - Align memory accesses
   0.0016 (  0.3%)   0.0000 (  0.0%)   0.0016 (  0.3%)   0.0016 (  0.3%)  SeqAccessesInference - Infer Sequential accesses for HLS C/C++
   0.0016 (  0.3%)   0.0000 (  0.1%)   0.0016 (  0.3%)   0.0016 (  0.3%)  Value Propagation
   0.0016 (  0.3%)   0.0000 (  0.0%)   0.0016 (  0.3%)   0.0016 (  0.3%)  Value Propagation
   0.0016 (  0.3%)   0.0000 (  0.0%)   0.0016 (  0.3%)   0.0016 (  0.3%)  Value Propagation
   0.0016 (  0.3%)   0.0000 (  0.0%)   0.0016 (  0.3%)   0.0016 (  0.3%)  Global Value Numbering
   0.0015 (  0.3%)   0.0001 (  0.3%)   0.0016 (  0.3%)   0.0016 (  0.3%)  Value Propagation
   0.0016 (  0.3%)   0.0000 (  0.0%)   0.0016 (  0.3%)   0.0016 (  0.3%)  Global Value Numbering
   0.0000 (  0.0%)   0.0003 (  0.6%)   0.0003 (  0.1%)   0.0016 (  0.3%)  Collect complexity metrics for FE reflow
   0.0007 (  0.1%)   0.0009 (  2.1%)   0.0016 (  0.3%)   0.0016 (  0.3%)  Value Propagation
   0.0014 (  0.3%)   0.0001 (  0.3%)   0.0016 (  0.3%)   0.0016 (  0.3%)  Value Propagation
   0.0015 (  0.3%)   0.0000 (  0.0%)   0.0015 (  0.3%)   0.0016 (  0.3%)  Value Propagation
   0.0015 (  0.3%)   0.0000 (  0.0%)   0.0015 (  0.3%)   0.0015 (  0.3%)  Value Propagation
   0.0003 (  0.1%)   0.0000 (  0.0%)   0.0003 (  0.1%)   0.0015 (  0.3%)  Collect complexity metrics for FE reflow
   0.0015 (  0.3%)   0.0000 (  0.1%)   0.0015 (  0.3%)   0.0015 (  0.3%)  Global Value Numbering
   0.0015 (  0.3%)   0.0000 (  0.0%)   0.0015 (  0.3%)   0.0015 (  0.3%)  Jump Threading
   0.0015 (  0.3%)   0.0000 (  0.0%)   0.0015 (  0.3%)   0.0015 (  0.3%)  Value Propagation
   0.0015 (  0.3%)   0.0000 (  0.0%)   0.0015 (  0.3%)   0.0015 (  0.3%)  Global Value Numbering
   0.0015 (  0.3%)   0.0000 (  0.0%)   0.0015 (  0.3%)   0.0015 (  0.3%)  Global Value Numbering
   0.0014 (  0.3%)   0.0001 (  0.2%)   0.0015 (  0.3%)   0.0015 (  0.3%)  Global Value Numbering
   0.0015 (  0.3%)   0.0000 (  0.0%)   0.0015 (  0.3%)   0.0015 (  0.3%)  Global Value Numbering
   0.0015 (  0.3%)   0.0000 (  0.0%)   0.0015 (  0.3%)   0.0015 (  0.3%)  Global Value Numbering
   0.0015 (  0.3%)   0.0000 (  0.0%)   0.0015 (  0.3%)   0.0015 (  0.3%)  Global Value Numbering
   0.0015 (  0.3%)   0.0000 (  0.0%)   0.0015 (  0.3%)   0.0015 (  0.3%)  Global Value Numbering
   0.0015 (  0.3%)   0.0000 (  0.0%)   0.0015 (  0.3%)   0.0015 (  0.3%)  Global Value Numbering
   0.0015 (  0.3%)   0.0000 (  0.0%)   0.0015 (  0.3%)   0.0015 (  0.3%)  Global Value Numbering
   0.0015 (  0.3%)   0.0000 (  0.0%)   0.0015 (  0.3%)   0.0015 (  0.3%)  Jump Threading
   0.0015 (  0.3%)   0.0000 (  0.1%)   0.0015 (  0.3%)   0.0015 (  0.3%)  Global Value Numbering
   0.0015 (  0.3%)   0.0000 (  0.0%)   0.0015 (  0.3%)   0.0015 (  0.3%)  Global Value Numbering
   0.0015 (  0.3%)   0.0000 (  0.0%)   0.0015 (  0.3%)   0.0015 (  0.3%)  Global Value Numbering
   0.0015 (  0.3%)   0.0000 (  0.0%)   0.0015 (  0.3%)   0.0015 (  0.3%)  Global Value Numbering
   0.0015 (  0.3%)   0.0000 (  0.0%)   0.0015 (  0.3%)   0.0015 (  0.3%)  Global Value Numbering
   0.0015 (  0.3%)   0.0000 (  0.0%)   0.0015 (  0.3%)   0.0015 (  0.3%)  Global Value Numbering
   0.0014 (  0.3%)   0.0000 (  0.0%)   0.0014 (  0.3%)   0.0014 (  0.3%)  Automatically infer occurrence information
   0.0014 (  0.3%)   0.0000 (  0.0%)   0.0014 (  0.3%)   0.0014 (  0.3%)  Global Value Numbering
   0.0014 (  0.3%)   0.0000 (  0.0%)   0.0014 (  0.3%)   0.0014 (  0.3%)  Merge accesses
   0.0014 (  0.3%)   0.0000 (  0.0%)   0.0014 (  0.3%)   0.0014 (  0.2%)  Merge accesses
   0.0013 (  0.3%)   0.0000 (  0.0%)   0.0013 (  0.3%)   0.0014 (  0.2%)  Reflow pragma unroll loops
   0.0013 (  0.3%)   0.0000 (  0.1%)   0.0013 (  0.3%)   0.0013 (  0.2%)  Rotate Loops
   0.0013 (  0.3%)   0.0000 (  0.0%)   0.0013 (  0.3%)   0.0013 (  0.2%)  Array out of bound check
   0.0013 (  0.3%)   0.0000 (  0.0%)   0.0013 (  0.2%)   0.0013 (  0.2%)  Loop Load Elimination
   0.0003 (  0.1%)   0.0001 (  0.3%)   0.0005 (  0.1%)   0.0013 (  0.2%)  Dump HBM driver helper code
   0.0011 (  0.2%)   0.0000 (  0.0%)   0.0011 (  0.2%)   0.0011 (  0.2%)  Jump Threading
   0.0010 (  0.2%)   0.0001 (  0.1%)   0.0011 (  0.2%)   0.0011 (  0.2%)  Synthesis checker
   0.0011 (  0.2%)   0.0000 (  0.0%)   0.0011 (  0.2%)   0.0011 (  0.2%)  Merge accesses
   0.0007 (  0.1%)   0.0004 (  1.0%)   0.0011 (  0.2%)   0.0011 (  0.2%)  Merge accesses
   0.0011 (  0.2%)   0.0000 (  0.0%)   0.0011 (  0.2%)   0.0011 (  0.2%)  Deduce function attributes
   0.0011 (  0.2%)   0.0000 (  0.0%)   0.0011 (  0.2%)   0.0011 (  0.2%)  LegacyShiftRegisterRecognize - Recognize shift registers and memory
   0.0011 (  0.2%)   0.0000 (  0.0%)   0.0011 (  0.2%)   0.0011 (  0.2%)  LegacyShiftRegisterRecognize - Recognize shift registers and memory
   0.0010 (  0.2%)   0.0000 (  0.0%)   0.0010 (  0.2%)   0.0011 (  0.2%)  Merge accesses
   0.0010 (  0.2%)   0.0000 (  0.0%)   0.0010 (  0.2%)   0.0010 (  0.2%)  Lower HLS related attributes
   0.0009 (  0.2%)   0.0001 (  0.2%)   0.0010 (  0.2%)   0.0010 (  0.2%)  Array out of bound check
   0.0010 (  0.2%)   0.0000 (  0.0%)   0.0010 (  0.2%)   0.0010 (  0.2%)  Array out of bound check
   0.0010 (  0.2%)   0.0000 (  0.0%)   0.0010 (  0.2%)   0.0010 (  0.2%)  Array out of bound check
   0.0010 (  0.2%)   0.0000 (  0.0%)   0.0010 (  0.2%)   0.0010 (  0.2%)  Synthesis checker
   0.0009 (  0.2%)   0.0001 (  0.2%)   0.0009 (  0.2%)   0.0010 (  0.2%)  Array out of bound check
   0.0009 (  0.2%)   0.0000 (  0.0%)   0.0009 (  0.2%)   0.0009 (  0.2%)  Early GVN Hoisting of Expressions
   0.0009 (  0.2%)   0.0000 (  0.0%)   0.0009 (  0.2%)   0.0009 (  0.2%)  ProduceBurstMessages - Produce Burst Messages
   0.0009 (  0.2%)   0.0000 (  0.0%)   0.0009 (  0.2%)   0.0009 (  0.2%)  Loop Invariant Code Motion
   0.0009 (  0.2%)   0.0000 (  0.0%)   0.0009 (  0.2%)   0.0009 (  0.2%)  Array out of bound check
   0.0009 (  0.2%)   0.0000 (  0.0%)   0.0009 (  0.2%)   0.0009 (  0.2%)  Reflow pipeline loop automatically
   0.0009 (  0.2%)   0.0000 (  0.0%)   0.0009 (  0.2%)   0.0009 (  0.2%)  Automatic data reuse optimization
   0.0008 (  0.2%)   0.0000 (  0.0%)   0.0008 (  0.2%)   0.0008 (  0.1%)  Reflow pragma unroll loops
   0.0006 (  0.1%)   0.0002 (  0.4%)   0.0008 (  0.2%)   0.0008 (  0.1%)  ReflowCheckPragmaConflicts - check pragma conflicts in reflow
   0.0008 (  0.2%)   0.0000 (  0.0%)   0.0008 (  0.2%)   0.0008 (  0.1%)  Reflow pragma unroll loops
   0.0008 (  0.2%)   0.0000 (  0.0%)   0.0008 (  0.1%)   0.0008 (  0.1%)  Reflow pragma unroll loops
   0.0007 (  0.2%)   0.0000 (  0.0%)   0.0008 (  0.1%)   0.0008 (  0.1%)  Early GVN Hoisting of Expressions
   0.0007 (  0.2%)   0.0000 (  0.0%)   0.0007 (  0.1%)   0.0007 (  0.1%)  Early GVN Hoisting of Expressions
   0.0007 (  0.2%)   0.0000 (  0.0%)   0.0007 (  0.1%)   0.0007 (  0.1%)  Reflow pragma unroll loops
   0.0000 (  0.0%)   0.0007 (  1.7%)   0.0007 (  0.1%)   0.0007 (  0.1%)  Memory Summary
   0.0007 (  0.2%)   0.0000 (  0.0%)   0.0007 (  0.1%)   0.0007 (  0.1%)  Early GVN Hoisting of Expressions
   0.0007 (  0.2%)   0.0000 (  0.0%)   0.0007 (  0.1%)   0.0007 (  0.1%)  Pragma preprocessing after clang
   0.0007 (  0.1%)   0.0000 (  0.0%)   0.0007 (  0.1%)   0.0007 (  0.1%)  AccessGroup - Group the memory access for the same object
   0.0006 (  0.1%)   0.0000 (  0.0%)   0.0007 (  0.1%)   0.0007 (  0.1%)  Memory SSA
   0.0007 (  0.1%)   0.0000 (  0.0%)   0.0007 (  0.1%)   0.0007 (  0.1%)  Memory SSA
   0.0006 (  0.1%)   0.0000 (  0.0%)   0.0006 (  0.1%)   0.0006 (  0.1%)  Memory SSA
   0.0006 (  0.1%)   0.0000 (  0.0%)   0.0006 (  0.1%)   0.0006 (  0.1%)  Memory SSA
   0.0006 (  0.1%)   0.0000 (  0.0%)   0.0006 (  0.1%)   0.0006 (  0.1%)  Memory SSA
   0.0006 (  0.1%)   0.0000 (  0.0%)   0.0006 (  0.1%)   0.0006 (  0.1%)  Memory Summary
   0.0006 (  0.1%)   0.0000 (  0.0%)   0.0006 (  0.1%)   0.0006 (  0.1%)  Memory SSA
   0.0006 (  0.1%)   0.0000 (  0.0%)   0.0006 (  0.1%)   0.0006 (  0.1%)  WidenBurst - Widen bursts
   0.0006 (  0.1%)   0.0000 (  0.0%)   0.0006 (  0.1%)   0.0006 (  0.1%)  Early GVN Hoisting of Expressions
   0.0006 (  0.1%)   0.0000 (  0.0%)   0.0006 (  0.1%)   0.0006 (  0.1%)  Early GVN Hoisting of Expressions
   0.0006 (  0.1%)   0.0000 (  0.0%)   0.0006 (  0.1%)   0.0006 (  0.1%)  Early GVN Hoisting of Expressions
   0.0006 (  0.1%)   0.0000 (  0.0%)   0.0006 (  0.1%)   0.0006 (  0.1%)  Straight line strength reduction
   0.0006 (  0.1%)   0.0000 (  0.0%)   0.0006 (  0.1%)   0.0006 (  0.1%)  Early GVN Hoisting of Expressions
   0.0003 (  0.1%)   0.0003 (  0.7%)   0.0006 (  0.1%)   0.0006 (  0.1%)  Dead Store Elimination
   0.0006 (  0.1%)   0.0000 (  0.0%)   0.0006 (  0.1%)   0.0006 (  0.1%)  Memory Summary
   0.0006 (  0.1%)   0.0000 (  0.0%)   0.0006 (  0.1%)   0.0006 (  0.1%)  Simplify the CFG
   0.0006 (  0.1%)   0.0000 (  0.0%)   0.0006 (  0.1%)   0.0006 (  0.1%)  Infer loop trip count
   0.0000 (  0.0%)   0.0006 (  1.3%)   0.0006 (  0.1%)   0.0006 (  0.1%)  Inliner for always_inline functions
   0.0006 (  0.1%)   0.0000 (  0.0%)   0.0006 (  0.1%)   0.0006 (  0.1%)  Early GVN Hoisting of Expressions
   0.0005 (  0.1%)   0.0000 (  0.0%)   0.0005 (  0.1%)   0.0005 (  0.1%)  Combine redundant instructions
   0.0004 (  0.1%)   0.0002 (  0.4%)   0.0005 (  0.1%)   0.0005 (  0.1%)  Deduce function attributes
   0.0005 (  0.1%)   0.0000 (  0.0%)   0.0005 (  0.1%)   0.0005 (  0.1%)  Early GVN Hoisting of Expressions
   0.0005 (  0.1%)   0.0000 (  0.0%)   0.0005 (  0.1%)   0.0005 (  0.1%)  Deduce function attributes
   0.0005 (  0.1%)   0.0000 (  0.0%)   0.0005 (  0.1%)   0.0005 (  0.1%)  Generate IR Wrapper
   0.0005 (  0.1%)   0.0000 (  0.0%)   0.0005 (  0.1%)   0.0005 (  0.1%)  Dead Store Elimination
   0.0005 (  0.1%)   0.0000 (  0.0%)   0.0005 (  0.1%)   0.0005 (  0.1%)  Loop Invariant Code Motion
   0.0005 (  0.1%)   0.0000 (  0.0%)   0.0005 (  0.1%)   0.0005 (  0.1%)  Dead Store Elimination
   0.0004 (  0.1%)   0.0001 (  0.1%)   0.0005 (  0.1%)   0.0005 (  0.1%)  Infer complete unroll based on pipeline pragma
   0.0005 (  0.1%)   0.0000 (  0.0%)   0.0005 (  0.1%)   0.0005 (  0.1%)  Simplify the CFG
   0.0005 (  0.1%)   0.0000 (  0.0%)   0.0005 (  0.1%)   0.0005 (  0.1%)  Value Propagation
   0.0005 (  0.1%)   0.0000 (  0.0%)   0.0005 (  0.1%)   0.0005 (  0.1%)  Memory Summary
   0.0004 (  0.1%)   0.0000 (  0.0%)   0.0004 (  0.1%)   0.0004 (  0.1%)  Dead Store Elimination
   0.0004 (  0.1%)   0.0000 (  0.0%)   0.0004 (  0.1%)   0.0004 (  0.1%)  Dead Store Elimination
   0.0003 (  0.1%)   0.0002 (  0.4%)   0.0004 (  0.1%)   0.0004 (  0.1%)  Deduce function attributes
   0.0004 (  0.1%)   0.0000 (  0.0%)   0.0004 (  0.1%)   0.0004 (  0.1%)  Dead Store Elimination
   0.0004 (  0.1%)   0.0000 (  0.0%)   0.0004 (  0.1%)   0.0004 (  0.1%)  Dead Store Elimination
   0.0004 (  0.1%)   0.0000 (  0.0%)   0.0004 (  0.1%)   0.0004 (  0.1%)  Dead Store Elimination
   0.0004 (  0.1%)   0.0000 (  0.0%)   0.0004 (  0.1%)   0.0004 (  0.1%)  Dead Store Elimination
   0.0004 (  0.1%)   0.0000 (  0.0%)   0.0004 (  0.1%)   0.0004 (  0.1%)  Dead Store Elimination
   0.0004 (  0.1%)   0.0000 (  0.1%)   0.0004 (  0.1%)   0.0004 (  0.1%)  Dead Store Elimination
   0.0004 (  0.1%)   0.0000 (  0.0%)   0.0004 (  0.1%)   0.0004 (  0.1%)  Dead Store Elimination
   0.0004 (  0.1%)   0.0000 (  0.0%)   0.0004 (  0.1%)   0.0004 (  0.1%)  Dead Store Elimination
   0.0004 (  0.1%)   0.0000 (  0.0%)   0.0004 (  0.1%)   0.0004 (  0.1%)  Dead Store Elimination
   0.0004 (  0.1%)   0.0000 (  0.0%)   0.0004 (  0.1%)   0.0004 (  0.1%)  Dead Store Elimination
   0.0004 (  0.1%)   0.0000 (  0.0%)   0.0004 (  0.1%)   0.0004 (  0.1%)  Dead Store Elimination
   0.0004 (  0.1%)   0.0000 (  0.0%)   0.0004 (  0.1%)   0.0004 (  0.1%)  Dead Store Elimination
   0.0004 (  0.1%)   0.0000 (  0.0%)   0.0004 (  0.1%)   0.0004 (  0.1%)  Dead Store Elimination
   0.0004 (  0.1%)   0.0000 (  0.0%)   0.0004 (  0.1%)   0.0004 (  0.1%)  Value Propagation
   0.0004 (  0.1%)   0.0000 (  0.0%)   0.0004 (  0.1%)   0.0004 (  0.1%)  Detect single entry single exit regions
   0.0004 (  0.1%)   0.0000 (  0.0%)   0.0004 (  0.1%)   0.0004 (  0.1%)  Detect single entry single exit regions
   0.0004 (  0.1%)   0.0000 (  0.0%)   0.0004 (  0.1%)   0.0004 (  0.1%)  Value Propagation
   0.0004 (  0.1%)   0.0000 (  0.0%)   0.0004 (  0.1%)   0.0004 (  0.1%)  Dominator Tree Construction
   0.0004 (  0.1%)   0.0000 (  0.0%)   0.0004 (  0.1%)   0.0004 (  0.1%)  Automatic inliner in reflow
   0.0003 (  0.1%)   0.0000 (  0.0%)   0.0003 (  0.1%)   0.0003 (  0.1%)  Dominator Tree Construction
   0.0003 (  0.1%)   0.0000 (  0.0%)   0.0003 (  0.1%)   0.0003 (  0.1%)  Dominator Tree Construction
   0.0003 (  0.1%)   0.0000 (  0.0%)   0.0003 (  0.1%)   0.0003 (  0.1%)  Dominator Tree Construction
   0.0003 (  0.1%)   0.0000 (  0.0%)   0.0003 (  0.1%)   0.0003 (  0.1%)  Simplify the CFG
   0.0003 (  0.1%)   0.0000 (  0.0%)   0.0003 (  0.1%)   0.0003 (  0.1%)  Combine redundant instructions
   0.0002 (  0.1%)   0.0001 (  0.2%)   0.0003 (  0.1%)   0.0003 (  0.1%)  Dominator Tree Construction
   0.0003 (  0.1%)   0.0000 (  0.0%)   0.0003 (  0.1%)   0.0003 (  0.1%)  Infer complete unroll based on pipeline pragma
   0.0003 (  0.1%)   0.0000 (  0.0%)   0.0003 (  0.1%)   0.0003 (  0.1%)  Post-Dominator Tree Construction
   0.0003 (  0.1%)   0.0000 (  0.0%)   0.0003 (  0.1%)   0.0003 (  0.1%)  Dead Store Elimination
   0.0003 (  0.1%)   0.0000 (  0.0%)   0.0003 (  0.1%)   0.0003 (  0.1%)  Post-Dominator Tree Construction
   0.0003 (  0.1%)   0.0000 (  0.0%)   0.0003 (  0.1%)   0.0003 (  0.1%)  MemSSAOpt - Memory SSA based optimizations
   0.0003 (  0.1%)   0.0000 (  0.0%)   0.0003 (  0.1%)   0.0003 (  0.1%)  Dead Store Elimination
   0.0003 (  0.1%)   0.0000 (  0.0%)   0.0003 (  0.1%)   0.0003 (  0.1%)  Dead Store Elimination
   0.0003 (  0.1%)   0.0000 (  0.0%)   0.0003 (  0.1%)   0.0003 (  0.1%)  Dead Store Elimination
   0.0003 (  0.1%)   0.0000 (  0.0%)   0.0003 (  0.1%)   0.0003 (  0.1%)  Interprocedural Sparse Conditional Constant Propagation
   0.0003 (  0.1%)   0.0000 (  0.1%)   0.0003 (  0.1%)   0.0003 (  0.1%)  Dead Store Elimination
   0.0003 (  0.1%)   0.0000 (  0.0%)   0.0003 (  0.1%)   0.0003 (  0.1%)  Dead Store Elimination
   0.0003 (  0.1%)   0.0000 (  0.0%)   0.0003 (  0.1%)   0.0003 (  0.1%)  Dead Store Elimination
   0.0003 (  0.1%)   0.0000 (  0.0%)   0.0003 (  0.1%)   0.0003 (  0.1%)  Dead Store Elimination
   0.0003 (  0.1%)   0.0000 (  0.0%)   0.0003 (  0.1%)   0.0003 (  0.1%)  Dead Store Elimination
   0.0003 (  0.1%)   0.0000 (  0.0%)   0.0003 (  0.1%)   0.0003 (  0.1%)  Dead Store Elimination
   0.0003 (  0.1%)   0.0000 (  0.0%)   0.0003 (  0.1%)   0.0003 (  0.1%)  Combine redundant instructions
   0.0003 (  0.1%)   0.0000 (  0.0%)   0.0003 (  0.1%)   0.0003 (  0.1%)  Aggressive Dead Code Elimination
   0.0003 (  0.1%)   0.0000 (  0.0%)   0.0003 (  0.1%)   0.0003 (  0.1%)  Dead Store Elimination
   0.0002 (  0.0%)   0.0001 (  0.1%)   0.0003 (  0.1%)   0.0003 (  0.1%)  Infer complete unroll based on pipeline pragma
   0.0003 (  0.1%)   0.0000 (  0.0%)   0.0003 (  0.1%)   0.0003 (  0.1%)  Dead Store Elimination
   0.0000 (  0.0%)   0.0003 (  0.7%)   0.0003 (  0.1%)   0.0003 (  0.1%)  Promote Memory to Register
   0.0003 (  0.1%)   0.0000 (  0.0%)   0.0003 (  0.1%)   0.0003 (  0.1%)  Produce message if basic block has too many instructions
   0.0003 (  0.1%)   0.0000 (  0.0%)   0.0003 (  0.1%)   0.0003 (  0.1%)  Combine redundant instructions
   0.0000 (  0.0%)   0.0002 (  0.6%)   0.0003 (  0.1%)   0.0003 (  0.0%)  Combine redundant instructions
   0.0003 (  0.1%)   0.0000 (  0.0%)   0.0003 (  0.1%)   0.0003 (  0.0%)  Dead Store Elimination
   0.0000 (  0.0%)   0.0002 (  0.6%)   0.0003 (  0.1%)   0.0003 (  0.0%)  Combine redundant instructions
   0.0003 (  0.1%)   0.0000 (  0.0%)   0.0003 (  0.1%)   0.0003 (  0.0%)  Combine redundant instructions
   0.0003 (  0.1%)   0.0000 (  0.0%)   0.0003 (  0.1%)   0.0003 (  0.0%)  Combine redundant instructions
   0.0003 (  0.1%)   0.0000 (  0.0%)   0.0003 (  0.1%)   0.0003 (  0.0%)  Combine redundant instructions
   0.0002 (  0.1%)   0.0000 (  0.0%)   0.0003 (  0.1%)   0.0003 (  0.0%)  Combine redundant instructions
   0.0000 (  0.0%)   0.0002 (  0.6%)   0.0003 (  0.1%)   0.0003 (  0.0%)  Combine redundant instructions
   0.0003 (  0.1%)   0.0000 (  0.0%)   0.0003 (  0.1%)   0.0003 (  0.0%)  Infer complete unroll based on pipeline pragma
   0.0003 (  0.1%)   0.0000 (  0.0%)   0.0003 (  0.1%)   0.0003 (  0.0%)  Combine redundant instructions
   0.0000 (  0.0%)   0.0002 (  0.6%)   0.0003 (  0.1%)   0.0003 (  0.0%)  Combine redundant instructions
   0.0003 (  0.1%)   0.0000 (  0.0%)   0.0003 (  0.1%)   0.0003 (  0.0%)  Aggressive Dead Code Elimination
   0.0002 (  0.1%)   0.0000 (  0.0%)   0.0003 (  0.1%)   0.0003 (  0.0%)  Combine redundant instructions
   0.0003 (  0.1%)   0.0000 (  0.0%)   0.0003 (  0.1%)   0.0003 (  0.0%)  Inliner for always_inline functions
   0.0003 (  0.1%)   0.0000 (  0.0%)   0.0003 (  0.1%)   0.0003 (  0.0%)  Combine redundant instructions
   0.0003 (  0.1%)   0.0000 (  0.0%)   0.0003 (  0.1%)   0.0003 (  0.0%)  Combine redundant instructions
   0.0002 (  0.1%)   0.0000 (  0.0%)   0.0003 (  0.1%)   0.0003 (  0.0%)  Aggressive Dead Code Elimination
   0.0003 (  0.1%)   0.0000 (  0.0%)   0.0003 (  0.1%)   0.0003 (  0.0%)  Combine redundant instructions
   0.0003 (  0.1%)   0.0000 (  0.0%)   0.0003 (  0.1%)   0.0003 (  0.0%)  Combine redundant instructions
   0.0000 (  0.0%)   0.0003 (  0.6%)   0.0003 (  0.0%)   0.0003 (  0.0%)  Simplify types in the LLVM IR, redundant type hierarchy
   0.0003 (  0.1%)   0.0000 (  0.0%)   0.0003 (  0.1%)   0.0003 (  0.0%)  Combine redundant instructions
   0.0003 (  0.1%)   0.0000 (  0.0%)   0.0003 (  0.0%)   0.0003 (  0.0%)  Canonicalize natural loops
   0.0003 (  0.1%)   0.0000 (  0.0%)   0.0003 (  0.0%)   0.0003 (  0.0%)  Combine redundant instructions
   0.0002 (  0.0%)   0.0000 (  0.0%)   0.0003 (  0.0%)   0.0003 (  0.0%)  Dominator Tree Construction
   0.0002 (  0.1%)   0.0000 (  0.0%)   0.0002 (  0.0%)   0.0003 (  0.0%)  Dominator Tree Construction
   0.0002 (  0.1%)   0.0000 (  0.0%)   0.0002 (  0.0%)   0.0002 (  0.0%)  Combine redundant instructions
   0.0003 (  0.1%)   0.0000 (  0.0%)   0.0003 (  0.0%)   0.0002 (  0.0%)  Combine redundant instructions
   0.0000 (  0.0%)   0.0002 (  0.6%)   0.0002 (  0.0%)   0.0002 (  0.0%)  Interprocedural Sparse Conditional Constant Propagation
   0.0002 (  0.1%)   0.0000 (  0.0%)   0.0002 (  0.0%)   0.0002 (  0.0%)  Aggressive Dead Code Elimination
   0.0002 (  0.0%)   0.0000 (  0.0%)   0.0002 (  0.0%)   0.0002 (  0.0%)  Dominator Tree Construction
   0.0000 (  0.0%)   0.0002 (  0.5%)   0.0002 (  0.0%)   0.0002 (  0.0%)  Aggressive Dead Code Elimination
   0.0002 (  0.0%)   0.0000 (  0.0%)   0.0002 (  0.0%)   0.0002 (  0.0%)  Simplify the CFG
   0.0002 (  0.0%)   0.0000 (  0.1%)   0.0002 (  0.0%)   0.0002 (  0.0%)  Simplify the CFG
   0.0002 (  0.0%)   0.0000 (  0.0%)   0.0002 (  0.0%)   0.0002 (  0.0%)  Combine redundant instructions
   0.0002 (  0.0%)   0.0000 (  0.0%)   0.0002 (  0.0%)   0.0002 (  0.0%)  Dominance Frontier Construction
   0.0002 (  0.0%)   0.0000 (  0.0%)   0.0002 (  0.0%)   0.0002 (  0.0%)  Simplify the CFG
   0.0002 (  0.0%)   0.0000 (  0.0%)   0.0002 (  0.0%)   0.0002 (  0.0%)  Simplify the CFG
   0.0002 (  0.0%)   0.0000 (  0.0%)   0.0002 (  0.0%)   0.0002 (  0.0%)  RemoveConflictingBurst - Remove port conflicting bursts
   0.0002 (  0.0%)   0.0000 (  0.0%)   0.0002 (  0.0%)   0.0002 (  0.0%)  Dominance Frontier Construction
   0.0002 (  0.0%)   0.0000 (  0.0%)   0.0002 (  0.0%)   0.0002 (  0.0%)  Aggressive Dead Code Elimination
   0.0002 (  0.0%)   0.0000 (  0.0%)   0.0002 (  0.0%)   0.0002 (  0.0%)  Natural Loop Information
   0.0002 (  0.0%)   0.0000 (  0.0%)   0.0002 (  0.0%)   0.0002 (  0.0%)  Simplify the CFG
   0.0002 (  0.0%)   0.0000 (  0.0%)   0.0002 (  0.0%)   0.0002 (  0.0%)  Natural Loop Information
   0.0002 (  0.0%)   0.0000 (  0.0%)   0.0002 (  0.0%)   0.0002 (  0.0%)  Aggressive Dead Code Elimination
   0.0002 (  0.0%)   0.0000 (  0.0%)   0.0002 (  0.0%)   0.0002 (  0.0%)  Aggressive Dead Code Elimination
   0.0002 (  0.0%)   0.0000 (  0.0%)   0.0002 (  0.0%)   0.0002 (  0.0%)  Natural Loop Information
   0.0002 (  0.0%)   0.0000 (  0.0%)   0.0002 (  0.0%)   0.0002 (  0.0%)  Combine redundant instructions
   0.0002 (  0.0%)   0.0000 (  0.0%)   0.0002 (  0.0%)   0.0002 (  0.0%)  Dataflow Process Duplication
   0.0002 (  0.0%)   0.0000 (  0.0%)   0.0002 (  0.0%)   0.0002 (  0.0%)  Simplify the CFG
   0.0002 (  0.0%)   0.0000 (  0.0%)   0.0002 (  0.0%)   0.0002 (  0.0%)  Simplify the CFG
   0.0002 (  0.0%)   0.0000 (  0.0%)   0.0002 (  0.0%)   0.0002 (  0.0%)  Aggressive Dead Code Elimination
   0.0002 (  0.0%)   0.0000 (  0.0%)   0.0002 (  0.0%)   0.0002 (  0.0%)  Loop-Closed SSA Form Pass
   0.0002 (  0.0%)   0.0000 (  0.0%)   0.0002 (  0.0%)   0.0002 (  0.0%)  Aggressive Dead Code Elimination
   0.0002 (  0.0%)   0.0000 (  0.1%)   0.0002 (  0.0%)   0.0002 (  0.0%)  Dominator Tree Construction
   0.0002 (  0.0%)   0.0000 (  0.1%)   0.0002 (  0.0%)   0.0002 (  0.0%)  Dominator Tree Construction
   0.0002 (  0.0%)   0.0000 (  0.1%)   0.0002 (  0.0%)   0.0002 (  0.0%)  Simplify the CFG
   0.0002 (  0.0%)   0.0000 (  0.0%)   0.0002 (  0.0%)   0.0002 (  0.0%)  Dominator Tree Construction
   0.0002 (  0.0%)   0.0000 (  0.0%)   0.0002 (  0.0%)   0.0002 (  0.0%)  Aggressive Dead Code Elimination
   0.0002 (  0.0%)   0.0000 (  0.0%)   0.0002 (  0.0%)   0.0002 (  0.0%)  Aggressive Dead Code Elimination
   0.0002 (  0.0%)   0.0000 (  0.0%)   0.0002 (  0.0%)   0.0002 (  0.0%)  Aggressive Dead Code Elimination
   0.0002 (  0.0%)   0.0000 (  0.1%)   0.0002 (  0.0%)   0.0002 (  0.0%)  Aggressive Dead Code Elimination
   0.0002 (  0.0%)   0.0000 (  0.0%)   0.0002 (  0.0%)   0.0002 (  0.0%)  Aggressive Dead Code Elimination
   0.0002 (  0.0%)   0.0000 (  0.1%)   0.0002 (  0.0%)   0.0002 (  0.0%)  Simplify the CFG
   0.0002 (  0.0%)   0.0000 (  0.0%)   0.0002 (  0.0%)   0.0002 (  0.0%)  Dominator Tree Construction
   0.0002 (  0.0%)   0.0000 (  0.0%)   0.0002 (  0.0%)   0.0002 (  0.0%)  Aggressive Dead Code Elimination
   0.0002 (  0.0%)   0.0000 (  0.0%)   0.0002 (  0.0%)   0.0002 (  0.0%)  Aggressive Dead Code Elimination
   0.0002 (  0.0%)   0.0000 (  0.0%)   0.0002 (  0.0%)   0.0002 (  0.0%)  Natural Loop Information
   0.0002 (  0.0%)   0.0000 (  0.0%)   0.0002 (  0.0%)   0.0002 (  0.0%)  Simplify the CFG
   0.0002 (  0.0%)   0.0000 (  0.0%)   0.0002 (  0.0%)   0.0002 (  0.0%)  DefaultInterfaceBuilderNew - Build Default Top Interface
   0.0000 (  0.0%)   0.0002 (  0.4%)   0.0002 (  0.0%)   0.0002 (  0.0%)  Aggressive Dead Code Elimination
   0.0002 (  0.0%)   0.0000 (  0.0%)   0.0002 (  0.0%)   0.0002 (  0.0%)  Dominator Tree Construction
   0.0002 (  0.0%)   0.0000 (  0.0%)   0.0002 (  0.0%)   0.0002 (  0.0%)  Dominator Tree Construction
   0.0002 (  0.0%)   0.0000 (  0.0%)   0.0002 (  0.0%)   0.0002 (  0.0%)  Dominator Tree Construction
   0.0000 (  0.0%)   0.0002 (  0.5%)   0.0002 (  0.0%)   0.0002 (  0.0%)  Extract dataflow loop
   0.0002 (  0.0%)   0.0000 (  0.0%)   0.0002 (  0.0%)   0.0002 (  0.0%)  Aggressive Dead Code Elimination
   0.0002 (  0.0%)   0.0000 (  0.0%)   0.0002 (  0.0%)   0.0002 (  0.0%)  Dominator Tree Construction
   0.0002 (  0.0%)   0.0000 (  0.0%)   0.0002 (  0.0%)   0.0002 (  0.0%)  Aggressive Dead Code Elimination
   0.0002 (  0.0%)   0.0000 (  0.0%)   0.0002 (  0.0%)   0.0002 (  0.0%)  Aggressive Dead Code Elimination
   0.0002 (  0.0%)   0.0000 (  0.0%)   0.0002 (  0.0%)   0.0002 (  0.0%)  Memory SSA
   0.0002 (  0.0%)   0.0000 (  0.0%)   0.0002 (  0.0%)   0.0002 (  0.0%)  Aggressive Dead Code Elimination
   0.0002 (  0.0%)   0.0000 (  0.0%)   0.0002 (  0.0%)   0.0002 (  0.0%)  Aggressive Dead Code Elimination
   0.0001 (  0.0%)   0.0001 (  0.2%)   0.0002 (  0.0%)   0.0002 (  0.0%)  Produce message if basic block has too many instructions
   0.0002 (  0.0%)   0.0000 (  0.0%)   0.0002 (  0.0%)   0.0002 (  0.0%)  Aggressive Dead Code Elimination
   0.0002 (  0.0%)   0.0000 (  0.0%)   0.0002 (  0.0%)   0.0002 (  0.0%)  Dominator Tree Construction
   0.0002 (  0.0%)   0.0000 (  0.1%)   0.0002 (  0.0%)   0.0002 (  0.0%)  Interleave memory accesses
   0.0002 (  0.0%)   0.0000 (  0.0%)   0.0002 (  0.0%)   0.0002 (  0.0%)  Simplify the CFG
   0.0002 (  0.0%)   0.0000 (  0.0%)   0.0002 (  0.0%)   0.0002 (  0.0%)  Combine redundant instructions
   0.0002 (  0.0%)   0.0000 (  0.0%)   0.0002 (  0.0%)   0.0002 (  0.0%)  Aggressive Dead Code Elimination
   0.0002 (  0.0%)   0.0000 (  0.0%)   0.0002 (  0.0%)   0.0002 (  0.0%)  Aggressive Dead Code Elimination
   0.0002 (  0.0%)   0.0000 (  0.0%)   0.0002 (  0.0%)   0.0002 (  0.0%)  Natural Loop Information
   0.0002 (  0.0%)   0.0000 (  0.0%)   0.0002 (  0.0%)   0.0002 (  0.0%)  Aggressive Dead Code Elimination
   0.0002 (  0.0%)   0.0000 (  0.0%)   0.0002 (  0.0%)   0.0002 (  0.0%)  Aggressive Dead Code Elimination
   0.0002 (  0.0%)   0.0000 (  0.0%)   0.0002 (  0.0%)   0.0002 (  0.0%)  Achieval II estimation - estimate acheival II lower bound according to constraint
   0.0002 (  0.0%)   0.0000 (  0.0%)   0.0002 (  0.0%)   0.0002 (  0.0%)  Aggressive Dead Code Elimination
   0.0002 (  0.0%)   0.0000 (  0.0%)   0.0002 (  0.0%)   0.0002 (  0.0%)  Aggressive Dead Code Elimination
   0.0001 (  0.0%)   0.0001 (  0.1%)   0.0002 (  0.0%)   0.0002 (  0.0%)  Aggressive Dead Code Elimination
   0.0002 (  0.0%)   0.0000 (  0.1%)   0.0002 (  0.0%)   0.0002 (  0.0%)  Natural Loop Information
   0.0002 (  0.0%)   0.0000 (  0.0%)   0.0002 (  0.0%)   0.0002 (  0.0%)  Aggressive Dead Code Elimination
   0.0002 (  0.0%)   0.0000 (  0.1%)   0.0002 (  0.0%)   0.0002 (  0.0%)  Dominator Tree Construction
   0.0002 (  0.0%)   0.0000 (  0.1%)   0.0002 (  0.0%)   0.0002 (  0.0%)  Combine redundant instructions
   0.0002 (  0.0%)   0.0000 (  0.0%)   0.0002 (  0.0%)   0.0002 (  0.0%)  Dominator Tree Construction
   0.0002 (  0.0%)   0.0000 (  0.0%)   0.0002 (  0.0%)   0.0002 (  0.0%)  Aggressive Dead Code Elimination
   0.0002 (  0.0%)   0.0000 (  0.0%)   0.0002 (  0.0%)   0.0002 (  0.0%)  Detect single entry single exit regions
   0.0000 (  0.0%)   0.0002 (  0.4%)   0.0002 (  0.0%)   0.0002 (  0.0%)  Disaggregation preprocessing
   0.0002 (  0.0%)   0.0000 (  0.0%)   0.0002 (  0.0%)   0.0002 (  0.0%)  Function Alias Analysis Results
   0.0001 (  0.0%)   0.0000 (  0.1%)   0.0002 (  0.0%)   0.0002 (  0.0%)  Infer nuw/nsw flags for instructions
   0.0002 (  0.0%)   0.0000 (  0.0%)   0.0002 (  0.0%)   0.0002 (  0.0%)  Aggressive Dead Code Elimination
   0.0002 (  0.0%)   0.0000 (  0.0%)   0.0002 (  0.0%)   0.0002 (  0.0%)  Aggressive Dead Code Elimination
   0.0002 (  0.0%)   0.0000 (  0.0%)   0.0002 (  0.0%)   0.0002 (  0.0%)  Canonicalize natural loops
   0.0002 (  0.0%)   0.0000 (  0.0%)   0.0002 (  0.0%)   0.0002 (  0.0%)  Dominator Tree Construction
   0.0002 (  0.0%)   0.0000 (  0.0%)   0.0002 (  0.0%)   0.0002 (  0.0%)  AnnotateNoAlias - Annotate NoAlias Attribute on Arguments
   0.0002 (  0.0%)   0.0000 (  0.0%)   0.0002 (  0.0%)   0.0002 (  0.0%)  Divergence Analysis
   0.0002 (  0.0%)   0.0000 (  0.0%)   0.0002 (  0.0%)   0.0002 (  0.0%)  Detect single entry single exit regions
   0.0002 (  0.0%)   0.0000 (  0.0%)   0.0002 (  0.0%)   0.0002 (  0.0%)  Aggressive Dead Code Elimination
   0.0002 (  0.0%)   0.0000 (  0.0%)   0.0002 (  0.0%)   0.0002 (  0.0%)  Pragma preprocessing after clang
   0.0002 (  0.0%)   0.0000 (  0.0%)   0.0002 (  0.0%)   0.0002 (  0.0%)  Aggressive Dead Code Elimination
   0.0002 (  0.0%)   0.0000 (  0.0%)   0.0002 (  0.0%)   0.0002 (  0.0%)  Aggressive Dead Code Elimination
   0.0002 (  0.0%)   0.0000 (  0.0%)   0.0002 (  0.0%)   0.0002 (  0.0%)  Function Alias Analysis Results
   0.0002 (  0.0%)   0.0000 (  0.0%)   0.0002 (  0.0%)   0.0002 (  0.0%)  Lower HLS related intrinsics
   0.0000 (  0.0%)   0.0002 (  0.4%)   0.0002 (  0.0%)   0.0002 (  0.0%)  Dominator Tree Construction
   0.0002 (  0.0%)   0.0000 (  0.0%)   0.0002 (  0.0%)   0.0002 (  0.0%)  Aggressive Dead Code Elimination
   0.0002 (  0.0%)   0.0000 (  0.0%)   0.0002 (  0.0%)   0.0002 (  0.0%)  Dominator Tree Construction
   0.0002 (  0.0%)   0.0000 (  0.0%)   0.0002 (  0.0%)   0.0002 (  0.0%)  Aggressive Dead Code Elimination
   0.0002 (  0.0%)   0.0000 (  0.0%)   0.0002 (  0.0%)   0.0002 (  0.0%)  Dominator Tree Construction
   0.0002 (  0.0%)   0.0000 (  0.0%)   0.0002 (  0.0%)   0.0002 (  0.0%)  Aggressive Dead Code Elimination
   0.0002 (  0.0%)   0.0000 (  0.0%)   0.0002 (  0.0%)   0.0002 (  0.0%)  Dominator Tree Construction
   0.0002 (  0.0%)   0.0000 (  0.0%)   0.0002 (  0.0%)   0.0002 (  0.0%)  Aggressive Dead Code Elimination
   0.0002 (  0.0%)   0.0000 (  0.0%)   0.0002 (  0.0%)   0.0002 (  0.0%)  Function Alias Analysis Results
   0.0002 (  0.0%)   0.0000 (  0.0%)   0.0002 (  0.0%)   0.0002 (  0.0%)  Dominator Tree Construction
   0.0002 (  0.0%)   0.0000 (  0.0%)   0.0002 (  0.0%)   0.0002 (  0.0%)  Aggressive Dead Code Elimination
   0.0002 (  0.0%)   0.0000 (  0.0%)   0.0002 (  0.0%)   0.0002 (  0.0%)  Aggressive Dead Code Elimination
   0.0002 (  0.0%)   0.0000 (  0.0%)   0.0002 (  0.0%)   0.0002 (  0.0%)  Aggressive Dead Code Elimination
   0.0002 (  0.0%)   0.0000 (  0.0%)   0.0002 (  0.0%)   0.0002 (  0.0%)  Aggressive Dead Code Elimination
   0.0001 (  0.0%)   0.0000 (  0.0%)   0.0002 (  0.0%)   0.0002 (  0.0%)  Aggressive Dead Code Elimination
   0.0002 (  0.0%)   0.0000 (  0.0%)   0.0002 (  0.0%)   0.0002 (  0.0%)  Aggressive Dead Code Elimination
   0.0002 (  0.0%)   0.0000 (  0.0%)   0.0002 (  0.0%)   0.0002 (  0.0%)  Aggressive Dead Code Elimination
   0.0002 (  0.0%)   0.0000 (  0.0%)   0.0002 (  0.0%)   0.0002 (  0.0%)  Canonicalize natural loops
   0.0002 (  0.0%)   0.0000 (  0.0%)   0.0002 (  0.0%)   0.0002 (  0.0%)  Simplify the CFG
   0.0002 (  0.0%)   0.0000 (  0.0%)   0.0002 (  0.0%)   0.0002 (  0.0%)  Dominator Tree Construction
   0.0002 (  0.0%)   0.0000 (  0.0%)   0.0002 (  0.0%)   0.0002 (  0.0%)  Post-Dominator Tree Construction
   0.0002 (  0.0%)   0.0000 (  0.0%)   0.0002 (  0.0%)   0.0002 (  0.0%)  Natural Loop Information
   0.0002 (  0.0%)   0.0000 (  0.0%)   0.0002 (  0.0%)   0.0002 (  0.0%)  Aggressive Dead Code Elimination
   0.0002 (  0.0%)   0.0000 (  0.0%)   0.0002 (  0.0%)   0.0002 (  0.0%)  ROM inference pass
   0.0000 (  0.0%)   0.0002 (  0.4%)   0.0002 (  0.0%)   0.0002 (  0.0%)  Dominator Tree Construction
   0.0000 (  0.0%)   0.0002 (  0.4%)   0.0002 (  0.0%)   0.0002 (  0.0%)  Simple constant propagation
   0.0002 (  0.0%)   0.0000 (  0.0%)   0.0002 (  0.0%)   0.0002 (  0.0%)  Unswitch loops
   0.0002 (  0.0%)   0.0000 (  0.0%)   0.0002 (  0.0%)   0.0002 (  0.0%)  Natural Loop Information
   0.0002 (  0.0%)   0.0000 (  0.0%)   0.0002 (  0.0%)   0.0002 (  0.0%)  Divergence Analysis
   0.0002 (  0.0%)   0.0000 (  0.0%)   0.0002 (  0.0%)   0.0002 (  0.0%)  Dominator Tree Construction
   0.0002 (  0.0%)   0.0000 (  0.0%)   0.0002 (  0.0%)   0.0002 (  0.0%)  AnnotateNoAlias - Annotate NoAlias Attribute on Arguments
   0.0002 (  0.0%)   0.0000 (  0.0%)   0.0002 (  0.0%)   0.0002 (  0.0%)  Post-Dominator Tree Construction
   0.0001 (  0.0%)   0.0000 (  0.1%)   0.0002 (  0.0%)   0.0002 (  0.0%)  Natural Loop Information
   0.0002 (  0.0%)   0.0000 (  0.0%)   0.0002 (  0.0%)   0.0002 (  0.0%)  Dominator Tree Construction
   0.0000 (  0.0%)   0.0001 (  0.3%)   0.0002 (  0.0%)   0.0002 (  0.0%)  Dominator Tree Construction
   0.0001 (  0.0%)   0.0000 (  0.1%)   0.0002 (  0.0%)   0.0002 (  0.0%)  Simplify the CFG
   0.0001 (  0.0%)   0.0000 (  0.1%)   0.0002 (  0.0%)   0.0002 (  0.0%)  Natural Loop Information
   0.0002 (  0.0%)   0.0000 (  0.0%)   0.0002 (  0.0%)   0.0002 (  0.0%)  Post-Dominator Tree Construction
   0.0001 (  0.0%)   0.0000 (  0.0%)   0.0001 (  0.0%)   0.0002 (  0.0%)  Post-Dominator Tree Construction
   0.0001 (  0.0%)   0.0000 (  0.0%)   0.0001 (  0.0%)   0.0001 (  0.0%)  Natural Loop Information
   0.0001 (  0.0%)   0.0000 (  0.0%)   0.0001 (  0.0%)   0.0001 (  0.0%)  Natural Loop Information
   0.0001 (  0.0%)   0.0000 (  0.0%)   0.0001 (  0.0%)   0.0001 (  0.0%)  Dominator Tree Construction
   0.0001 (  0.0%)   0.0000 (  0.0%)   0.0001 (  0.0%)   0.0001 (  0.0%)  Detect single entry single exit regions
   0.0001 (  0.0%)   0.0000 (  0.0%)   0.0001 (  0.0%)   0.0001 (  0.0%)  Natural Loop Information
   0.0001 (  0.0%)   0.0000 (  0.1%)   0.0001 (  0.0%)   0.0001 (  0.0%)  Dominator Tree Construction
   0.0001 (  0.0%)   0.0000 (  0.0%)   0.0001 (  0.0%)   0.0001 (  0.0%)  Divergence Analysis
   0.0001 (  0.0%)   0.0000 (  0.0%)   0.0001 (  0.0%)   0.0001 (  0.0%)  Divergence Analysis
   0.0001 (  0.0%)   0.0000 (  0.0%)   0.0001 (  0.0%)   0.0001 (  0.0%)  Aggressive Dead Code Elimination
   0.0001 (  0.0%)   0.0000 (  0.0%)   0.0001 (  0.0%)   0.0001 (  0.0%)  Natural Loop Information
   0.0001 (  0.0%)   0.0000 (  0.0%)   0.0001 (  0.0%)   0.0001 (  0.0%)  Simplify the CFG
   0.0001 (  0.0%)   0.0000 (  0.0%)   0.0001 (  0.0%)   0.0001 (  0.0%)  Natural Loop Information
   0.0001 (  0.0%)   0.0000 (  0.0%)   0.0001 (  0.0%)   0.0001 (  0.0%)  Canonicalize natural loops
   0.0001 (  0.0%)   0.0000 (  0.0%)   0.0001 (  0.0%)   0.0001 (  0.0%)  Divergence Analysis
   0.0001 (  0.0%)   0.0000 (  0.0%)   0.0001 (  0.0%)   0.0001 (  0.0%)  Interprocedural Sparse Conditional Constant Propagation
   0.0001 (  0.0%)   0.0000 (  0.0%)   0.0001 (  0.0%)   0.0001 (  0.0%)  Simple constant propagation
   0.0001 (  0.0%)   0.0000 (  0.0%)   0.0001 (  0.0%)   0.0001 (  0.0%)  ROM inference pass
   0.0001 (  0.0%)   0.0000 (  0.0%)   0.0001 (  0.0%)   0.0001 (  0.0%)  Array abnormal access check
   0.0001 (  0.0%)   0.0000 (  0.0%)   0.0001 (  0.0%)   0.0001 (  0.0%)  Global Variable Optimizer
   0.0001 (  0.0%)   0.0000 (  0.0%)   0.0001 (  0.0%)   0.0001 (  0.0%)  Function Alias Analysis Results
   0.0001 (  0.0%)   0.0000 (  0.0%)   0.0001 (  0.0%)   0.0001 (  0.0%)  Simplify the CFG
   0.0001 (  0.0%)   0.0000 (  0.0%)   0.0001 (  0.0%)   0.0001 (  0.0%)  Dominator Tree Construction
   0.0001 (  0.0%)   0.0000 (  0.0%)   0.0001 (  0.0%)   0.0001 (  0.0%)  Simplify the CFG
   0.0001 (  0.0%)   0.0000 (  0.0%)   0.0001 (  0.0%)   0.0001 (  0.0%)  Dominator Tree Construction
   0.0001 (  0.0%)   0.0000 (  0.0%)   0.0001 (  0.0%)   0.0001 (  0.0%)  Divergence Analysis
   0.0001 (  0.0%)   0.0000 (  0.0%)   0.0001 (  0.0%)   0.0001 (  0.0%)  Dominator Tree Construction
   0.0001 (  0.0%)   0.0000 (  0.0%)   0.0001 (  0.0%)   0.0001 (  0.0%)  Infer nuw/nsw flags for instructions
   0.0001 (  0.0%)   0.0000 (  0.1%)   0.0001 (  0.0%)   0.0001 (  0.0%)  Natural Loop Information
   0.0001 (  0.0%)   0.0000 (  0.0%)   0.0001 (  0.0%)   0.0001 (  0.0%)  Simplify the CFG
   0.0001 (  0.0%)   0.0000 (  0.0%)   0.0001 (  0.0%)   0.0001 (  0.0%)  Function Alias Analysis Results
   0.0001 (  0.0%)   0.0000 (  0.0%)   0.0001 (  0.0%)   0.0001 (  0.0%)  Combine redundant instructions
   0.0001 (  0.0%)   0.0000 (  0.0%)   0.0001 (  0.0%)   0.0001 (  0.0%)  Canonicalize natural loops
   0.0001 (  0.0%)   0.0000 (  0.0%)   0.0001 (  0.0%)   0.0001 (  0.0%)  Remove redundant instructions
   0.0001 (  0.0%)   0.0000 (  0.0%)   0.0001 (  0.0%)   0.0001 (  0.0%)  Dead Instruction Elimination
   0.0001 (  0.0%)   0.0000 (  0.0%)   0.0001 (  0.0%)   0.0001 (  0.0%)  Function Alias Analysis Results
   0.0001 (  0.0%)   0.0000 (  0.0%)   0.0001 (  0.0%)   0.0001 (  0.0%)  Infer nuw/nsw flags for instructions
   0.0001 (  0.0%)   0.0000 (  0.0%)   0.0001 (  0.0%)   0.0001 (  0.0%)  Detect single entry single exit regions
   0.0001 (  0.0%)   0.0000 (  0.0%)   0.0001 (  0.0%)   0.0001 (  0.0%)  Natural Loop Information
   0.0001 (  0.0%)   0.0000 (  0.0%)   0.0001 (  0.0%)   0.0001 (  0.0%)  Remove redundant instructions
   0.0001 (  0.0%)   0.0000 (  0.1%)   0.0001 (  0.0%)   0.0001 (  0.0%)  Remove redundant instructions
   0.0001 (  0.0%)   0.0000 (  0.0%)   0.0001 (  0.0%)   0.0001 (  0.0%)  Dominator Tree Construction
   0.0001 (  0.0%)   0.0000 (  0.0%)   0.0001 (  0.0%)   0.0001 (  0.0%)  Natural Loop Information
   0.0001 (  0.0%)   0.0000 (  0.0%)   0.0001 (  0.0%)   0.0001 (  0.0%)  Infer nuw/nsw flags for instructions
   0.0001 (  0.0%)   0.0000 (  0.0%)   0.0001 (  0.0%)   0.0001 (  0.0%)  Promote 'by reference' arguments to scalars
   0.0001 (  0.0%)   0.0000 (  0.0%)   0.0001 (  0.0%)   0.0001 (  0.0%)  Natural Loop Information
   0.0001 (  0.0%)   0.0001 (  0.1%)   0.0001 (  0.0%)   0.0001 (  0.0%)  Function Alias Analysis Results
   0.0001 (  0.0%)   0.0000 (  0.0%)   0.0001 (  0.0%)   0.0001 (  0.0%)  Function Alias Analysis Results
   0.0001 (  0.0%)   0.0001 (  0.2%)   0.0001 (  0.0%)   0.0001 (  0.0%)  Natural Loop Information
   0.0001 (  0.0%)   0.0000 (  0.0%)   0.0001 (  0.0%)   0.0001 (  0.0%)  Infer nuw/nsw flags for instructions
   0.0001 (  0.0%)   0.0000 (  0.0%)   0.0001 (  0.0%)   0.0001 (  0.0%)  Rotate Loops
   0.0001 (  0.0%)   0.0000 (  0.0%)   0.0001 (  0.0%)   0.0001 (  0.0%)  Dominator Tree Construction
   0.0001 (  0.0%)   0.0000 (  0.0%)   0.0001 (  0.0%)   0.0001 (  0.0%)  Remove redundant instructions
   0.0001 (  0.0%)   0.0000 (  0.0%)   0.0001 (  0.0%)   0.0001 (  0.0%)  Remove redundant instructions
   0.0001 (  0.0%)   0.0000 (  0.0%)   0.0001 (  0.0%)   0.0001 (  0.0%)  Canonicalize natural loops
   0.0001 (  0.0%)   0.0000 (  0.0%)   0.0001 (  0.0%)   0.0001 (  0.0%)  Simplify the CFG
   0.0001 (  0.0%)   0.0000 (  0.0%)   0.0001 (  0.0%)   0.0001 (  0.0%)  Function Alias Analysis Results
   0.0001 (  0.0%)   0.0000 (  0.0%)   0.0001 (  0.0%)   0.0001 (  0.0%)  Function Alias Analysis Results
   0.0001 (  0.0%)   0.0000 (  0.0%)   0.0001 (  0.0%)   0.0001 (  0.0%)  Simplify the CFG
   0.0001 (  0.0%)   0.0000 (  0.1%)   0.0001 (  0.0%)   0.0001 (  0.0%)  Function Alias Analysis Results
   0.0001 (  0.0%)   0.0000 (  0.0%)   0.0001 (  0.0%)   0.0001 (  0.0%)  Canonicalize natural loops
   0.0001 (  0.0%)   0.0000 (  0.0%)   0.0001 (  0.0%)   0.0001 (  0.0%)  Dominator Tree Construction
   0.0001 (  0.0%)   0.0000 (  0.0%)   0.0001 (  0.0%)   0.0001 (  0.0%)  Natural Loop Information
   0.0001 (  0.0%)   0.0000 (  0.0%)   0.0001 (  0.0%)   0.0001 (  0.0%)  Post-Dominator Tree Construction
   0.0001 (  0.0%)   0.0000 (  0.0%)   0.0001 (  0.0%)   0.0001 (  0.0%)  Remove redundant instructions
   0.0001 (  0.0%)   0.0000 (  0.0%)   0.0001 (  0.0%)   0.0001 (  0.0%)  Infer nuw/nsw flags for instructions
   0.0001 (  0.0%)   0.0000 (  0.0%)   0.0001 (  0.0%)   0.0001 (  0.0%)  Infer nuw/nsw flags for instructions
   0.0001 (  0.0%)   0.0000 (  0.0%)   0.0001 (  0.0%)   0.0001 (  0.0%)  Dominator Tree Construction
   0.0001 (  0.0%)   0.0000 (  0.0%)   0.0001 (  0.0%)   0.0001 (  0.0%)  Post-Dominator Tree Construction
   0.0001 (  0.0%)   0.0000 (  0.0%)   0.0001 (  0.0%)   0.0001 (  0.0%)  Natural Loop Information
   0.0000 (  0.0%)   0.0001 (  0.2%)   0.0001 (  0.0%)   0.0001 (  0.0%)  Function Alias Analysis Results
   0.0001 (  0.0%)   0.0000 (  0.0%)   0.0001 (  0.0%)   0.0001 (  0.0%)  Simplify the CFG
   0.0001 (  0.0%)   0.0000 (  0.1%)   0.0001 (  0.0%)   0.0001 (  0.0%)  Dominator Tree Construction
   0.0001 (  0.0%)   0.0000 (  0.0%)   0.0001 (  0.0%)   0.0001 (  0.0%)  Remove redundant instructions
   0.0001 (  0.0%)   0.0000 (  0.0%)   0.0001 (  0.0%)   0.0001 (  0.0%)  Dominator Tree Construction
   0.0001 (  0.0%)   0.0000 (  0.0%)   0.0001 (  0.0%)   0.0001 (  0.0%)  Function Alias Analysis Results
   0.0001 (  0.0%)   0.0000 (  0.0%)   0.0001 (  0.0%)   0.0001 (  0.0%)  Loop-Closed SSA Form Pass
   0.0001 (  0.0%)   0.0000 (  0.0%)   0.0001 (  0.0%)   0.0001 (  0.0%)  Function Alias Analysis Results
   0.0001 (  0.0%)   0.0000 (  0.0%)   0.0001 (  0.0%)   0.0001 (  0.0%)  Function Alias Analysis Results
   0.0001 (  0.0%)   0.0000 (  0.0%)   0.0001 (  0.0%)   0.0001 (  0.0%)  Natural Loop Information
   0.0001 (  0.0%)   0.0000 (  0.0%)   0.0001 (  0.0%)   0.0001 (  0.0%)  Remove redundant instructions
   0.0001 (  0.0%)   0.0000 (  0.0%)   0.0001 (  0.0%)   0.0001 (  0.0%)  Post-Dominator Tree Construction
   0.0001 (  0.0%)   0.0000 (  0.0%)   0.0001 (  0.0%)   0.0001 (  0.0%)  Function Alias Analysis Results
   0.0001 (  0.0%)   0.0000 (  0.0%)   0.0001 (  0.0%)   0.0001 (  0.0%)  Remove redundant instructions
   0.0001 (  0.0%)   0.0000 (  0.0%)   0.0001 (  0.0%)   0.0001 (  0.0%)  Remove redundant instructions
   0.0001 (  0.0%)   0.0000 (  0.0%)   0.0001 (  0.0%)   0.0001 (  0.0%)  Loop-Closed SSA Form Pass
   0.0001 (  0.0%)   0.0000 (  0.0%)   0.0001 (  0.0%)   0.0001 (  0.0%)  Function Alias Analysis Results
   0.0001 (  0.0%)   0.0000 (  0.0%)   0.0001 (  0.0%)   0.0001 (  0.0%)  Function Alias Analysis Results
   0.0001 (  0.0%)   0.0000 (  0.0%)   0.0001 (  0.0%)   0.0001 (  0.0%)  LegalizeName - Check interface name in terms of HDL syntax
   0.0000 (  0.0%)   0.0001 (  0.3%)   0.0001 (  0.0%)   0.0001 (  0.0%)  Function Alias Analysis Results
   0.0001 (  0.0%)   0.0000 (  0.0%)   0.0001 (  0.0%)   0.0001 (  0.0%)  Canonicalize natural loops
   0.0001 (  0.0%)   0.0000 (  0.0%)   0.0001 (  0.0%)   0.0001 (  0.0%)  Canonicalize natural loops
   0.0001 (  0.0%)   0.0000 (  0.0%)   0.0001 (  0.0%)   0.0001 (  0.0%)  Simplify the CFG
   0.0001 (  0.0%)   0.0000 (  0.0%)   0.0001 (  0.0%)   0.0001 (  0.0%)  Remove redundant instructions
   0.0001 (  0.0%)   0.0000 (  0.0%)   0.0001 (  0.0%)   0.0001 (  0.0%)  Function Alias Analysis Results
   0.0001 (  0.0%)   0.0000 (  0.0%)   0.0001 (  0.0%)   0.0001 (  0.0%)  Dominator Tree Construction
   0.0001 (  0.0%)   0.0000 (  0.0%)   0.0001 (  0.0%)   0.0001 (  0.0%)  Detect single entry single exit regions
   0.0001 (  0.0%)   0.0000 (  0.0%)   0.0001 (  0.0%)   0.0001 (  0.0%)  Function Alias Analysis Results
   0.0001 (  0.0%)   0.0000 (  0.0%)   0.0001 (  0.0%)   0.0001 (  0.0%)  Dominator Tree Construction
   0.0001 (  0.0%)   0.0000 (  0.1%)   0.0001 (  0.0%)   0.0001 (  0.0%)  Function Alias Analysis Results
   0.0001 (  0.0%)   0.0000 (  0.0%)   0.0001 (  0.0%)   0.0001 (  0.0%)  Natural Loop Information
   0.0001 (  0.0%)   0.0000 (  0.0%)   0.0001 (  0.0%)   0.0001 (  0.0%)  Function Alias Analysis Results
   0.0001 (  0.0%)   0.0000 (  0.0%)   0.0001 (  0.0%)   0.0001 (  0.0%)  Loop-Closed SSA Form Pass
   0.0001 (  0.0%)   0.0000 (  0.0%)   0.0001 (  0.0%)   0.0001 (  0.0%)  Natural Loop Information
   0.0001 (  0.0%)   0.0000 (  0.0%)   0.0001 (  0.0%)   0.0001 (  0.0%)  Function Alias Analysis Results
   0.0001 (  0.0%)   0.0001 (  0.1%)   0.0001 (  0.0%)   0.0001 (  0.0%)  Function Alias Analysis Results
   0.0001 (  0.0%)   0.0000 (  0.0%)   0.0001 (  0.0%)   0.0001 (  0.0%)  Remove redundant instructions
   0.0001 (  0.0%)   0.0000 (  0.0%)   0.0001 (  0.0%)   0.0001 (  0.0%)  Function Alias Analysis Results
   0.0000 (  0.0%)   0.0001 (  0.3%)   0.0001 (  0.0%)   0.0001 (  0.0%)  Natural Loop Information
   0.0001 (  0.0%)   0.0000 (  0.0%)   0.0001 (  0.0%)   0.0001 (  0.0%)  Natural Loop Information
   0.0001 (  0.0%)   0.0001 (  0.1%)   0.0001 (  0.0%)   0.0001 (  0.0%)  Function Alias Analysis Results
   0.0001 (  0.0%)   0.0000 (  0.0%)   0.0001 (  0.0%)   0.0001 (  0.0%)  Function Alias Analysis Results
   0.0001 (  0.0%)   0.0000 (  0.0%)   0.0001 (  0.0%)   0.0001 (  0.0%)  Dominator Tree Construction
   0.0001 (  0.0%)   0.0000 (  0.0%)   0.0001 (  0.0%)   0.0001 (  0.0%)  Function Alias Analysis Results
   0.0001 (  0.0%)   0.0000 (  0.0%)   0.0001 (  0.0%)   0.0001 (  0.0%)  Function Alias Analysis Results
   0.0001 (  0.0%)   0.0000 (  0.0%)   0.0001 (  0.0%)   0.0001 (  0.0%)  Post-Dominator Tree Construction
   0.0001 (  0.0%)   0.0000 (  0.0%)   0.0001 (  0.0%)   0.0001 (  0.0%)  Function Alias Analysis Results
   0.0001 (  0.0%)   0.0000 (  0.0%)   0.0001 (  0.0%)   0.0001 (  0.0%)  Function Alias Analysis Results
   0.0001 (  0.0%)   0.0000 (  0.0%)   0.0001 (  0.0%)   0.0001 (  0.0%)  Function Alias Analysis Results
   0.0001 (  0.0%)   0.0001 (  0.1%)   0.0001 (  0.0%)   0.0001 (  0.0%)  Function Alias Analysis Results
   0.0001 (  0.0%)   0.0000 (  0.0%)   0.0001 (  0.0%)   0.0001 (  0.0%)  Remove redundant instructions
   0.0001 (  0.0%)   0.0000 (  0.0%)   0.0001 (  0.0%)   0.0001 (  0.0%)  Post-Dominator Tree Construction
   0.0001 (  0.0%)   0.0000 (  0.0%)   0.0001 (  0.0%)   0.0001 (  0.0%)  Post-Dominator Tree Construction
   0.0001 (  0.0%)   0.0000 (  0.0%)   0.0001 (  0.0%)   0.0001 (  0.0%)  Natural Loop Information
   0.0001 (  0.0%)   0.0000 (  0.0%)   0.0001 (  0.0%)   0.0001 (  0.0%)  Function Alias Analysis Results
   0.0001 (  0.0%)   0.0000 (  0.0%)   0.0001 (  0.0%)   0.0001 (  0.0%)  Post-Dominator Tree Construction
   0.0001 (  0.0%)   0.0000 (  0.0%)   0.0001 (  0.0%)   0.0001 (  0.0%)  Function Alias Analysis Results
   0.0001 (  0.0%)   0.0000 (  0.0%)   0.0001 (  0.0%)   0.0001 (  0.0%)  Function Alias Analysis Results
   0.0001 (  0.0%)   0.0000 (  0.1%)   0.0001 (  0.0%)   0.0001 (  0.0%)  Dominator Tree Construction
   0.0001 (  0.0%)   0.0001 (  0.1%)   0.0001 (  0.0%)   0.0001 (  0.0%)  Function Alias Analysis Results
   0.0001 (  0.0%)   0.0000 (  0.1%)   0.0001 (  0.0%)   0.0001 (  0.0%)  Function Alias Analysis Results
   0.0001 (  0.0%)   0.0000 (  0.0%)   0.0001 (  0.0%)   0.0001 (  0.0%)  Function Alias Analysis Results
   0.0001 (  0.0%)   0.0000 (  0.0%)   0.0001 (  0.0%)   0.0001 (  0.0%)  Function Alias Analysis Results
   0.0001 (  0.0%)   0.0000 (  0.0%)   0.0001 (  0.0%)   0.0001 (  0.0%)  Remove redundant instructions
   0.0001 (  0.0%)   0.0000 (  0.0%)   0.0001 (  0.0%)   0.0001 (  0.0%)  Loop-Closed SSA Form Pass
   0.0001 (  0.0%)   0.0000 (  0.0%)   0.0001 (  0.0%)   0.0001 (  0.0%)  Post-Dominator Tree Construction
   0.0001 (  0.0%)   0.0000 (  0.0%)   0.0001 (  0.0%)   0.0001 (  0.0%)  Dominator Tree Construction
   0.0000 (  0.0%)   0.0001 (  0.3%)   0.0001 (  0.0%)   0.0001 (  0.0%)  Function Alias Analysis Results
   0.0001 (  0.0%)   0.0000 (  0.0%)   0.0001 (  0.0%)   0.0001 (  0.0%)  Function Alias Analysis Results
   0.0001 (  0.0%)   0.0000 (  0.0%)   0.0001 (  0.0%)   0.0001 (  0.0%)  Dominator Tree Construction
   0.0000 (  0.0%)   0.0001 (  0.2%)   0.0001 (  0.0%)   0.0001 (  0.0%)  Dominator Tree Construction
   0.0001 (  0.0%)   0.0000 (  0.0%)   0.0001 (  0.0%)   0.0001 (  0.0%)  Function Alias Analysis Results
   0.0001 (  0.0%)   0.0000 (  0.0%)   0.0001 (  0.0%)   0.0001 (  0.0%)  Function Alias Analysis Results
   0.0001 (  0.0%)   0.0000 (  0.0%)   0.0001 (  0.0%)   0.0001 (  0.0%)  Remove redundant instructions
   0.0001 (  0.0%)   0.0000 (  0.0%)   0.0001 (  0.0%)   0.0001 (  0.0%)  Function Alias Analysis Results
   0.0001 (  0.0%)   0.0000 (  0.0%)   0.0001 (  0.0%)   0.0001 (  0.0%)  Post-Dominator Tree Construction
   0.0001 (  0.0%)   0.0000 (  0.0%)   0.0001 (  0.0%)   0.0001 (  0.0%)  Remove redundant instructions
   0.0001 (  0.0%)   0.0000 (  0.0%)   0.0001 (  0.0%)   0.0001 (  0.0%)  Function Alias Analysis Results
   0.0001 (  0.0%)   0.0000 (  0.0%)   0.0001 (  0.0%)   0.0001 (  0.0%)  Dominator Tree Construction
   0.0001 (  0.0%)   0.0000 (  0.0%)   0.0001 (  0.0%)   0.0001 (  0.0%)  Function Alias Analysis Results
   0.0000 (  0.0%)   0.0001 (  0.3%)   0.0001 (  0.0%)   0.0001 (  0.0%)  Post-Dominator Tree Construction
   0.0001 (  0.0%)   0.0000 (  0.0%)   0.0001 (  0.0%)   0.0001 (  0.0%)  Dominance Frontier Construction
   0.0001 (  0.0%)   0.0000 (  0.0%)   0.0001 (  0.0%)   0.0001 (  0.0%)  Function Alias Analysis Results
   0.0001 (  0.0%)   0.0000 (  0.0%)   0.0001 (  0.0%)   0.0001 (  0.0%)  Post-Dominator Tree Construction
   0.0001 (  0.0%)   0.0000 (  0.0%)   0.0001 (  0.0%)   0.0001 (  0.0%)  Function Alias Analysis Results
   0.0001 (  0.0%)   0.0000 (  0.1%)   0.0001 (  0.0%)   0.0001 (  0.0%)  Function Alias Analysis Results
   0.0001 (  0.0%)   0.0000 (  0.0%)   0.0001 (  0.0%)   0.0001 (  0.0%)  Remove redundant instructions
   0.0001 (  0.0%)   0.0000 (  0.0%)   0.0001 (  0.0%)   0.0001 (  0.0%)  Natural Loop Information
   0.0001 (  0.0%)   0.0000 (  0.0%)   0.0001 (  0.0%)   0.0001 (  0.0%)  Function Alias Analysis Results
   0.0001 (  0.0%)   0.0000 (  0.0%)   0.0001 (  0.0%)   0.0001 (  0.0%)  Function Alias Analysis Results
   0.0001 (  0.0%)   0.0000 (  0.0%)   0.0001 (  0.0%)   0.0001 (  0.0%)  Post-Dominator Tree Construction
   0.0001 (  0.0%)   0.0000 (  0.0%)   0.0001 (  0.0%)   0.0001 (  0.0%)  Function Alias Analysis Results
   0.0001 (  0.0%)   0.0000 (  0.1%)   0.0001 (  0.0%)   0.0001 (  0.0%)  Remove redundant instructions
   0.0001 (  0.0%)   0.0000 (  0.0%)   0.0001 (  0.0%)   0.0001 (  0.0%)  Function Alias Analysis Results
   0.0000 (  0.0%)   0.0001 (  0.2%)   0.0001 (  0.0%)   0.0001 (  0.0%)  Function Alias Analysis Results
   0.0001 (  0.0%)   0.0000 (  0.0%)   0.0001 (  0.0%)   0.0001 (  0.0%)  Post-Dominator Tree Construction
   0.0001 (  0.0%)   0.0000 (  0.0%)   0.0001 (  0.0%)   0.0001 (  0.0%)  Natural Loop Information
   0.0001 (  0.0%)   0.0000 (  0.0%)   0.0001 (  0.0%)   0.0001 (  0.0%)  Dominator Tree Construction
   0.0001 (  0.0%)   0.0000 (  0.0%)   0.0001 (  0.0%)   0.0001 (  0.0%)  Loop-Closed SSA Form Pass
   0.0001 (  0.0%)   0.0000 (  0.0%)   0.0001 (  0.0%)   0.0001 (  0.0%)  Dominator Tree Construction
   0.0001 (  0.0%)   0.0000 (  0.0%)   0.0001 (  0.0%)   0.0001 (  0.0%)  Remove redundant instructions
   0.0001 (  0.0%)   0.0000 (  0.0%)   0.0001 (  0.0%)   0.0001 (  0.0%)  Function Alias Analysis Results
   0.0001 (  0.0%)   0.0000 (  0.0%)   0.0001 (  0.0%)   0.0001 (  0.0%)  Function Alias Analysis Results
   0.0001 (  0.0%)   0.0000 (  0.0%)   0.0001 (  0.0%)   0.0001 (  0.0%)  Natural Loop Information
   0.0001 (  0.0%)   0.0000 (  0.0%)   0.0001 (  0.0%)   0.0001 (  0.0%)  Natural Loop Information
   0.0001 (  0.0%)   0.0000 (  0.0%)   0.0001 (  0.0%)   0.0001 (  0.0%)  Dominator Tree Construction
   0.0001 (  0.0%)   0.0000 (  0.0%)   0.0001 (  0.0%)   0.0001 (  0.0%)  Canonicalize natural loops
   0.0001 (  0.0%)   0.0000 (  0.0%)   0.0001 (  0.0%)   0.0001 (  0.0%)  Function Alias Analysis Results
   0.0001 (  0.0%)   0.0000 (  0.0%)   0.0001 (  0.0%)   0.0001 (  0.0%)  Dominator Tree Construction
   0.0001 (  0.0%)   0.0000 (  0.0%)   0.0001 (  0.0%)   0.0001 (  0.0%)  Post-Dominator Tree Construction
   0.0001 (  0.0%)   0.0000 (  0.1%)   0.0001 (  0.0%)   0.0001 (  0.0%)  Function Alias Analysis Results
   0.0001 (  0.0%)   0.0000 (  0.1%)   0.0001 (  0.0%)   0.0001 (  0.0%)  Function Alias Analysis Results
   0.0001 (  0.0%)   0.0000 (  0.0%)   0.0001 (  0.0%)   0.0001 (  0.0%)  Infer nuw/nsw flags for instructions
   0.0001 (  0.0%)   0.0000 (  0.0%)   0.0001 (  0.0%)   0.0001 (  0.0%)  Post-Dominator Tree Construction
   0.0001 (  0.0%)   0.0000 (  0.0%)   0.0001 (  0.0%)   0.0001 (  0.0%)  Post-Dominator Tree Construction
   0.0000 (  0.0%)   0.0001 (  0.2%)   0.0001 (  0.0%)   0.0001 (  0.0%)  Post-Dominator Tree Construction
   0.0001 (  0.0%)   0.0000 (  0.0%)   0.0001 (  0.0%)   0.0001 (  0.0%)  Post-Dominator Tree Construction
   0.0001 (  0.0%)   0.0000 (  0.1%)   0.0001 (  0.0%)   0.0001 (  0.0%)  Function Alias Analysis Results
   0.0001 (  0.0%)   0.0000 (  0.0%)   0.0001 (  0.0%)   0.0001 (  0.0%)  Dominator Tree Construction
   0.0001 (  0.0%)   0.0000 (  0.0%)   0.0001 (  0.0%)   0.0001 (  0.0%)  Function Alias Analysis Results
   0.0001 (  0.0%)   0.0000 (  0.0%)   0.0001 (  0.0%)   0.0001 (  0.0%)  Post-Dominator Tree Construction
   0.0001 (  0.0%)   0.0000 (  0.0%)   0.0001 (  0.0%)   0.0001 (  0.0%)  Function Alias Analysis Results
   0.0000 (  0.0%)   0.0001 (  0.2%)   0.0001 (  0.0%)   0.0001 (  0.0%)  Dominator Tree Construction
   0.0001 (  0.0%)   0.0000 (  0.0%)   0.0001 (  0.0%)   0.0001 (  0.0%)  Post-Dominator Tree Construction
   0.0001 (  0.0%)   0.0000 (  0.0%)   0.0001 (  0.0%)   0.0001 (  0.0%)  Canonicalize natural loops
   0.0001 (  0.0%)   0.0000 (  0.0%)   0.0001 (  0.0%)   0.0001 (  0.0%)  Dominator Tree Construction
   0.0000 (  0.0%)   0.0001 (  0.2%)   0.0001 (  0.0%)   0.0001 (  0.0%)  Dominator Tree Construction
   0.0001 (  0.0%)   0.0000 (  0.0%)   0.0001 (  0.0%)   0.0001 (  0.0%)  Post-Dominator Tree Construction
   0.0001 (  0.0%)   0.0000 (  0.0%)   0.0001 (  0.0%)   0.0001 (  0.0%)  Function Alias Analysis Results
   0.0001 (  0.0%)   0.0000 (  0.0%)   0.0001 (  0.0%)   0.0001 (  0.0%)  Function Alias Analysis Results
   0.0001 (  0.0%)   0.0000 (  0.0%)   0.0001 (  0.0%)   0.0001 (  0.0%)  Dominance Frontier Construction
   0.0001 (  0.0%)   0.0001 (  0.1%)   0.0001 (  0.0%)   0.0001 (  0.0%)  Function Alias Analysis Results
   0.0001 (  0.0%)   0.0000 (  0.0%)   0.0001 (  0.0%)   0.0001 (  0.0%)  Function Alias Analysis Results
   0.0001 (  0.0%)   0.0000 (  0.0%)   0.0001 (  0.0%)   0.0001 (  0.0%)  Natural Loop Information
   0.0001 (  0.0%)   0.0000 (  0.0%)   0.0001 (  0.0%)   0.0001 (  0.0%)  Canonicalize natural loops
   0.0001 (  0.0%)   0.0000 (  0.0%)   0.0001 (  0.0%)   0.0001 (  0.0%)  Remove redundant instructions
   0.0001 (  0.0%)   0.0000 (  0.0%)   0.0001 (  0.0%)   0.0001 (  0.0%)  Function Alias Analysis Results
   0.0001 (  0.0%)   0.0000 (  0.1%)   0.0001 (  0.0%)   0.0001 (  0.0%)  Function Alias Analysis Results
   0.0001 (  0.0%)   0.0000 (  0.0%)   0.0001 (  0.0%)   0.0001 (  0.0%)  Post-Dominator Tree Construction
   0.0001 (  0.0%)   0.0000 (  0.0%)   0.0001 (  0.0%)   0.0001 (  0.0%)  Post-Dominator Tree Construction
   0.0001 (  0.0%)   0.0000 (  0.0%)   0.0001 (  0.0%)   0.0001 (  0.0%)  Function Alias Analysis Results
   0.0001 (  0.0%)   0.0000 (  0.0%)   0.0001 (  0.0%)   0.0001 (  0.0%)  Canonicalize natural loops
   0.0001 (  0.0%)   0.0000 (  0.0%)   0.0001 (  0.0%)   0.0001 (  0.0%)  Post-Dominator Tree Construction
   0.0001 (  0.0%)   0.0000 (  0.0%)   0.0001 (  0.0%)   0.0001 (  0.0%)  Function Alias Analysis Results
   0.0001 (  0.0%)   0.0000 (  0.0%)   0.0001 (  0.0%)   0.0001 (  0.0%)  Post-Dominator Tree Construction
   0.0001 (  0.0%)   0.0000 (  0.0%)   0.0001 (  0.0%)   0.0001 (  0.0%)  Post-Dominator Tree Construction
   0.0001 (  0.0%)   0.0000 (  0.1%)   0.0001 (  0.0%)   0.0001 (  0.0%)  Function Alias Analysis Results
   0.0000 (  0.0%)   0.0001 (  0.2%)   0.0001 (  0.0%)   0.0001 (  0.0%)  Post-Dominator Tree Construction
   0.0001 (  0.0%)   0.0000 (  0.0%)   0.0001 (  0.0%)   0.0001 (  0.0%)  Function Alias Analysis Results
   0.0001 (  0.0%)   0.0000 (  0.0%)   0.0001 (  0.0%)   0.0001 (  0.0%)  Function Alias Analysis Results
   0.0001 (  0.0%)   0.0000 (  0.0%)   0.0001 (  0.0%)   0.0001 (  0.0%)  Post-Dominator Tree Construction
   0.0001 (  0.0%)   0.0000 (  0.0%)   0.0001 (  0.0%)   0.0001 (  0.0%)  Dominator Tree Construction
   0.0001 (  0.0%)   0.0000 (  0.1%)   0.0001 (  0.0%)   0.0001 (  0.0%)  Function Alias Analysis Results
   0.0001 (  0.0%)   0.0000 (  0.0%)   0.0001 (  0.0%)   0.0001 (  0.0%)  Function Alias Analysis Results
   0.0001 (  0.0%)   0.0000 (  0.0%)   0.0001 (  0.0%)   0.0001 (  0.0%)  Canonicalize natural loops
   0.0001 (  0.0%)   0.0000 (  0.1%)   0.0001 (  0.0%)   0.0001 (  0.0%)  Post-Dominator Tree Construction
   0.0001 (  0.0%)   0.0000 (  0.0%)   0.0001 (  0.0%)   0.0001 (  0.0%)  Function Alias Analysis Results
   0.0001 (  0.0%)   0.0000 (  0.0%)   0.0001 (  0.0%)   0.0001 (  0.0%)  Dominator Tree Construction
   0.0001 (  0.0%)   0.0000 (  0.0%)   0.0001 (  0.0%)   0.0001 (  0.0%)  Function Alias Analysis Results
   0.0000 (  0.0%)   0.0001 (  0.2%)   0.0001 (  0.0%)   0.0001 (  0.0%)  Post-Dominator Tree Construction
   0.0001 (  0.0%)   0.0000 (  0.0%)   0.0001 (  0.0%)   0.0001 (  0.0%)  Post-Dominator Tree Construction
   0.0001 (  0.0%)   0.0000 (  0.0%)   0.0001 (  0.0%)   0.0001 (  0.0%)  Post-Dominator Tree Construction
   0.0001 (  0.0%)   0.0000 (  0.0%)   0.0001 (  0.0%)   0.0001 (  0.0%)  Dominator Tree Construction
   0.0001 (  0.0%)   0.0000 (  0.0%)   0.0001 (  0.0%)   0.0001 (  0.0%)  Canonicalize natural loops
   0.0001 (  0.0%)   0.0000 (  0.0%)   0.0001 (  0.0%)   0.0001 (  0.0%)  Post-Dominator Tree Construction
   0.0001 (  0.0%)   0.0000 (  0.0%)   0.0001 (  0.0%)   0.0001 (  0.0%)  Post-Dominator Tree Construction
   0.0001 (  0.0%)   0.0000 (  0.0%)   0.0001 (  0.0%)   0.0001 (  0.0%)  Post-Dominator Tree Construction
   0.0001 (  0.0%)   0.0000 (  0.1%)   0.0001 (  0.0%)   0.0001 (  0.0%)  Post-Dominator Tree Construction
   0.0001 (  0.0%)   0.0000 (  0.0%)   0.0001 (  0.0%)   0.0001 (  0.0%)  Function Alias Analysis Results
   0.0001 (  0.0%)   0.0000 (  0.0%)   0.0001 (  0.0%)   0.0001 (  0.0%)  Canonicalize natural loops
   0.0000 (  0.0%)   0.0001 (  0.2%)   0.0001 (  0.0%)   0.0001 (  0.0%)  Natural Loop Information
   0.0001 (  0.0%)   0.0000 (  0.0%)   0.0001 (  0.0%)   0.0001 (  0.0%)  Canonicalize natural loops
   0.0001 (  0.0%)   0.0000 (  0.0%)   0.0001 (  0.0%)   0.0001 (  0.0%)  Combine redundant instructions
   0.0001 (  0.0%)   0.0000 (  0.0%)   0.0001 (  0.0%)   0.0001 (  0.0%)  Canonicalize natural loops
   0.0001 (  0.0%)   0.0000 (  0.0%)   0.0001 (  0.0%)   0.0001 (  0.0%)  Natural Loop Information
   0.0000 (  0.0%)   0.0001 (  0.2%)   0.0001 (  0.0%)   0.0001 (  0.0%)  Dominator Tree Construction
   0.0001 (  0.0%)   0.0000 (  0.0%)   0.0001 (  0.0%)   0.0001 (  0.0%)  Function Alias Analysis Results
   0.0001 (  0.0%)   0.0000 (  0.0%)   0.0001 (  0.0%)   0.0001 (  0.0%)  Dominator Tree Construction
   0.0001 (  0.0%)   0.0000 (  0.0%)   0.0001 (  0.0%)   0.0001 (  0.0%)  Post-Dominator Tree Construction
   0.0001 (  0.0%)   0.0000 (  0.1%)   0.0001 (  0.0%)   0.0001 (  0.0%)  Function Alias Analysis Results
   0.0001 (  0.0%)   0.0000 (  0.0%)   0.0001 (  0.0%)   0.0001 (  0.0%)  Dominator Tree Construction
   0.0001 (  0.0%)   0.0000 (  0.0%)   0.0001 (  0.0%)   0.0001 (  0.0%)  Post-Dominator Tree Construction
   0.0001 (  0.0%)   0.0000 (  0.0%)   0.0001 (  0.0%)   0.0001 (  0.0%)  Post-Dominator Tree Construction
   0.0001 (  0.0%)   0.0000 (  0.0%)   0.0001 (  0.0%)   0.0001 (  0.0%)  Post-Dominator Tree Construction
   0.0001 (  0.0%)   0.0000 (  0.0%)   0.0001 (  0.0%)   0.0001 (  0.0%)  Function Alias Analysis Results
   0.0001 (  0.0%)   0.0000 (  0.0%)   0.0001 (  0.0%)   0.0001 (  0.0%)  Dominator Tree Construction
   0.0001 (  0.0%)   0.0000 (  0.0%)   0.0001 (  0.0%)   0.0001 (  0.0%)  Dominator Tree Construction
   0.0001 (  0.0%)   0.0000 (  0.1%)   0.0001 (  0.0%)   0.0001 (  0.0%)  Dominator Tree Construction
   0.0001 (  0.0%)   0.0000 (  0.0%)   0.0001 (  0.0%)   0.0001 (  0.0%)  Post-Dominator Tree Construction
   0.0000 (  0.0%)   0.0001 (  0.2%)   0.0001 (  0.0%)   0.0001 (  0.0%)  Resolve full load/store
   0.0001 (  0.0%)   0.0000 (  0.0%)   0.0001 (  0.0%)   0.0001 (  0.0%)  Dominator Tree Construction
   0.0001 (  0.0%)   0.0000 (  0.0%)   0.0001 (  0.0%)   0.0001 (  0.0%)  Function Alias Analysis Results
   0.0000 (  0.0%)   0.0001 (  0.2%)   0.0001 (  0.0%)   0.0001 (  0.0%)  Canonicalize natural loops
   0.0000 (  0.0%)   0.0001 (  0.1%)   0.0001 (  0.0%)   0.0001 (  0.0%)  Function Alias Analysis Results
   0.0001 (  0.0%)   0.0000 (  0.0%)   0.0001 (  0.0%)   0.0001 (  0.0%)  Post-Dominator Tree Construction
   0.0001 (  0.0%)   0.0000 (  0.0%)   0.0001 (  0.0%)   0.0001 (  0.0%)  Function Alias Analysis Results
   0.0001 (  0.0%)   0.0000 (  0.0%)   0.0001 (  0.0%)   0.0001 (  0.0%)  Function Alias Analysis Results
   0.0001 (  0.0%)   0.0000 (  0.0%)   0.0001 (  0.0%)   0.0001 (  0.0%)  Function Alias Analysis Results
   0.0001 (  0.0%)   0.0000 (  0.0%)   0.0001 (  0.0%)   0.0001 (  0.0%)  Post-Dominator Tree Construction
   0.0001 (  0.0%)   0.0000 (  0.0%)   0.0001 (  0.0%)   0.0001 (  0.0%)  Dominator Tree Construction
   0.0001 (  0.0%)   0.0000 (  0.0%)   0.0001 (  0.0%)   0.0001 (  0.0%)  Remove redundant instructions
   0.0001 (  0.0%)   0.0000 (  0.0%)   0.0001 (  0.0%)   0.0001 (  0.0%)  Function Alias Analysis Results
   0.0001 (  0.0%)   0.0000 (  0.0%)   0.0001 (  0.0%)   0.0001 (  0.0%)  Function Alias Analysis Results
   0.0001 (  0.0%)   0.0000 (  0.0%)   0.0001 (  0.0%)   0.0001 (  0.0%)  Post-Dominator Tree Construction
   0.0001 (  0.0%)   0.0000 (  0.0%)   0.0001 (  0.0%)   0.0001 (  0.0%)  Function Alias Analysis Results
   0.0001 (  0.0%)   0.0000 (  0.0%)   0.0001 (  0.0%)   0.0001 (  0.0%)  Canonicalize natural loops
   0.0001 (  0.0%)   0.0000 (  0.0%)   0.0001 (  0.0%)   0.0001 (  0.0%)  Function Alias Analysis Results
   0.0001 (  0.0%)   0.0000 (  0.0%)   0.0001 (  0.0%)   0.0001 (  0.0%)  Dominator Tree Construction
   0.0001 (  0.0%)   0.0000 (  0.0%)   0.0001 (  0.0%)   0.0001 (  0.0%)  Function Alias Analysis Results
   0.0001 (  0.0%)   0.0000 (  0.0%)   0.0001 (  0.0%)   0.0001 (  0.0%)  Function Alias Analysis Results
   0.0001 (  0.0%)   0.0000 (  0.0%)   0.0001 (  0.0%)   0.0001 (  0.0%)  Post-Dominator Tree Construction
   0.0001 (  0.0%)   0.0000 (  0.1%)   0.0001 (  0.0%)   0.0001 (  0.0%)  Function Alias Analysis Results
   0.0001 (  0.0%)   0.0000 (  0.0%)   0.0001 (  0.0%)   0.0001 (  0.0%)  Function Alias Analysis Results
   0.0001 (  0.0%)   0.0000 (  0.0%)   0.0001 (  0.0%)   0.0001 (  0.0%)  Function Alias Analysis Results
   0.0001 (  0.0%)   0.0000 (  0.0%)   0.0001 (  0.0%)   0.0001 (  0.0%)  Post-Dominator Tree Construction
   0.0001 (  0.0%)   0.0000 (  0.1%)   0.0001 (  0.0%)   0.0001 (  0.0%)  Dominator Tree Construction
   0.0001 (  0.0%)   0.0000 (  0.0%)   0.0001 (  0.0%)   0.0001 (  0.0%)  Dominator Tree Construction
   0.0001 (  0.0%)   0.0000 (  0.0%)   0.0001 (  0.0%)   0.0001 (  0.0%)  Post-Dominator Tree Construction
   0.0001 (  0.0%)   0.0000 (  0.0%)   0.0001 (  0.0%)   0.0001 (  0.0%)  Remove redundant instructions
   0.0001 (  0.0%)   0.0000 (  0.0%)   0.0001 (  0.0%)   0.0001 (  0.0%)  Canonicalize natural loops
   0.0001 (  0.0%)   0.0000 (  0.0%)   0.0001 (  0.0%)   0.0001 (  0.0%)  Function Alias Analysis Results
   0.0001 (  0.0%)   0.0000 (  0.0%)   0.0001 (  0.0%)   0.0001 (  0.0%)  Post-Dominator Tree Construction
   0.0001 (  0.0%)   0.0000 (  0.1%)   0.0001 (  0.0%)   0.0001 (  0.0%)  Function Alias Analysis Results
   0.0001 (  0.0%)   0.0000 (  0.0%)   0.0001 (  0.0%)   0.0001 (  0.0%)  Post-Dominator Tree Construction
   0.0001 (  0.0%)   0.0000 (  0.0%)   0.0001 (  0.0%)   0.0001 (  0.0%)  Dominator Tree Construction
   0.0001 (  0.0%)   0.0000 (  0.0%)   0.0001 (  0.0%)   0.0001 (  0.0%)  Canonicalize natural loops
   0.0001 (  0.0%)   0.0000 (  0.0%)   0.0001 (  0.0%)   0.0001 (  0.0%)  Function Alias Analysis Results
   0.0000 (  0.0%)   0.0001 (  0.2%)   0.0001 (  0.0%)   0.0001 (  0.0%)  Dominator Tree Construction
   0.0001 (  0.0%)   0.0000 (  0.0%)   0.0001 (  0.0%)   0.0001 (  0.0%)  Post-Dominator Tree Construction
   0.0000 (  0.0%)   0.0001 (  0.2%)   0.0001 (  0.0%)   0.0001 (  0.0%)  Dominator Tree Construction
   0.0001 (  0.0%)   0.0000 (  0.0%)   0.0001 (  0.0%)   0.0001 (  0.0%)  Function Alias Analysis Results
   0.0001 (  0.0%)   0.0000 (  0.0%)   0.0001 (  0.0%)   0.0001 (  0.0%)  Function Alias Analysis Results
   0.0000 (  0.0%)   0.0001 (  0.2%)   0.0001 (  0.0%)   0.0001 (  0.0%)  Post-Dominator Tree Construction
   0.0001 (  0.0%)   0.0000 (  0.0%)   0.0001 (  0.0%)   0.0001 (  0.0%)  Post-Dominator Tree Construction
   0.0001 (  0.0%)   0.0000 (  0.0%)   0.0001 (  0.0%)   0.0001 (  0.0%)  Remove redundant instructions
   0.0001 (  0.0%)   0.0000 (  0.0%)   0.0001 (  0.0%)   0.0001 (  0.0%)  Dominator Tree Construction
   0.0001 (  0.0%)   0.0000 (  0.0%)   0.0001 (  0.0%)   0.0001 (  0.0%)  Infer nuw/nsw flags for instructions
   0.0001 (  0.0%)   0.0000 (  0.0%)   0.0001 (  0.0%)   0.0001 (  0.0%)  Dominator Tree Construction
   0.0001 (  0.0%)   0.0000 (  0.0%)   0.0001 (  0.0%)   0.0001 (  0.0%)  Dominator Tree Construction
   0.0001 (  0.0%)   0.0000 (  0.0%)   0.0001 (  0.0%)   0.0001 (  0.0%)  Post-Dominator Tree Construction
   0.0001 (  0.0%)   0.0000 (  0.0%)   0.0001 (  0.0%)   0.0001 (  0.0%)  Post-Dominator Tree Construction
   0.0001 (  0.0%)   0.0000 (  0.0%)   0.0001 (  0.0%)   0.0001 (  0.0%)  Post-Dominator Tree Construction
   0.0001 (  0.0%)   0.0000 (  0.0%)   0.0001 (  0.0%)   0.0001 (  0.0%)  Post-Dominator Tree Construction
   0.0001 (  0.0%)   0.0000 (  0.0%)   0.0001 (  0.0%)   0.0001 (  0.0%)  Function Alias Analysis Results
   0.0001 (  0.0%)   0.0000 (  0.0%)   0.0001 (  0.0%)   0.0001 (  0.0%)  Dominator Tree Construction
   0.0001 (  0.0%)   0.0000 (  0.0%)   0.0001 (  0.0%)   0.0001 (  0.0%)  Post-Dominator Tree Construction
   0.0000 (  0.0%)   0.0001 (  0.2%)   0.0001 (  0.0%)   0.0001 (  0.0%)  Infer nuw/nsw flags for instructions
   0.0001 (  0.0%)   0.0000 (  0.0%)   0.0001 (  0.0%)   0.0001 (  0.0%)  Dominator Tree Construction
   0.0001 (  0.0%)   0.0000 (  0.0%)   0.0001 (  0.0%)   0.0001 (  0.0%)  Post-Dominator Tree Construction
   0.0000 (  0.0%)   0.0001 (  0.2%)   0.0001 (  0.0%)   0.0001 (  0.0%)  Post-Dominator Tree Construction
   0.0001 (  0.0%)   0.0000 (  0.0%)   0.0001 (  0.0%)   0.0001 (  0.0%)  Post-Dominator Tree Construction
   0.0000 (  0.0%)   0.0001 (  0.2%)   0.0001 (  0.0%)   0.0001 (  0.0%)  Dominator Tree Construction
   0.0001 (  0.0%)   0.0000 (  0.1%)   0.0001 (  0.0%)   0.0001 (  0.0%)  Post-Dominator Tree Construction
   0.0001 (  0.0%)   0.0000 (  0.0%)   0.0001 (  0.0%)   0.0001 (  0.0%)  Function Alias Analysis Results
   0.0001 (  0.0%)   0.0000 (  0.0%)   0.0001 (  0.0%)   0.0001 (  0.0%)  Post-Dominator Tree Construction
   0.0001 (  0.0%)   0.0000 (  0.0%)   0.0001 (  0.0%)   0.0001 (  0.0%)  Dominator Tree Construction
   0.0001 (  0.0%)   0.0000 (  0.0%)   0.0001 (  0.0%)   0.0001 (  0.0%)  Dominator Tree Construction
   0.0001 (  0.0%)   0.0000 (  0.0%)   0.0001 (  0.0%)   0.0001 (  0.0%)  Post-Dominator Tree Construction
   0.0001 (  0.0%)   0.0000 (  0.0%)   0.0001 (  0.0%)   0.0001 (  0.0%)  Dominator Tree Construction
   0.0000 (  0.0%)   0.0001 (  0.2%)   0.0001 (  0.0%)   0.0001 (  0.0%)  Dominator Tree Construction
   0.0001 (  0.0%)   0.0000 (  0.0%)   0.0001 (  0.0%)   0.0001 (  0.0%)  Infer nuw/nsw flags for instructions
   0.0001 (  0.0%)   0.0000 (  0.0%)   0.0001 (  0.0%)   0.0001 (  0.0%)  Post-Dominator Tree Construction
   0.0000 (  0.0%)   0.0001 (  0.2%)   0.0001 (  0.0%)   0.0001 (  0.0%)  Infer nuw/nsw flags for instructions
   0.0001 (  0.0%)   0.0000 (  0.0%)   0.0001 (  0.0%)   0.0001 (  0.0%)  Function Alias Analysis Results
   0.0001 (  0.0%)   0.0000 (  0.0%)   0.0001 (  0.0%)   0.0001 (  0.0%)  Dominator Tree Construction
   0.0001 (  0.0%)   0.0000 (  0.0%)   0.0001 (  0.0%)   0.0001 (  0.0%)  Infer nuw/nsw flags for instructions
   0.0001 (  0.0%)   0.0000 (  0.0%)   0.0001 (  0.0%)   0.0001 (  0.0%)  Post-Dominator Tree Construction
   0.0001 (  0.0%)   0.0000 (  0.0%)   0.0001 (  0.0%)   0.0001 (  0.0%)  Post-Dominator Tree Construction
   0.0001 (  0.0%)   0.0000 (  0.0%)   0.0001 (  0.0%)   0.0001 (  0.0%)  Post-Dominator Tree Construction
   0.0001 (  0.0%)   0.0000 (  0.0%)   0.0001 (  0.0%)   0.0001 (  0.0%)  Function Alias Analysis Results
   0.0001 (  0.0%)   0.0000 (  0.0%)   0.0001 (  0.0%)   0.0001 (  0.0%)  Dominator Tree Construction
   0.0001 (  0.0%)   0.0000 (  0.1%)   0.0001 (  0.0%)   0.0001 (  0.0%)  Function Alias Analysis Results
   0.0001 (  0.0%)   0.0000 (  0.0%)   0.0001 (  0.0%)   0.0001 (  0.0%)  Dominator Tree Construction
   0.0001 (  0.0%)   0.0000 (  0.0%)   0.0001 (  0.0%)   0.0001 (  0.0%)  Post-Dominator Tree Construction
   0.0001 (  0.0%)   0.0000 (  0.0%)   0.0001 (  0.0%)   0.0001 (  0.0%)  Post-Dominator Tree Construction
   0.0001 (  0.0%)   0.0000 (  0.0%)   0.0001 (  0.0%)   0.0001 (  0.0%)  Function Alias Analysis Results
   0.0001 (  0.0%)   0.0000 (  0.0%)   0.0001 (  0.0%)   0.0001 (  0.0%)  Post-Dominator Tree Construction
   0.0001 (  0.0%)   0.0000 (  0.0%)   0.0001 (  0.0%)   0.0001 (  0.0%)  Function Alias Analysis Results
   0.0001 (  0.0%)   0.0000 (  0.0%)   0.0001 (  0.0%)   0.0001 (  0.0%)  Function Alias Analysis Results
   0.0001 (  0.0%)   0.0000 (  0.0%)   0.0001 (  0.0%)   0.0001 (  0.0%)  Dominator Tree Construction
   0.0001 (  0.0%)   0.0000 (  0.0%)   0.0001 (  0.0%)   0.0001 (  0.0%)  Function Alias Analysis Results
   0.0001 (  0.0%)   0.0000 (  0.0%)   0.0001 (  0.0%)   0.0001 (  0.0%)  Function Alias Analysis Results
   0.0001 (  0.0%)   0.0000 (  0.0%)   0.0001 (  0.0%)   0.0001 (  0.0%)  Dominator Tree Construction
   0.0001 (  0.0%)   0.0000 (  0.0%)   0.0001 (  0.0%)   0.0001 (  0.0%)  Post-Dominator Tree Construction
   0.0001 (  0.0%)   0.0000 (  0.0%)   0.0001 (  0.0%)   0.0001 (  0.0%)  Dominator Tree Construction
   0.0000 (  0.0%)   0.0001 (  0.2%)   0.0001 (  0.0%)   0.0001 (  0.0%)  Dominator Tree Construction
   0.0001 (  0.0%)   0.0000 (  0.0%)   0.0001 (  0.0%)   0.0001 (  0.0%)  Dominator Tree Construction
   0.0001 (  0.0%)   0.0000 (  0.0%)   0.0001 (  0.0%)   0.0001 (  0.0%)  Post-Dominator Tree Construction
   0.0001 (  0.0%)   0.0000 (  0.0%)   0.0001 (  0.0%)   0.0001 (  0.0%)  Function Alias Analysis Results
   0.0001 (  0.0%)   0.0000 (  0.0%)   0.0001 (  0.0%)   0.0001 (  0.0%)  Function Alias Analysis Results
   0.0000 (  0.0%)   0.0001 (  0.2%)   0.0001 (  0.0%)   0.0001 (  0.0%)  Function Alias Analysis Results
   0.0001 (  0.0%)   0.0000 (  0.0%)   0.0001 (  0.0%)   0.0001 (  0.0%)  Natural Loop Information
   0.0001 (  0.0%)   0.0000 (  0.0%)   0.0001 (  0.0%)   0.0001 (  0.0%)  Post-Dominator Tree Construction
   0.0001 (  0.0%)   0.0000 (  0.0%)   0.0001 (  0.0%)   0.0001 (  0.0%)  Canonicalize natural loops
   0.0001 (  0.0%)   0.0000 (  0.0%)   0.0001 (  0.0%)   0.0001 (  0.0%)  Post-Dominator Tree Construction
   0.0001 (  0.0%)   0.0000 (  0.0%)   0.0001 (  0.0%)   0.0001 (  0.0%)  Infer nuw/nsw flags for instructions
   0.0001 (  0.0%)   0.0000 (  0.0%)   0.0001 (  0.0%)   0.0001 (  0.0%)  Natural Loop Information
   0.0001 (  0.0%)   0.0000 (  0.0%)   0.0001 (  0.0%)   0.0001 (  0.0%)  Recursively inline barriers caller to kernel
   0.0000 (  0.0%)   0.0000 (  0.1%)   0.0001 (  0.0%)   0.0001 (  0.0%)  Function Alias Analysis Results
   0.0001 (  0.0%)   0.0000 (  0.0%)   0.0001 (  0.0%)   0.0001 (  0.0%)  Remove redundant instructions
   0.0001 (  0.0%)   0.0000 (  0.0%)   0.0001 (  0.0%)   0.0001 (  0.0%)  Dominator Tree Construction
   0.0000 (  0.0%)   0.0000 (  0.1%)   0.0001 (  0.0%)   0.0001 (  0.0%)  Dominator Tree Construction
   0.0001 (  0.0%)   0.0000 (  0.0%)   0.0001 (  0.0%)   0.0001 (  0.0%)  Dominator Tree Construction
   0.0000 (  0.0%)   0.0001 (  0.2%)   0.0001 (  0.0%)   0.0001 (  0.0%)  Infer nuw/nsw flags for instructions
   0.0000 (  0.0%)   0.0001 (  0.2%)   0.0001 (  0.0%)   0.0001 (  0.0%)  Natural Loop Information
   0.0001 (  0.0%)   0.0000 (  0.0%)   0.0001 (  0.0%)   0.0001 (  0.0%)  Function Alias Analysis Results
   0.0001 (  0.0%)   0.0000 (  0.0%)   0.0001 (  0.0%)   0.0001 (  0.0%)  Function Alias Analysis Results
   0.0001 (  0.0%)   0.0000 (  0.0%)   0.0001 (  0.0%)   0.0001 (  0.0%)  Dominator Tree Construction
   0.0001 (  0.0%)   0.0000 (  0.0%)   0.0001 (  0.0%)   0.0001 (  0.0%)  Dominator Tree Construction
   0.0001 (  0.0%)   0.0000 (  0.0%)   0.0001 (  0.0%)   0.0001 (  0.0%)  Dominator Tree Construction
   0.0001 (  0.0%)   0.0000 (  0.1%)   0.0001 (  0.0%)   0.0001 (  0.0%)  Dominator Tree Construction
   0.0001 (  0.0%)   0.0000 (  0.0%)   0.0001 (  0.0%)   0.0001 (  0.0%)  Dominator Tree Construction
   0.0001 (  0.0%)   0.0000 (  0.0%)   0.0001 (  0.0%)   0.0001 (  0.0%)  Post-Dominator Tree Construction
   0.0001 (  0.0%)   0.0000 (  0.0%)   0.0001 (  0.0%)   0.0001 (  0.0%)  Remove redundant instructions
   0.0001 (  0.0%)   0.0000 (  0.0%)   0.0001 (  0.0%)   0.0001 (  0.0%)  Post-Dominator Tree Construction
   0.0001 (  0.0%)   0.0000 (  0.0%)   0.0001 (  0.0%)   0.0001 (  0.0%)  Dominator Tree Construction
   0.0000 (  0.0%)   0.0001 (  0.2%)   0.0001 (  0.0%)   0.0001 (  0.0%)  Infer nuw/nsw flags for instructions
   0.0001 (  0.0%)   0.0000 (  0.0%)   0.0001 (  0.0%)   0.0001 (  0.0%)  Infer nuw/nsw flags for instructions
   0.0001 (  0.0%)   0.0000 (  0.0%)   0.0001 (  0.0%)   0.0001 (  0.0%)  Infer nuw/nsw flags for instructions
   0.0001 (  0.0%)   0.0000 (  0.1%)   0.0001 (  0.0%)   0.0001 (  0.0%)  Post-Dominator Tree Construction
   0.0001 (  0.0%)   0.0000 (  0.0%)   0.0001 (  0.0%)   0.0001 (  0.0%)  Infer nuw/nsw flags for instructions
   0.0001 (  0.0%)   0.0000 (  0.0%)   0.0001 (  0.0%)   0.0001 (  0.0%)  Dominator Tree Construction
   0.0001 (  0.0%)   0.0000 (  0.0%)   0.0001 (  0.0%)   0.0001 (  0.0%)  Dominator Tree Construction
   0.0001 (  0.0%)   0.0000 (  0.0%)   0.0001 (  0.0%)   0.0001 (  0.0%)  Function Alias Analysis Results
   0.0001 (  0.0%)   0.0000 (  0.0%)   0.0001 (  0.0%)   0.0001 (  0.0%)  Dominator Tree Construction
   0.0001 (  0.0%)   0.0000 (  0.0%)   0.0001 (  0.0%)   0.0001 (  0.0%)  Function Alias Analysis Results
   0.0001 (  0.0%)   0.0000 (  0.0%)   0.0001 (  0.0%)   0.0001 (  0.0%)  Dominator Tree Construction
   0.0001 (  0.0%)   0.0000 (  0.0%)   0.0001 (  0.0%)   0.0001 (  0.0%)  Infer nuw/nsw flags for instructions
   0.0001 (  0.0%)   0.0000 (  0.0%)   0.0001 (  0.0%)   0.0001 (  0.0%)  Dominator Tree Construction
   0.0001 (  0.0%)   0.0000 (  0.0%)   0.0001 (  0.0%)   0.0001 (  0.0%)  Function Alias Analysis Results
   0.0001 (  0.0%)   0.0000 (  0.0%)   0.0001 (  0.0%)   0.0001 (  0.0%)  Dominator Tree Construction
   0.0001 (  0.0%)   0.0000 (  0.0%)   0.0001 (  0.0%)   0.0001 (  0.0%)  Dominator Tree Construction
   0.0001 (  0.0%)   0.0000 (  0.0%)   0.0001 (  0.0%)   0.0001 (  0.0%)  Dominator Tree Construction
   0.0001 (  0.0%)   0.0000 (  0.0%)   0.0001 (  0.0%)   0.0001 (  0.0%)  Dominator Tree Construction
   0.0001 (  0.0%)   0.0000 (  0.0%)   0.0001 (  0.0%)   0.0001 (  0.0%)  Dominator Tree Construction
   0.0001 (  0.0%)   0.0000 (  0.1%)   0.0001 (  0.0%)   0.0001 (  0.0%)  Function Alias Analysis Results
   0.0001 (  0.0%)   0.0000 (  0.0%)   0.0001 (  0.0%)   0.0001 (  0.0%)  Structure stription
   0.0000 (  0.0%)   0.0001 (  0.2%)   0.0001 (  0.0%)   0.0001 (  0.0%)  Dominator Tree Construction
   0.0001 (  0.0%)   0.0000 (  0.0%)   0.0001 (  0.0%)   0.0001 (  0.0%)  Dominator Tree Construction
   0.0000 (  0.0%)   0.0001 (  0.2%)   0.0001 (  0.0%)   0.0001 (  0.0%)  Dominator Tree Construction
   0.0001 (  0.0%)   0.0000 (  0.0%)   0.0001 (  0.0%)   0.0001 (  0.0%)  Dominator Tree Construction
   0.0001 (  0.0%)   0.0000 (  0.0%)   0.0001 (  0.0%)   0.0001 (  0.0%)  Function Alias Analysis Results
   0.0001 (  0.0%)   0.0000 (  0.0%)   0.0001 (  0.0%)   0.0001 (  0.0%)  Dominator Tree Construction
   0.0001 (  0.0%)   0.0000 (  0.0%)   0.0001 (  0.0%)   0.0001 (  0.0%)  Dominator Tree Construction
   0.0001 (  0.0%)   0.0000 (  0.0%)   0.0001 (  0.0%)   0.0001 (  0.0%)  Function Alias Analysis Results
   0.0000 (  0.0%)   0.0001 (  0.2%)   0.0001 (  0.0%)   0.0001 (  0.0%)  Dominator Tree Construction
   0.0001 (  0.0%)   0.0000 (  0.0%)   0.0001 (  0.0%)   0.0001 (  0.0%)  Loop-Closed SSA Form Pass
   0.0001 (  0.0%)   0.0000 (  0.0%)   0.0001 (  0.0%)   0.0001 (  0.0%)  Dominator Tree Construction
   0.0001 (  0.0%)   0.0000 (  0.0%)   0.0001 (  0.0%)   0.0001 (  0.0%)  Dominator Tree Construction
   0.0001 (  0.0%)   0.0000 (  0.0%)   0.0001 (  0.0%)   0.0001 (  0.0%)  Canonicalize natural loops
   0.0001 (  0.0%)   0.0000 (  0.0%)   0.0001 (  0.0%)   0.0001 (  0.0%)  Natural Loop Information
   0.0001 (  0.0%)   0.0000 (  0.0%)   0.0001 (  0.0%)   0.0001 (  0.0%)  Dominator Tree Construction
   0.0001 (  0.0%)   0.0000 (  0.0%)   0.0001 (  0.0%)   0.0001 (  0.0%)  Control Dependence Analysis
   0.0000 (  0.0%)   0.0001 (  0.1%)   0.0001 (  0.0%)   0.0001 (  0.0%)  Function Alias Analysis Results
   0.0001 (  0.0%)   0.0000 (  0.0%)   0.0001 (  0.0%)   0.0001 (  0.0%)  Post-Dominator Tree Construction
   0.0001 (  0.0%)   0.0000 (  0.0%)   0.0001 (  0.0%)   0.0001 (  0.0%)  Dominance Frontier Construction
   0.0001 (  0.0%)   0.0000 (  0.0%)   0.0001 (  0.0%)   0.0001 (  0.0%)  Canonicalize natural loops
   0.0001 (  0.0%)   0.0000 (  0.0%)   0.0001 (  0.0%)   0.0001 (  0.0%)  Dominator Tree Construction
   0.0001 (  0.0%)   0.0000 (  0.0%)   0.0001 (  0.0%)   0.0001 (  0.0%)  Dominator Tree Construction
   0.0001 (  0.0%)   0.0000 (  0.0%)   0.0001 (  0.0%)   0.0001 (  0.0%)  Function Alias Analysis Results
   0.0001 (  0.0%)   0.0000 (  0.0%)   0.0001 (  0.0%)   0.0001 (  0.0%)  Natural Loop Information
   0.0001 (  0.0%)   0.0000 (  0.0%)   0.0001 (  0.0%)   0.0001 (  0.0%)  Dominator Tree Construction
   0.0001 (  0.0%)   0.0000 (  0.0%)   0.0001 (  0.0%)   0.0001 (  0.0%)  Infer nuw/nsw flags for instructions
   0.0001 (  0.0%)   0.0000 (  0.0%)   0.0001 (  0.0%)   0.0001 (  0.0%)  Dominator Tree Construction
   0.0001 (  0.0%)   0.0000 (  0.0%)   0.0001 (  0.0%)   0.0001 (  0.0%)  Dominator Tree Construction
   0.0001 (  0.0%)   0.0000 (  0.0%)   0.0001 (  0.0%)   0.0001 (  0.0%)  Dominator Tree Construction
   0.0000 (  0.0%)   0.0000 (  0.1%)   0.0001 (  0.0%)   0.0001 (  0.0%)  Function Alias Analysis Results
   0.0001 (  0.0%)   0.0000 (  0.0%)   0.0001 (  0.0%)   0.0001 (  0.0%)  Canonicalize natural loops
   0.0001 (  0.0%)   0.0000 (  0.0%)   0.0001 (  0.0%)   0.0001 (  0.0%)  Dominator Tree Construction
   0.0001 (  0.0%)   0.0000 (  0.0%)   0.0001 (  0.0%)   0.0001 (  0.0%)  Basic Alias Analysis (stateless AA impl)
   0.0001 (  0.0%)   0.0000 (  0.0%)   0.0001 (  0.0%)   0.0001 (  0.0%)  Dominator Tree Construction
   0.0001 (  0.0%)   0.0000 (  0.0%)   0.0001 (  0.0%)   0.0001 (  0.0%)  Dominator Tree Construction
   0.0001 (  0.0%)   0.0000 (  0.0%)   0.0001 (  0.0%)   0.0001 (  0.0%)  Infer nuw/nsw flags for instructions
   0.0001 (  0.0%)   0.0000 (  0.0%)   0.0001 (  0.0%)   0.0001 (  0.0%)  Function Alias Analysis Results
   0.0001 (  0.0%)   0.0000 (  0.0%)   0.0001 (  0.0%)   0.0001 (  0.0%)  Dominator Tree Construction
   0.0001 (  0.0%)   0.0000 (  0.0%)   0.0001 (  0.0%)   0.0001 (  0.0%)  Dominator Tree Construction
   0.0001 (  0.0%)   0.0000 (  0.0%)   0.0001 (  0.0%)   0.0001 (  0.0%)  Dominator Tree Construction
   0.0001 (  0.0%)   0.0000 (  0.0%)   0.0001 (  0.0%)   0.0001 (  0.0%)  Infer nuw/nsw flags for instructions
   0.0001 (  0.0%)   0.0000 (  0.0%)   0.0001 (  0.0%)   0.0001 (  0.0%)  Dominator Tree Construction
   0.0001 (  0.0%)   0.0000 (  0.0%)   0.0001 (  0.0%)   0.0001 (  0.0%)  Dominator Tree Construction
   0.0000 (  0.0%)   0.0001 (  0.2%)   0.0001 (  0.0%)   0.0001 (  0.0%)  Dominator Tree Construction
   0.0001 (  0.0%)   0.0000 (  0.0%)   0.0001 (  0.0%)   0.0001 (  0.0%)  Natural Loop Information
   0.0001 (  0.0%)   0.0000 (  0.0%)   0.0001 (  0.0%)   0.0001 (  0.0%)  Post-Dominator Tree Construction
   0.0001 (  0.0%)   0.0000 (  0.0%)   0.0001 (  0.0%)   0.0001 (  0.0%)  Natural Loop Information
   0.0001 (  0.0%)   0.0000 (  0.0%)   0.0001 (  0.0%)   0.0001 (  0.0%)  Dominator Tree Construction
   0.0000 (  0.0%)   0.0001 (  0.1%)   0.0001 (  0.0%)   0.0001 (  0.0%)  Assign names to anonymous instructions (structure based)
   0.0001 (  0.0%)   0.0000 (  0.0%)   0.0001 (  0.0%)   0.0001 (  0.0%)  Canonicalize natural loops
   0.0001 (  0.0%)   0.0000 (  0.0%)   0.0001 (  0.0%)   0.0001 (  0.0%)  Dominator Tree Construction
   0.0001 (  0.0%)   0.0000 (  0.0%)   0.0001 (  0.0%)   0.0001 (  0.0%)  Function Alias Analysis Results
   0.0001 (  0.0%)   0.0000 (  0.0%)   0.0001 (  0.0%)   0.0001 (  0.0%)  Canonicalize natural loops
   0.0000 (  0.0%)   0.0001 (  0.2%)   0.0001 (  0.0%)   0.0001 (  0.0%)  Natural Loop Information
   0.0001 (  0.0%)   0.0000 (  0.0%)   0.0001 (  0.0%)   0.0001 (  0.0%)  Remove redundant instructions
   0.0001 (  0.0%)   0.0000 (  0.0%)   0.0001 (  0.0%)   0.0001 (  0.0%)  Dominator Tree Construction
   0.0001 (  0.0%)   0.0000 (  0.0%)   0.0001 (  0.0%)   0.0001 (  0.0%)  Function Alias Analysis Results
   0.0001 (  0.0%)   0.0000 (  0.0%)   0.0001 (  0.0%)   0.0001 (  0.0%)  Dominator Tree Construction
   0.0001 (  0.0%)   0.0000 (  0.0%)   0.0001 (  0.0%)   0.0001 (  0.0%)  Function Alias Analysis Results
   0.0001 (  0.0%)   0.0000 (  0.0%)   0.0001 (  0.0%)   0.0001 (  0.0%)  Dominator Tree Construction
   0.0001 (  0.0%)   0.0000 (  0.0%)   0.0001 (  0.0%)   0.0001 (  0.0%)  Function Alias Analysis Results
   0.0001 (  0.0%)   0.0000 (  0.0%)   0.0001 (  0.0%)   0.0001 (  0.0%)  Dominator Tree Construction
   0.0001 (  0.0%)   0.0000 (  0.0%)   0.0001 (  0.0%)   0.0001 (  0.0%)  Dominator Tree Construction
   0.0001 (  0.0%)   0.0000 (  0.0%)   0.0001 (  0.0%)   0.0001 (  0.0%)  Dominator Tree Construction
   0.0001 (  0.0%)   0.0000 (  0.0%)   0.0001 (  0.0%)   0.0001 (  0.0%)  Dominator Tree Construction
   0.0000 (  0.0%)   0.0001 (  0.2%)   0.0001 (  0.0%)   0.0001 (  0.0%)  Dominator Tree Construction
   0.0001 (  0.0%)   0.0000 (  0.0%)   0.0001 (  0.0%)   0.0001 (  0.0%)  Dominator Tree Construction
   0.0001 (  0.0%)   0.0000 (  0.1%)   0.0001 (  0.0%)   0.0001 (  0.0%)  Remove redundant instructions
   0.0000 (  0.0%)   0.0001 (  0.1%)   0.0001 (  0.0%)   0.0001 (  0.0%)  Canonicalize natural loops
   0.0001 (  0.0%)   0.0000 (  0.0%)   0.0001 (  0.0%)   0.0001 (  0.0%)  Natural Loop Information
   0.0000 (  0.0%)   0.0001 (  0.2%)   0.0001 (  0.0%)   0.0001 (  0.0%)  Canonicalize natural loops
   0.0001 (  0.0%)   0.0000 (  0.0%)   0.0001 (  0.0%)   0.0001 (  0.0%)  Dominator Tree Construction
   0.0001 (  0.0%)   0.0000 (  0.0%)   0.0001 (  0.0%)   0.0001 (  0.0%)  Natural Loop Information
   0.0001 (  0.0%)   0.0000 (  0.0%)   0.0001 (  0.0%)   0.0001 (  0.0%)  Dominator Tree Construction
   0.0001 (  0.0%)   0.0000 (  0.0%)   0.0001 (  0.0%)   0.0001 (  0.0%)  Simplify loop CFG
   0.0001 (  0.0%)   0.0000 (  0.0%)   0.0001 (  0.0%)   0.0001 (  0.0%)  Dominator Tree Construction
   0.0001 (  0.0%)   0.0000 (  0.0%)   0.0001 (  0.0%)   0.0001 (  0.0%)  Dominator Tree Construction
   0.0001 (  0.0%)   0.0000 (  0.0%)   0.0001 (  0.0%)   0.0001 (  0.0%)  Natural Loop Information
   0.0001 (  0.0%)   0.0000 (  0.0%)   0.0001 (  0.0%)   0.0001 (  0.0%)  Dominator Tree Construction
   0.0001 (  0.0%)   0.0000 (  0.0%)   0.0001 (  0.0%)   0.0001 (  0.0%)  Dominator Tree Construction
   0.0001 (  0.0%)   0.0000 (  0.0%)   0.0001 (  0.0%)   0.0001 (  0.0%)  Dominator Tree Construction
   0.0000 (  0.0%)   0.0001 (  0.2%)   0.0001 (  0.0%)   0.0001 (  0.0%)  Dominator Tree Construction
   0.0001 (  0.0%)   0.0000 (  0.0%)   0.0001 (  0.0%)   0.0001 (  0.0%)  Dominator Tree Construction
   0.0001 (  0.0%)   0.0000 (  0.0%)   0.0001 (  0.0%)   0.0001 (  0.0%)  Natural Loop Information
   0.0001 (  0.0%)   0.0000 (  0.0%)   0.0001 (  0.0%)   0.0001 (  0.0%)  Dominator Tree Construction
   0.0000 (  0.0%)   0.0000 (  0.1%)   0.0001 (  0.0%)   0.0001 (  0.0%)  Simple constant propagation
   0.0001 (  0.0%)   0.0000 (  0.0%)   0.0001 (  0.0%)   0.0001 (  0.0%)  Dominator Tree Construction
   0.0001 (  0.0%)   0.0000 (  0.0%)   0.0001 (  0.0%)   0.0001 (  0.0%)  Remove redundant instructions
   0.0001 (  0.0%)   0.0000 (  0.0%)   0.0001 (  0.0%)   0.0001 (  0.0%)  Dominator Tree Construction
   0.0001 (  0.0%)   0.0000 (  0.0%)   0.0001 (  0.0%)   0.0001 (  0.0%)  Function Alias Analysis Results
   0.0001 (  0.0%)   0.0000 (  0.0%)   0.0001 (  0.0%)   0.0001 (  0.0%)  Natural Loop Information
   0.0001 (  0.0%)   0.0000 (  0.0%)   0.0001 (  0.0%)   0.0001 (  0.0%)  Rotate Loops
   0.0001 (  0.0%)   0.0000 (  0.0%)   0.0001 (  0.0%)   0.0001 (  0.0%)  Dominator Tree Construction
   0.0001 (  0.0%)   0.0000 (  0.0%)   0.0001 (  0.0%)   0.0001 (  0.0%)  Remove redundant instructions
   0.0001 (  0.0%)   0.0000 (  0.0%)   0.0001 (  0.0%)   0.0001 (  0.0%)  InterfaceEncodingChange - Change Interface Encoding format
   0.0001 (  0.0%)   0.0000 (  0.0%)   0.0001 (  0.0%)   0.0001 (  0.0%)  Function Alias Analysis Results
   0.0001 (  0.0%)   0.0000 (  0.0%)   0.0001 (  0.0%)   0.0001 (  0.0%)  Dominator Tree Construction
   0.0001 (  0.0%)   0.0000 (  0.0%)   0.0001 (  0.0%)   0.0001 (  0.0%)  Natural Loop Information
   0.0001 (  0.0%)   0.0000 (  0.0%)   0.0001 (  0.0%)   0.0001 (  0.0%)  Dominator Tree Construction
   0.0001 (  0.0%)   0.0000 (  0.0%)   0.0001 (  0.0%)   0.0001 (  0.0%)  Dominator Tree Construction
   0.0001 (  0.0%)   0.0000 (  0.0%)   0.0001 (  0.0%)   0.0001 (  0.0%)  Natural Loop Information
   0.0001 (  0.0%)   0.0000 (  0.0%)   0.0001 (  0.0%)   0.0001 (  0.0%)  Dominator Tree Construction
   0.0000 (  0.0%)   0.0001 (  0.1%)   0.0001 (  0.0%)   0.0001 (  0.0%)  Canonicalize natural loops
   0.0001 (  0.0%)   0.0000 (  0.0%)   0.0001 (  0.0%)   0.0001 (  0.0%)  Dominator Tree Construction
   0.0001 (  0.0%)   0.0000 (  0.0%)   0.0001 (  0.0%)   0.0001 (  0.0%)  Dominance Frontier Construction
   0.0001 (  0.0%)   0.0000 (  0.0%)   0.0001 (  0.0%)   0.0001 (  0.0%)  Remove redundant instructions
   0.0000 (  0.0%)   0.0001 (  0.2%)   0.0001 (  0.0%)   0.0001 (  0.0%)  Dominator Tree Construction
   0.0001 (  0.0%)   0.0000 (  0.0%)   0.0001 (  0.0%)   0.0001 (  0.0%)  Remove redundant instructions
   0.0001 (  0.0%)   0.0000 (  0.0%)   0.0001 (  0.0%)   0.0001 (  0.0%)  Control Dependence Analysis
   0.0001 (  0.0%)   0.0000 (  0.0%)   0.0001 (  0.0%)   0.0001 (  0.0%)  Natural Loop Information
   0.0001 (  0.0%)   0.0000 (  0.0%)   0.0001 (  0.0%)   0.0001 (  0.0%)  Infer nuw/nsw flags for instructions
   0.0001 (  0.0%)   0.0000 (  0.0%)   0.0001 (  0.0%)   0.0001 (  0.0%)  Dominator Tree Construction
   0.0001 (  0.0%)   0.0000 (  0.0%)   0.0001 (  0.0%)   0.0001 (  0.0%)  Natural Loop Information
   0.0001 (  0.0%)   0.0000 (  0.0%)   0.0001 (  0.0%)   0.0001 (  0.0%)  Loop-Closed SSA Form Pass
   0.0001 (  0.0%)   0.0000 (  0.0%)   0.0001 (  0.0%)   0.0001 (  0.0%)  Natural Loop Information
   0.0001 (  0.0%)   0.0000 (  0.0%)   0.0001 (  0.0%)   0.0001 (  0.0%)  Natural Loop Information
   0.0001 (  0.0%)   0.0000 (  0.0%)   0.0001 (  0.0%)   0.0001 (  0.0%)  Natural Loop Information
   0.0001 (  0.0%)   0.0000 (  0.0%)   0.0001 (  0.0%)   0.0001 (  0.0%)  Natural Loop Information
   0.0001 (  0.0%)   0.0000 (  0.0%)   0.0001 (  0.0%)   0.0001 (  0.0%)  Natural Loop Information
   0.0001 (  0.0%)   0.0000 (  0.0%)   0.0001 (  0.0%)   0.0001 (  0.0%)  Dominator Tree Construction
   0.0001 (  0.0%)   0.0000 (  0.0%)   0.0001 (  0.0%)   0.0001 (  0.0%)  Array abnormal access check
   0.0001 (  0.0%)   0.0000 (  0.0%)   0.0001 (  0.0%)   0.0001 (  0.0%)  Dominator Tree Construction
   0.0001 (  0.0%)   0.0000 (  0.0%)   0.0001 (  0.0%)   0.0001 (  0.0%)  Natural Loop Information
   0.0001 (  0.0%)   0.0000 (  0.0%)   0.0001 (  0.0%)   0.0001 (  0.0%)  Natural Loop Information
   0.0000 (  0.0%)   0.0001 (  0.1%)   0.0001 (  0.0%)   0.0001 (  0.0%)  Dominator Tree Construction
   0.0001 (  0.0%)   0.0000 (  0.0%)   0.0001 (  0.0%)   0.0001 (  0.0%)  Dominator Tree Construction
   0.0001 (  0.0%)   0.0000 (  0.0%)   0.0001 (  0.0%)   0.0001 (  0.0%)  Dominator Tree Construction
   0.0001 (  0.0%)   0.0000 (  0.0%)   0.0001 (  0.0%)   0.0001 (  0.0%)  Simplify types in the LLVM IR, redundant type hierarchy
   0.0001 (  0.0%)   0.0000 (  0.0%)   0.0001 (  0.0%)   0.0001 (  0.0%)  Natural Loop Information
   0.0001 (  0.0%)   0.0000 (  0.0%)   0.0001 (  0.0%)   0.0001 (  0.0%)  Array abnormal access check
   0.0001 (  0.0%)   0.0000 (  0.0%)   0.0001 (  0.0%)   0.0001 (  0.0%)  Dominator Tree Construction
   0.0001 (  0.0%)   0.0000 (  0.0%)   0.0001 (  0.0%)   0.0001 (  0.0%)  Loop-Closed SSA Form Pass
   0.0000 (  0.0%)   0.0001 (  0.2%)   0.0001 (  0.0%)   0.0001 (  0.0%)  Natural Loop Information
   0.0001 (  0.0%)   0.0000 (  0.0%)   0.0001 (  0.0%)   0.0001 (  0.0%)  Canonicalize natural loops
   0.0001 (  0.0%)   0.0000 (  0.0%)   0.0001 (  0.0%)   0.0001 (  0.0%)  Natural Loop Information
   0.0001 (  0.0%)   0.0000 (  0.0%)   0.0001 (  0.0%)   0.0001 (  0.0%)  Natural Loop Information
   0.0001 (  0.0%)   0.0000 (  0.0%)   0.0001 (  0.0%)   0.0001 (  0.0%)  Dominator Tree Construction
   0.0001 (  0.0%)   0.0000 (  0.0%)   0.0001 (  0.0%)   0.0001 (  0.0%)  Natural Loop Information
   0.0001 (  0.0%)   0.0000 (  0.0%)   0.0001 (  0.0%)   0.0001 (  0.0%)  Natural Loop Information
   0.0001 (  0.0%)   0.0000 (  0.0%)   0.0001 (  0.0%)   0.0001 (  0.0%)  Dominator Tree Construction
   0.0001 (  0.0%)   0.0000 (  0.0%)   0.0001 (  0.0%)   0.0001 (  0.0%)  Dominator Tree Construction
   0.0000 (  0.0%)   0.0000 (  0.1%)   0.0001 (  0.0%)   0.0001 (  0.0%)  Dominator Tree Construction
   0.0001 (  0.0%)   0.0000 (  0.0%)   0.0001 (  0.0%)   0.0001 (  0.0%)  Dominator Tree Construction
   0.0001 (  0.0%)   0.0000 (  0.0%)   0.0001 (  0.0%)   0.0001 (  0.0%)  Array abnormal access check
   0.0001 (  0.0%)   0.0000 (  0.0%)   0.0001 (  0.0%)   0.0001 (  0.0%)  Natural Loop Information
   0.0001 (  0.0%)   0.0000 (  0.0%)   0.0001 (  0.0%)   0.0001 (  0.0%)  Dominator Tree Construction
   0.0001 (  0.0%)   0.0000 (  0.0%)   0.0001 (  0.0%)   0.0001 (  0.0%)  Remove redundant instructions
   0.0001 (  0.0%)   0.0000 (  0.0%)   0.0001 (  0.0%)   0.0001 (  0.0%)  Natural Loop Information
   0.0001 (  0.0%)   0.0000 (  0.0%)   0.0001 (  0.0%)   0.0001 (  0.0%)  Dominator Tree Construction
   0.0001 (  0.0%)   0.0000 (  0.0%)   0.0001 (  0.0%)   0.0001 (  0.0%)  Natural Loop Information
   0.0001 (  0.0%)   0.0000 (  0.0%)   0.0001 (  0.0%)   0.0001 (  0.0%)  Natural Loop Information
   0.0001 (  0.0%)   0.0000 (  0.0%)   0.0001 (  0.0%)   0.0001 (  0.0%)  Natural Loop Information
   0.0001 (  0.0%)   0.0000 (  0.0%)   0.0001 (  0.0%)   0.0001 (  0.0%)  Natural Loop Information
   0.0001 (  0.0%)   0.0000 (  0.0%)   0.0001 (  0.0%)   0.0001 (  0.0%)  Dominator Tree Construction
   0.0001 (  0.0%)   0.0000 (  0.0%)   0.0001 (  0.0%)   0.0001 (  0.0%)  Dominator Tree Construction
   0.0001 (  0.0%)   0.0000 (  0.0%)   0.0001 (  0.0%)   0.0001 (  0.0%)  Dominator Tree Construction
   0.0001 (  0.0%)   0.0000 (  0.0%)   0.0001 (  0.0%)   0.0001 (  0.0%)  Dominator Tree Construction
   0.0001 (  0.0%)   0.0000 (  0.0%)   0.0001 (  0.0%)   0.0001 (  0.0%)  Natural Loop Information
   0.0001 (  0.0%)   0.0000 (  0.0%)   0.0001 (  0.0%)   0.0001 (  0.0%)  Dominator Tree Construction
   0.0001 (  0.0%)   0.0000 (  0.0%)   0.0001 (  0.0%)   0.0001 (  0.0%)  Natural Loop Information
   0.0001 (  0.0%)   0.0000 (  0.0%)   0.0001 (  0.0%)   0.0001 (  0.0%)  Natural Loop Information
   0.0001 (  0.0%)   0.0000 (  0.0%)   0.0001 (  0.0%)   0.0001 (  0.0%)  Natural Loop Information
   0.0001 (  0.0%)   0.0000 (  0.0%)   0.0001 (  0.0%)   0.0001 (  0.0%)  Dominator Tree Construction
   0.0000 (  0.0%)   0.0001 (  0.2%)   0.0001 (  0.0%)   0.0001 (  0.0%)  Natural Loop Information
   0.0001 (  0.0%)   0.0000 (  0.0%)   0.0001 (  0.0%)   0.0001 (  0.0%)  Dominator Tree Construction
   0.0000 (  0.0%)   0.0001 (  0.1%)   0.0001 (  0.0%)   0.0001 (  0.0%)  Natural Loop Information
   0.0001 (  0.0%)   0.0000 (  0.0%)   0.0001 (  0.0%)   0.0001 (  0.0%)  Dominator Tree Construction
   0.0001 (  0.0%)   0.0000 (  0.0%)   0.0001 (  0.0%)   0.0001 (  0.0%)  Natural Loop Information
   0.0001 (  0.0%)   0.0000 (  0.0%)   0.0001 (  0.0%)   0.0001 (  0.0%)  Natural Loop Information
   0.0001 (  0.0%)   0.0000 (  0.0%)   0.0001 (  0.0%)   0.0001 (  0.0%)  Loop-Closed SSA Form Pass
   0.0001 (  0.0%)   0.0000 (  0.0%)   0.0001 (  0.0%)   0.0001 (  0.0%)  Natural Loop Information
   0.0001 (  0.0%)   0.0000 (  0.0%)   0.0001 (  0.0%)   0.0001 (  0.0%)  Natural Loop Information
   0.0000 (  0.0%)   0.0001 (  0.1%)   0.0001 (  0.0%)   0.0001 (  0.0%)  Natural Loop Information
   0.0001 (  0.0%)   0.0000 (  0.0%)   0.0001 (  0.0%)   0.0001 (  0.0%)  Natural Loop Information
   0.0000 (  0.0%)   0.0001 (  0.1%)   0.0001 (  0.0%)   0.0001 (  0.0%)  Loop-Closed SSA Form Pass
   0.0001 (  0.0%)   0.0000 (  0.0%)   0.0001 (  0.0%)   0.0001 (  0.0%)  Natural Loop Information
   0.0001 (  0.0%)   0.0000 (  0.0%)   0.0001 (  0.0%)   0.0001 (  0.0%)  Natural Loop Information
   0.0001 (  0.0%)   0.0000 (  0.0%)   0.0001 (  0.0%)   0.0001 (  0.0%)  Natural Loop Information
   0.0000 (  0.0%)   0.0001 (  0.1%)   0.0001 (  0.0%)   0.0001 (  0.0%)  Canonicalize natural loops
   0.0001 (  0.0%)   0.0000 (  0.0%)   0.0001 (  0.0%)   0.0001 (  0.0%)  Natural Loop Information
   0.0001 (  0.0%)   0.0000 (  0.0%)   0.0001 (  0.0%)   0.0001 (  0.0%)  Natural Loop Information
   0.0001 (  0.0%)   0.0000 (  0.0%)   0.0001 (  0.0%)   0.0001 (  0.0%)  Natural Loop Information
   0.0001 (  0.0%)   0.0000 (  0.0%)   0.0001 (  0.0%)   0.0001 (  0.0%)  Natural Loop Information
   0.0001 (  0.0%)   0.0000 (  0.0%)   0.0001 (  0.0%)   0.0001 (  0.0%)  Natural Loop Information
   0.0001 (  0.0%)   0.0000 (  0.0%)   0.0001 (  0.0%)   0.0001 (  0.0%)  Natural Loop Information
   0.0001 (  0.0%)   0.0000 (  0.0%)   0.0001 (  0.0%)   0.0001 (  0.0%)  Loop-Closed SSA Form Pass
   0.0001 (  0.0%)   0.0000 (  0.0%)   0.0001 (  0.0%)   0.0001 (  0.0%)  Natural Loop Information
   0.0001 (  0.0%)   0.0000 (  0.0%)   0.0001 (  0.0%)   0.0001 (  0.0%)  Natural Loop Information
   0.0000 (  0.0%)   0.0001 (  0.1%)   0.0001 (  0.0%)   0.0001 (  0.0%)  Natural Loop Information
   0.0001 (  0.0%)   0.0000 (  0.0%)   0.0001 (  0.0%)   0.0001 (  0.0%)  Natural Loop Information
   0.0001 (  0.0%)   0.0000 (  0.0%)   0.0001 (  0.0%)   0.0001 (  0.0%)  Canonicalize natural loops
   0.0001 (  0.0%)   0.0000 (  0.0%)   0.0001 (  0.0%)   0.0001 (  0.0%)  Natural Loop Information
   0.0001 (  0.0%)   0.0000 (  0.0%)   0.0001 (  0.0%)   0.0001 (  0.0%)  Natural Loop Information
   0.0000 (  0.0%)   0.0001 (  0.1%)   0.0001 (  0.0%)   0.0001 (  0.0%)  Natural Loop Information
   0.0001 (  0.0%)   0.0000 (  0.0%)   0.0001 (  0.0%)   0.0001 (  0.0%)  Canonicalize natural loops
   0.0001 (  0.0%)   0.0000 (  0.0%)   0.0001 (  0.0%)   0.0001 (  0.0%)  Natural Loop Information
   0.0000 (  0.0%)   0.0001 (  0.2%)   0.0001 (  0.0%)   0.0001 (  0.0%)  Loop-Closed SSA Form Pass
   0.0001 (  0.0%)   0.0000 (  0.0%)   0.0001 (  0.0%)   0.0001 (  0.0%)  Natural Loop Information
   0.0001 (  0.0%)   0.0000 (  0.0%)   0.0001 (  0.0%)   0.0001 (  0.0%)  Natural Loop Information
   0.0001 (  0.0%)   0.0000 (  0.0%)   0.0001 (  0.0%)   0.0001 (  0.0%)  Dominator Tree Construction
   0.0001 (  0.0%)   0.0000 (  0.0%)   0.0001 (  0.0%)   0.0001 (  0.0%)  Natural Loop Information
   0.0001 (  0.0%)   0.0000 (  0.0%)   0.0001 (  0.0%)   0.0001 (  0.0%)  Loop-Closed SSA Form Pass
   0.0001 (  0.0%)   0.0000 (  0.0%)   0.0001 (  0.0%)   0.0001 (  0.0%)  Dominator Tree Construction
   0.0001 (  0.0%)   0.0000 (  0.0%)   0.0001 (  0.0%)   0.0001 (  0.0%)  Scalar Evolution Analysis
   0.0001 (  0.0%)   0.0000 (  0.0%)   0.0001 (  0.0%)   0.0001 (  0.0%)  Natural Loop Information
   0.0001 (  0.0%)   0.0000 (  0.0%)   0.0001 (  0.0%)   0.0001 (  0.0%)  Natural Loop Information
   0.0001 (  0.0%)   0.0000 (  0.0%)   0.0001 (  0.0%)   0.0001 (  0.0%)  Natural Loop Information
   0.0000 (  0.0%)   0.0001 (  0.1%)   0.0001 (  0.0%)   0.0001 (  0.0%)  Natural Loop Information
   0.0001 (  0.0%)   0.0000 (  0.0%)   0.0001 (  0.0%)   0.0001 (  0.0%)  Natural Loop Information
   0.0001 (  0.0%)   0.0000 (  0.0%)   0.0001 (  0.0%)   0.0001 (  0.0%)  Natural Loop Information
   0.0001 (  0.0%)   0.0000 (  0.0%)   0.0001 (  0.0%)   0.0001 (  0.0%)  Natural Loop Information
   0.0001 (  0.0%)   0.0000 (  0.0%)   0.0001 (  0.0%)   0.0001 (  0.0%)  Infer nuw/nsw flags for instructions
   0.0001 (  0.0%)   0.0000 (  0.0%)   0.0001 (  0.0%)   0.0001 (  0.0%)  Dominance Frontier Construction
   0.0001 (  0.0%)   0.0000 (  0.0%)   0.0001 (  0.0%)   0.0001 (  0.0%)  Natural Loop Information
   0.0001 (  0.0%)   0.0000 (  0.0%)   0.0001 (  0.0%)   0.0001 (  0.0%)  Natural Loop Information
   0.0001 (  0.0%)   0.0000 (  0.0%)   0.0001 (  0.0%)   0.0001 (  0.0%)  Natural Loop Information
   0.0001 (  0.0%)   0.0000 (  0.0%)   0.0001 (  0.0%)   0.0001 (  0.0%)  Loop-Closed SSA Form Pass
   0.0001 (  0.0%)   0.0000 (  0.0%)   0.0001 (  0.0%)   0.0001 (  0.0%)  Natural Loop Information
   0.0001 (  0.0%)   0.0000 (  0.0%)   0.0001 (  0.0%)   0.0001 (  0.0%)  Natural Loop Information
   0.0000 (  0.0%)   0.0001 (  0.2%)   0.0001 (  0.0%)   0.0001 (  0.0%)  Dominator Tree Construction
   0.0001 (  0.0%)   0.0000 (  0.0%)   0.0001 (  0.0%)   0.0001 (  0.0%)  Infer nuw/nsw flags for instructions
   0.0001 (  0.0%)   0.0000 (  0.0%)   0.0001 (  0.0%)   0.0001 (  0.0%)  Natural Loop Information
   0.0001 (  0.0%)   0.0000 (  0.0%)   0.0001 (  0.0%)   0.0001 (  0.0%)  Natural Loop Information
   0.0001 (  0.0%)   0.0000 (  0.0%)   0.0001 (  0.0%)   0.0001 (  0.0%)  Natural Loop Information
   0.0001 (  0.0%)   0.0000 (  0.0%)   0.0001 (  0.0%)   0.0001 (  0.0%)  Natural Loop Information
   0.0001 (  0.0%)   0.0000 (  0.0%)   0.0001 (  0.0%)   0.0001 (  0.0%)  Natural Loop Information
   0.0001 (  0.0%)   0.0000 (  0.0%)   0.0001 (  0.0%)   0.0001 (  0.0%)  Canonicalize natural loops
   0.0001 (  0.0%)   0.0000 (  0.0%)   0.0001 (  0.0%)   0.0001 (  0.0%)  Natural Loop Information
   0.0001 (  0.0%)   0.0000 (  0.0%)   0.0001 (  0.0%)   0.0001 (  0.0%)  Natural Loop Information
   0.0001 (  0.0%)   0.0000 (  0.0%)   0.0001 (  0.0%)   0.0001 (  0.0%)  Loop-Closed SSA Form Pass
   0.0001 (  0.0%)   0.0000 (  0.0%)   0.0001 (  0.0%)   0.0001 (  0.0%)  Natural Loop Information
   0.0001 (  0.0%)   0.0000 (  0.0%)   0.0001 (  0.0%)   0.0001 (  0.0%)  Natural Loop Information
   0.0001 (  0.0%)   0.0000 (  0.0%)   0.0001 (  0.0%)   0.0001 (  0.0%)  Simplify types in the LLVM IR, redundant type hierarchy
   0.0001 (  0.0%)   0.0000 (  0.0%)   0.0001 (  0.0%)   0.0001 (  0.0%)  Loop-Closed SSA Form Pass
   0.0001 (  0.0%)   0.0000 (  0.0%)   0.0001 (  0.0%)   0.0001 (  0.0%)  Remove redundant instructions
   0.0001 (  0.0%)   0.0000 (  0.0%)   0.0001 (  0.0%)   0.0001 (  0.0%)  Loop-Closed SSA Form Pass
   0.0001 (  0.0%)   0.0000 (  0.0%)   0.0001 (  0.0%)   0.0001 (  0.0%)  Loop-Closed SSA Form Pass
   0.0001 (  0.0%)   0.0000 (  0.0%)   0.0001 (  0.0%)   0.0001 (  0.0%)  Dominator Tree Construction
   0.0001 (  0.0%)   0.0000 (  0.0%)   0.0001 (  0.0%)   0.0001 (  0.0%)  Dominator Tree Construction
   0.0000 (  0.0%)   0.0001 (  0.1%)   0.0001 (  0.0%)   0.0001 (  0.0%)  Natural Loop Information
   0.0001 (  0.0%)   0.0000 (  0.0%)   0.0001 (  0.0%)   0.0001 (  0.0%)  Natural Loop Information
   0.0001 (  0.0%)   0.0000 (  0.0%)   0.0001 (  0.0%)   0.0001 (  0.0%)  Canonicalize natural loops
   0.0001 (  0.0%)   0.0000 (  0.0%)   0.0001 (  0.0%)   0.0001 (  0.0%)  Natural Loop Information
   0.0001 (  0.0%)   0.0000 (  0.0%)   0.0001 (  0.0%)   0.0001 (  0.0%)  Canonicalize natural loops
   0.0001 (  0.0%)   0.0000 (  0.0%)   0.0001 (  0.0%)   0.0001 (  0.0%)  Dominator Tree Construction
   0.0001 (  0.0%)   0.0000 (  0.0%)   0.0001 (  0.0%)   0.0001 (  0.0%)  Natural Loop Information
   0.0001 (  0.0%)   0.0000 (  0.0%)   0.0001 (  0.0%)   0.0001 (  0.0%)  Merge accesses in the same region
   0.0001 (  0.0%)   0.0000 (  0.0%)   0.0001 (  0.0%)   0.0001 (  0.0%)  Natural Loop Information
   0.0001 (  0.0%)   0.0000 (  0.0%)   0.0001 (  0.0%)   0.0001 (  0.0%)  Natural Loop Information
   0.0001 (  0.0%)   0.0000 (  0.0%)   0.0001 (  0.0%)   0.0001 (  0.0%)  Natural Loop Information
   0.0001 (  0.0%)   0.0000 (  0.0%)   0.0001 (  0.0%)   0.0001 (  0.0%)  Scalar Evolution Analysis
   0.0001 (  0.0%)   0.0000 (  0.0%)   0.0001 (  0.0%)   0.0001 (  0.0%)  Natural Loop Information
   0.0001 (  0.0%)   0.0000 (  0.0%)   0.0001 (  0.0%)   0.0001 (  0.0%)  Natural Loop Information
   0.0001 (  0.0%)   0.0000 (  0.0%)   0.0001 (  0.0%)   0.0001 (  0.0%)  Dominator Tree Construction
   0.0001 (  0.0%)   0.0000 (  0.0%)   0.0001 (  0.0%)   0.0001 (  0.0%)  Dominator Tree Construction
   0.0001 (  0.0%)   0.0000 (  0.0%)   0.0001 (  0.0%)   0.0001 (  0.0%)  Canonicalize natural loops
   0.0001 (  0.0%)   0.0000 (  0.0%)   0.0001 (  0.0%)   0.0001 (  0.0%)  Loop-Closed SSA Form Pass
   0.0001 (  0.0%)   0.0000 (  0.0%)   0.0001 (  0.0%)   0.0001 (  0.0%)  Natural Loop Information
   0.0001 (  0.0%)   0.0000 (  0.0%)   0.0001 (  0.0%)   0.0001 (  0.0%)  Natural Loop Information
   0.0000 (  0.0%)   0.0001 (  0.2%)   0.0001 (  0.0%)   0.0001 (  0.0%)  Object Decomposition
   0.0001 (  0.0%)   0.0000 (  0.0%)   0.0001 (  0.0%)   0.0001 (  0.0%)  CallGraph Construction
   0.0001 (  0.0%)   0.0000 (  0.0%)   0.0001 (  0.0%)   0.0001 (  0.0%)  Canonicalize natural loops
   0.0001 (  0.0%)   0.0000 (  0.0%)   0.0001 (  0.0%)   0.0001 (  0.0%)  Natural Loop Information
   0.0001 (  0.0%)   0.0000 (  0.0%)   0.0001 (  0.0%)   0.0001 (  0.0%)  Natural Loop Information
   0.0000 (  0.0%)   0.0000 (  0.1%)   0.0001 (  0.0%)   0.0001 (  0.0%)  Natural Loop Information
   0.0001 (  0.0%)   0.0000 (  0.0%)   0.0001 (  0.0%)   0.0001 (  0.0%)  Scalar Evolution Analysis
   0.0001 (  0.0%)   0.0000 (  0.0%)   0.0001 (  0.0%)   0.0001 (  0.0%)  Infer nuw/nsw flags for instructions
   0.0001 (  0.0%)   0.0000 (  0.0%)   0.0001 (  0.0%)   0.0001 (  0.0%)  Natural Loop Information
   0.0001 (  0.0%)   0.0000 (  0.0%)   0.0001 (  0.0%)   0.0001 (  0.0%)  Infer PPPO for array-to-streams
   0.0001 (  0.0%)   0.0000 (  0.0%)   0.0001 (  0.0%)   0.0001 (  0.0%)  Scalar Evolution Analysis
   0.0001 (  0.0%)   0.0000 (  0.0%)   0.0001 (  0.0%)   0.0001 (  0.0%)  Array abnormal access check
   0.0001 (  0.0%)   0.0000 (  0.0%)   0.0001 (  0.0%)   0.0001 (  0.0%)  Natural Loop Information
   0.0001 (  0.0%)   0.0000 (  0.0%)   0.0001 (  0.0%)   0.0001 (  0.0%)  Natural Loop Information
   0.0000 (  0.0%)   0.0001 (  0.1%)   0.0001 (  0.0%)   0.0001 (  0.0%)  Scalar Evolution Analysis
   0.0001 (  0.0%)   0.0000 (  0.0%)   0.0001 (  0.0%)   0.0001 (  0.0%)  Canonicalize natural loops
   0.0001 (  0.0%)   0.0000 (  0.0%)   0.0001 (  0.0%)   0.0001 (  0.0%)  Natural Loop Information
   0.0001 (  0.0%)   0.0000 (  0.0%)   0.0001 (  0.0%)   0.0001 (  0.0%)  Rotate Loops
   0.0001 (  0.0%)   0.0000 (  0.0%)   0.0001 (  0.0%)   0.0001 (  0.0%)  Natural Loop Information
   0.0001 (  0.0%)   0.0000 (  0.0%)   0.0001 (  0.0%)   0.0001 (  0.0%)  Loop-Closed SSA Form Pass
   0.0001 (  0.0%)   0.0000 (  0.0%)   0.0001 (  0.0%)   0.0001 (  0.0%)  Natural Loop Information
   0.0000 (  0.0%)   0.0001 (  0.1%)   0.0001 (  0.0%)   0.0001 (  0.0%)  CallGraph Construction
   0.0001 (  0.0%)   0.0000 (  0.0%)   0.0001 (  0.0%)   0.0001 (  0.0%)  Dead Store Elimination
   0.0001 (  0.0%)   0.0000 (  0.0%)   0.0001 (  0.0%)   0.0001 (  0.0%)  Natural Loop Information
   0.0001 (  0.0%)   0.0000 (  0.0%)   0.0001 (  0.0%)   0.0001 (  0.0%)  Natural Loop Information
   0.0001 (  0.0%)   0.0000 (  0.0%)   0.0001 (  0.0%)   0.0001 (  0.0%)  Array abnormal access check
   0.0001 (  0.0%)   0.0000 (  0.0%)   0.0001 (  0.0%)   0.0001 (  0.0%)  Auto automatic array partition filter analysis
   0.0000 (  0.0%)   0.0001 (  0.1%)   0.0001 (  0.0%)   0.0001 (  0.0%)  Canonicalize natural loops
   0.0001 (  0.0%)   0.0000 (  0.0%)   0.0001 (  0.0%)   0.0001 (  0.0%)  Infer PPPO for array-to-streams
   0.0001 (  0.0%)   0.0000 (  0.0%)   0.0001 (  0.0%)   0.0001 (  0.0%)  CallGraph Construction
   0.0000 (  0.0%)   0.0000 (  0.1%)   0.0001 (  0.0%)   0.0001 (  0.0%)  Loop-Closed SSA Form Pass
   0.0001 (  0.0%)   0.0000 (  0.0%)   0.0001 (  0.0%)   0.0001 (  0.0%)  Natural Loop Information
   0.0001 (  0.0%)   0.0000 (  0.0%)   0.0001 (  0.0%)   0.0001 (  0.0%)  Loop-Closed SSA Form Pass
   0.0000 (  0.0%)   0.0000 (  0.0%)   0.0001 (  0.0%)   0.0001 (  0.0%)  Infer PPPO for array-to-streams
   0.0001 (  0.0%)   0.0000 (  0.0%)   0.0001 (  0.0%)   0.0001 (  0.0%)  Natural Loop Information
   0.0001 (  0.0%)   0.0000 (  0.0%)   0.0001 (  0.0%)   0.0001 (  0.0%)  Function Alias Analysis Results
   0.0001 (  0.0%)   0.0000 (  0.0%)   0.0001 (  0.0%)   0.0001 (  0.0%)  Natural Loop Information
   0.0001 (  0.0%)   0.0000 (  0.0%)   0.0001 (  0.0%)   0.0001 (  0.0%)  Function Alias Analysis Results
   0.0001 (  0.0%)   0.0000 (  0.0%)   0.0001 (  0.0%)   0.0001 (  0.0%)  Natural Loop Information
   0.0001 (  0.0%)   0.0000 (  0.0%)   0.0001 (  0.0%)   0.0001 (  0.0%)  Preprocessing before loop rotation
   0.0001 (  0.0%)   0.0000 (  0.0%)   0.0001 (  0.0%)   0.0001 (  0.0%)  Natural Loop Information
   0.0001 (  0.0%)   0.0000 (  0.0%)   0.0001 (  0.0%)   0.0001 (  0.0%)  Loop-Closed SSA Form Pass
   0.0001 (  0.0%)   0.0000 (  0.0%)   0.0001 (  0.0%)   0.0001 (  0.0%)  Natural Loop Information
   0.0001 (  0.0%)   0.0000 (  0.0%)   0.0001 (  0.0%)   0.0001 (  0.0%)  Assign names to anonymous instructions (structure based)
   0.0000 (  0.0%)   0.0000 (  0.1%)   0.0001 (  0.0%)   0.0001 (  0.0%)  Natural Loop Information
   0.0001 (  0.0%)   0.0000 (  0.0%)   0.0001 (  0.0%)   0.0001 (  0.0%)  Scalar Evolution Analysis
   0.0001 (  0.0%)   0.0000 (  0.0%)   0.0001 (  0.0%)   0.0001 (  0.0%)  Scalar Evolution Analysis
   0.0000 (  0.0%)   0.0000 (  0.0%)   0.0001 (  0.0%)   0.0001 (  0.0%)  Simplify loop CFG
   0.0000 (  0.0%)   0.0000 (  0.0%)   0.0001 (  0.0%)   0.0001 (  0.0%)  Simplify loop CFG
   0.0000 (  0.0%)   0.0000 (  0.0%)   0.0001 (  0.0%)   0.0001 (  0.0%)  Eliminate pointer selection
   0.0000 (  0.0%)   0.0000 (  0.0%)   0.0001 (  0.0%)   0.0001 (  0.0%)  LowerPredicate - Lower predicates to control-flow
   0.0001 (  0.0%)   0.0000 (  0.0%)   0.0001 (  0.0%)   0.0001 (  0.0%)  AnnotateNoAlias - Annotate NoAlias Attribute on Arguments
   0.0001 (  0.0%)   0.0000 (  0.0%)   0.0001 (  0.0%)   0.0001 (  0.0%)  Special handling of axis with side-channels
   0.0001 (  0.0%)   0.0000 (  0.0%)   0.0001 (  0.0%)   0.0001 (  0.0%)  Natural Loop Information
   0.0001 (  0.0%)   0.0000 (  0.0%)   0.0001 (  0.0%)   0.0001 (  0.0%)  Lower directive scopes
   0.0001 (  0.0%)   0.0000 (  0.0%)   0.0001 (  0.0%)   0.0001 (  0.0%)  Natural Loop Information
   0.0001 (  0.0%)   0.0000 (  0.0%)   0.0001 (  0.0%)   0.0001 (  0.0%)  Scalar Evolution Analysis
   0.0000 (  0.0%)   0.0000 (  0.0%)   0.0001 (  0.0%)   0.0001 (  0.0%)  Loop-Closed SSA Form Pass
   0.0001 (  0.0%)   0.0000 (  0.0%)   0.0001 (  0.0%)   0.0001 (  0.0%)  Natural Loop Information
   0.0000 (  0.0%)   0.0000 (  0.0%)   0.0001 (  0.0%)   0.0001 (  0.0%)  Assign names to anonymous instructions (structure based)
   0.0000 (  0.0%)   0.0000 (  0.0%)   0.0001 (  0.0%)   0.0001 (  0.0%)  Scalar Evolution Analysis
   0.0000 (  0.0%)   0.0000 (  0.0%)   0.0000 (  0.0%)   0.0000 (  0.0%)  Delete dead loops
   0.0001 (  0.0%)   0.0000 (  0.0%)   0.0001 (  0.0%)   0.0000 (  0.0%)  Natural Loop Information
   0.0000 (  0.0%)   0.0000 (  0.0%)   0.0001 (  0.0%)   0.0000 (  0.0%)  Loop-Closed SSA Form Pass
   0.0000 (  0.0%)   0.0000 (  0.0%)   0.0000 (  0.0%)   0.0000 (  0.0%)  Scalar Evolution Analysis
   0.0001 (  0.0%)   0.0000 (  0.0%)   0.0001 (  0.0%)   0.0000 (  0.0%)  Simplify loop CFG
   0.0000 (  0.0%)   0.0000 (  0.0%)   0.0000 (  0.0%)   0.0000 (  0.0%)  AttrPropagation - Propagate Pointer Parameter Attribute
   0.0000 (  0.0%)   0.0000 (  0.0%)   0.0000 (  0.0%)   0.0000 (  0.0%)  Auto automatic array partition filter analysis
   0.0000 (  0.0%)   0.0000 (  0.0%)   0.0000 (  0.0%)   0.0000 (  0.0%)  Natural Loop Information
   0.0000 (  0.0%)   0.0000 (  0.1%)   0.0000 (  0.0%)   0.0000 (  0.0%)  CallGraph Construction
   0.0000 (  0.0%)   0.0000 (  0.0%)   0.0000 (  0.0%)   0.0000 (  0.0%)  Scalar Evolution Analysis
   0.0000 (  0.0%)   0.0000 (  0.0%)   0.0000 (  0.0%)   0.0000 (  0.0%)  Assign names to anonymous instructions (structure based)
   0.0000 (  0.0%)   0.0000 (  0.1%)   0.0000 (  0.0%)   0.0000 (  0.0%)  Dead Global Elimination
   0.0000 (  0.0%)   0.0000 (  0.0%)   0.0000 (  0.0%)   0.0000 (  0.0%)  Reduce the height of tree
   0.0000 (  0.0%)   0.0000 (  0.0%)   0.0000 (  0.0%)   0.0000 (  0.0%)  Loop-Closed SSA Form Pass
   0.0000 (  0.0%)   0.0000 (  0.0%)   0.0000 (  0.0%)   0.0000 (  0.0%)  AnnotateNoAlias - Annotate NoAlias Attribute on Arguments
   0.0000 (  0.0%)   0.0000 (  0.0%)   0.0000 (  0.0%)   0.0000 (  0.0%)  Delete dead loops
   0.0000 (  0.0%)   0.0000 (  0.0%)   0.0000 (  0.0%)   0.0000 (  0.0%)  Delete dead loops
   0.0000 (  0.0%)   0.0000 (  0.0%)   0.0000 (  0.0%)   0.0000 (  0.0%)  Basic Alias Analysis (stateless AA impl)
   0.0000 (  0.0%)   0.0000 (  0.0%)   0.0000 (  0.0%)   0.0000 (  0.0%)  Simplify loop CFG
   0.0000 (  0.0%)   0.0000 (  0.1%)   0.0000 (  0.0%)   0.0000 (  0.0%)  Dead Code Elimination
   0.0000 (  0.0%)   0.0000 (  0.0%)   0.0000 (  0.0%)   0.0000 (  0.0%)  Delete dead loops
   0.0000 (  0.0%)   0.0000 (  0.1%)   0.0000 (  0.0%)   0.0000 (  0.0%)  SROA
   0.0000 (  0.0%)   0.0000 (  0.1%)   0.0000 (  0.0%)   0.0000 (  0.0%)  Delete dead loops
   0.0000 (  0.0%)   0.0000 (  0.0%)   0.0000 (  0.0%)   0.0000 (  0.0%)  Loop-Closed SSA Form Pass
   0.0000 (  0.0%)   0.0000 (  0.0%)   0.0000 (  0.0%)   0.0000 (  0.0%)  Scalar Evolution Analysis
   0.0000 (  0.0%)   0.0000 (  0.0%)   0.0000 (  0.0%)   0.0000 (  0.0%)  Dead Global Elimination
   0.0000 (  0.0%)   0.0000 (  0.1%)   0.0000 (  0.0%)   0.0000 (  0.0%)  SROA
   0.0000 (  0.0%)   0.0000 (  0.0%)   0.0000 (  0.0%)   0.0000 (  0.0%)  CallGraph Construction
   0.0000 (  0.0%)   0.0000 (  0.0%)   0.0000 (  0.0%)   0.0000 (  0.0%)  Auto automatic array partition filter analysis
   0.0000 (  0.0%)   0.0000 (  0.1%)   0.0000 (  0.0%)   0.0000 (  0.0%)  Reduce the height of tree
   0.0000 (  0.0%)   0.0000 (  0.0%)   0.0000 (  0.0%)   0.0000 (  0.0%)  Simplify loop CFG
   0.0000 (  0.0%)   0.0000 (  0.0%)   0.0000 (  0.0%)   0.0000 (  0.0%)  Auto automatic array partition filter analysis
   0.0000 (  0.0%)   0.0000 (  0.0%)   0.0000 (  0.0%)   0.0000 (  0.0%)  Scalar Evolution Analysis
   0.0000 (  0.0%)   0.0000 (  0.0%)   0.0000 (  0.0%)   0.0000 (  0.0%)  Loop-Closed SSA Form Pass
   0.0000 (  0.0%)   0.0000 (  0.0%)   0.0000 (  0.0%)   0.0000 (  0.0%)  Loop-Closed SSA Form Pass
   0.0000 (  0.0%)   0.0000 (  0.0%)   0.0000 (  0.0%)   0.0000 (  0.0%)  Basic Alias Analysis (stateless AA impl)
   0.0000 (  0.0%)   0.0000 (  0.0%)   0.0000 (  0.0%)   0.0000 (  0.0%)  Loop-Closed SSA Form Pass
   0.0000 (  0.0%)   0.0000 (  0.0%)   0.0000 (  0.0%)   0.0000 (  0.0%)  Global Variable Optimizer
   0.0000 (  0.0%)   0.0000 (  0.0%)   0.0000 (  0.0%)   0.0000 (  0.0%)  SROA
   0.0000 (  0.0%)   0.0000 (  0.0%)   0.0000 (  0.0%)   0.0000 (  0.0%)  Simplify loop CFG
   0.0000 (  0.0%)   0.0000 (  0.0%)   0.0000 (  0.0%)   0.0000 (  0.0%)  Function duplication
   0.0000 (  0.0%)   0.0000 (  0.0%)   0.0000 (  0.0%)   0.0000 (  0.0%)  Auto automatic array partition filter analysis
   0.0000 (  0.0%)   0.0000 (  0.0%)   0.0000 (  0.0%)   0.0000 (  0.0%)  Function Alias Analysis Results
   0.0000 (  0.0%)   0.0000 (  0.0%)   0.0000 (  0.0%)   0.0000 (  0.0%)  Scalar Evolution Analysis
   0.0000 (  0.0%)   0.0000 (  0.0%)   0.0000 (  0.0%)   0.0000 (  0.0%)  Eliminate pointer selection
   0.0000 (  0.0%)   0.0000 (  0.0%)   0.0000 (  0.0%)   0.0000 (  0.0%)  CallGraph Construction
   0.0000 (  0.0%)   0.0000 (  0.0%)   0.0000 (  0.0%)   0.0000 (  0.0%)  Scalar Evolution Analysis
   0.0000 (  0.0%)   0.0000 (  0.0%)   0.0000 (  0.0%)   0.0000 (  0.0%)  Object Decomposition
   0.0000 (  0.0%)   0.0000 (  0.0%)   0.0000 (  0.0%)   0.0000 (  0.0%)  Dead Code Elimination
   0.0000 (  0.0%)   0.0000 (  0.0%)   0.0000 (  0.0%)   0.0000 (  0.0%)  Function Alias Analysis Results
   0.0000 (  0.0%)   0.0000 (  0.0%)   0.0000 (  0.0%)   0.0000 (  0.0%)  Function Alias Analysis Results
   0.0000 (  0.0%)   0.0000 (  0.0%)   0.0000 (  0.0%)   0.0000 (  0.0%)  Eliminate pointer selection
   0.0000 (  0.0%)   0.0000 (  0.0%)   0.0000 (  0.0%)   0.0000 (  0.0%)  InferXCLAttributes - Infer XCL attributes
   0.0000 (  0.0%)   0.0000 (  0.0%)   0.0000 (  0.0%)   0.0000 (  0.0%)  Scalar Evolution Analysis
   0.0000 (  0.0%)   0.0000 (  0.1%)   0.0000 (  0.0%)   0.0000 (  0.0%)  Function Alias Analysis Results
   0.0000 (  0.0%)   0.0000 (  0.1%)   0.0000 (  0.0%)   0.0000 (  0.0%)  Dead Code Elimination
   0.0000 (  0.0%)   0.0000 (  0.0%)   0.0000 (  0.0%)   0.0000 (  0.0%)  CallGraph Construction
   0.0000 (  0.0%)   0.0000 (  0.0%)   0.0000 (  0.0%)   0.0000 (  0.0%)  Function Alias Analysis Results
   0.0000 (  0.0%)   0.0000 (  0.0%)   0.0000 (  0.0%)   0.0000 (  0.0%)  Delete dead loops
   0.0000 (  0.0%)   0.0000 (  0.0%)   0.0000 (  0.0%)   0.0000 (  0.0%)  Function Alias Analysis Results
   0.0000 (  0.0%)   0.0000 (  0.1%)   0.0000 (  0.0%)   0.0000 (  0.0%)  CallGraph Construction
   0.0000 (  0.0%)   0.0000 (  0.0%)   0.0000 (  0.0%)   0.0000 (  0.0%)  CallGraph Construction
   0.0000 (  0.0%)   0.0000 (  0.0%)   0.0000 (  0.0%)   0.0000 (  0.0%)  CallGraph Construction
   0.0000 (  0.0%)   0.0000 (  0.0%)   0.0000 (  0.0%)   0.0000 (  0.0%)  Resolve full load/store
   0.0000 (  0.0%)   0.0000 (  0.0%)   0.0000 (  0.0%)   0.0000 (  0.0%)  Lazy Value Information Analysis
   0.0000 (  0.0%)   0.0000 (  0.0%)   0.0000 (  0.0%)   0.0000 (  0.0%)  LayoutTransform - Layout Transform Pragma Analysis
   0.0000 (  0.0%)   0.0000 (  0.0%)   0.0000 (  0.0%)   0.0000 (  0.0%)  Lazy Value Information Analysis
   0.0000 (  0.0%)   0.0000 (  0.0%)   0.0000 (  0.0%)   0.0000 (  0.0%)  Function Alias Analysis Results
   0.0000 (  0.0%)   0.0000 (  0.0%)   0.0000 (  0.0%)   0.0000 (  0.0%)  Function Alias Analysis Results
   0.0000 (  0.0%)   0.0000 (  0.0%)   0.0000 (  0.0%)   0.0000 (  0.0%)  InterfaceCheck - Check Interface
   0.0000 (  0.0%)   0.0000 (  0.0%)   0.0000 (  0.0%)   0.0000 (  0.0%)  CallGraph Construction
   0.0000 (  0.0%)   0.0000 (  0.0%)   0.0000 (  0.0%)   0.0000 (  0.0%)  SROA
   0.0000 (  0.0%)   0.0000 (  0.0%)   0.0000 (  0.0%)   0.0000 (  0.0%)  Function Alias Analysis Results
   0.0000 (  0.0%)   0.0000 (  0.0%)   0.0000 (  0.0%)   0.0000 (  0.0%)  LayoutTransform - Layout Transform Pragma Analysis
   0.0000 (  0.0%)   0.0000 (  0.0%)   0.0000 (  0.0%)   0.0000 (  0.0%)  Function Alias Analysis Results
   0.0000 (  0.0%)   0.0000 (  0.0%)   0.0000 (  0.0%)   0.0000 (  0.0%)  Eliminate dead debug information intrinsic
   0.0000 (  0.0%)   0.0000 (  0.0%)   0.0000 (  0.0%)   0.0000 (  0.0%)  CallGraph Construction
   0.0000 (  0.0%)   0.0000 (  0.0%)   0.0000 (  0.0%)   0.0000 (  0.0%)  Scalar Evolution Analysis
   0.0000 (  0.0%)   0.0000 (  0.0%)   0.0000 (  0.0%)   0.0000 (  0.0%)  Lazy Value Information Analysis
   0.0000 (  0.0%)   0.0000 (  0.0%)   0.0000 (  0.0%)   0.0000 (  0.0%)  Function Alias Analysis Results
   0.0000 (  0.0%)   0.0000 (  0.0%)   0.0000 (  0.0%)   0.0000 (  0.0%)  Dead Argument Elimination
   0.0000 (  0.0%)   0.0000 (  0.0%)   0.0000 (  0.0%)   0.0000 (  0.0%)  Lazy Value Information Analysis
   0.0000 (  0.0%)   0.0000 (  0.0%)   0.0000 (  0.0%)   0.0000 (  0.0%)  Function Alias Analysis Results
   0.0000 (  0.0%)   0.0000 (  0.0%)   0.0000 (  0.0%)   0.0000 (  0.0%)  Eliminate pointer selection
   0.0000 (  0.0%)   0.0000 (  0.0%)   0.0000 (  0.0%)   0.0000 (  0.0%)  Basic Alias Analysis (stateless AA impl)
   0.0000 (  0.0%)   0.0000 (  0.0%)   0.0000 (  0.0%)   0.0000 (  0.0%)  Basic Alias Analysis (stateless AA impl)
   0.0000 (  0.0%)   0.0000 (  0.0%)   0.0000 (  0.0%)   0.0000 (  0.0%)  Scalar Evolution Analysis
   0.0000 (  0.0%)   0.0000 (  0.0%)   0.0000 (  0.0%)   0.0000 (  0.0%)  Eliminate dead stores globally
   0.0000 (  0.0%)   0.0000 (  0.0%)   0.0000 (  0.0%)   0.0000 (  0.0%)  Scalar Evolution Analysis
   0.0000 (  0.0%)   0.0000 (  0.0%)   0.0000 (  0.0%)   0.0000 (  0.0%)  Basic Alias Analysis (stateless AA impl)
   0.0000 (  0.0%)   0.0000 (  0.1%)   0.0000 (  0.0%)   0.0000 (  0.0%)  Infer set function attributes
   0.0000 (  0.0%)   0.0000 (  0.0%)   0.0000 (  0.0%)   0.0000 (  0.0%)  Eliminate dead debug information intrinsic
   0.0000 (  0.0%)   0.0000 (  0.0%)   0.0000 (  0.0%)   0.0000 (  0.0%)  Basic Alias Analysis (stateless AA impl)
   0.0000 (  0.0%)   0.0000 (  0.0%)   0.0000 (  0.0%)   0.0000 (  0.0%)  Basic Alias Analysis (stateless AA impl)
   0.0000 (  0.0%)   0.0000 (  0.0%)   0.0000 (  0.0%)   0.0000 (  0.0%)  Basic Alias Analysis (stateless AA impl)
   0.0000 (  0.0%)   0.0000 (  0.0%)   0.0000 (  0.0%)   0.0000 (  0.0%)  Eliminate pointer selection
   0.0000 (  0.0%)   0.0000 (  0.1%)   0.0000 (  0.0%)   0.0000 (  0.0%)  Lower black box
   0.0000 (  0.0%)   0.0000 (  0.0%)   0.0000 (  0.0%)   0.0000 (  0.0%)  Infer PPPO for array-to-streams
   0.0000 (  0.0%)   0.0000 (  0.0%)   0.0000 (  0.0%)   0.0000 (  0.0%)  Lazy Value Information Analysis
   0.0000 (  0.0%)   0.0000 (  0.0%)   0.0000 (  0.0%)   0.0000 (  0.0%)  Eliminate pointer selection
   0.0000 (  0.0%)   0.0000 (  0.0%)   0.0000 (  0.0%)   0.0000 (  0.0%)  demangle Name to normal Name
   0.0000 (  0.0%)   0.0000 (  0.0%)   0.0000 (  0.0%)   0.0000 (  0.0%)  Basic Alias Analysis (stateless AA impl)
   0.0000 (  0.0%)   0.0000 (  0.0%)   0.0000 (  0.0%)   0.0000 (  0.0%)  SROA
   0.0000 (  0.0%)   0.0000 (  0.0%)   0.0000 (  0.0%)   0.0000 (  0.0%)  Dead Argument Elimination
   0.0000 (  0.0%)   0.0000 (  0.0%)   0.0000 (  0.0%)   0.0000 (  0.0%)  Basic Alias Analysis (stateless AA impl)
   0.0000 (  0.0%)   0.0000 (  0.0%)   0.0000 (  0.0%)   0.0000 (  0.0%)  Auto automatic array partition filter analysis
   0.0000 (  0.0%)   0.0000 (  0.1%)   0.0000 (  0.0%)   0.0000 (  0.0%)  Basic Alias Analysis (stateless AA impl)
   0.0000 (  0.0%)   0.0000 (  0.0%)   0.0000 (  0.0%)   0.0000 (  0.0%)  Infer PPPO for array-to-streams
   0.0000 (  0.0%)   0.0000 (  0.0%)   0.0000 (  0.0%)   0.0000 (  0.0%)  Basic Alias Analysis (stateless AA impl)
   0.0000 (  0.0%)   0.0000 (  0.0%)   0.0000 (  0.0%)   0.0000 (  0.0%)  Lazy Value Information Analysis
   0.0000 (  0.0%)   0.0000 (  0.0%)   0.0000 (  0.0%)   0.0000 (  0.0%)  Basic Alias Analysis (stateless AA impl)
   0.0000 (  0.0%)   0.0000 (  0.0%)   0.0000 (  0.0%)   0.0000 (  0.0%)  Eliminate pointer selection
   0.0000 (  0.0%)   0.0000 (  0.0%)   0.0000 (  0.0%)   0.0000 (  0.0%)  Lazy Value Information Analysis
   0.0000 (  0.0%)   0.0000 (  0.0%)   0.0000 (  0.0%)   0.0000 (  0.0%)  Dead Global Elimination
   0.0000 (  0.0%)   0.0000 (  0.0%)   0.0000 (  0.0%)   0.0000 (  0.0%)  Lazy Value Information Analysis
   0.0000 (  0.0%)   0.0000 (  0.0%)   0.0000 (  0.0%)   0.0000 (  0.0%)  Basic Alias Analysis (stateless AA impl)
   0.0000 (  0.0%)   0.0000 (  0.1%)   0.0000 (  0.0%)   0.0000 (  0.0%)  Transform SSA value on top function to variable with pointer type
   0.0000 (  0.0%)   0.0000 (  0.0%)   0.0000 (  0.0%)   0.0000 (  0.0%)  Basic Alias Analysis (stateless AA impl)
   0.0000 (  0.0%)   0.0000 (  0.1%)   0.0000 (  0.0%)   0.0000 (  0.0%)  Basic Alias Analysis (stateless AA impl)
   0.0000 (  0.0%)   0.0000 (  0.0%)   0.0000 (  0.0%)   0.0000 (  0.0%)  Function Alias Analysis Results
   0.0000 (  0.0%)   0.0000 (  0.0%)   0.0000 (  0.0%)   0.0000 (  0.0%)  Eliminate dead stores globally
   0.0000 (  0.0%)   0.0000 (  0.0%)   0.0000 (  0.0%)   0.0000 (  0.0%)  AccessGroup - Group the memory access for the same object
   0.0000 (  0.0%)   0.0000 (  0.0%)   0.0000 (  0.0%)   0.0000 (  0.0%)  Reflow auto unroll loops
   0.0000 (  0.0%)   0.0000 (  0.0%)   0.0000 (  0.0%)   0.0000 (  0.0%)  SROA
   0.0000 (  0.0%)   0.0000 (  0.0%)   0.0000 (  0.0%)   0.0000 (  0.0%)  Lower tasks into dataflow form
   0.0000 (  0.0%)   0.0000 (  0.0%)   0.0000 (  0.0%)   0.0000 (  0.0%)  Scalar Evolution Analysis
   0.0000 (  0.0%)   0.0000 (  0.0%)   0.0000 (  0.0%)   0.0000 (  0.0%)  Basic Alias Analysis (stateless AA impl)
   0.0000 (  0.0%)   0.0000 (  0.0%)   0.0000 (  0.0%)   0.0000 (  0.0%)  Basic Alias Analysis (stateless AA impl)
   0.0000 (  0.0%)   0.0000 (  0.0%)   0.0000 (  0.0%)   0.0000 (  0.0%)  Basic Alias Analysis (stateless AA impl)
   0.0000 (  0.0%)   0.0000 (  0.0%)   0.0000 (  0.0%)   0.0000 (  0.0%)  Basic Alias Analysis (stateless AA impl)
   0.0000 (  0.0%)   0.0000 (  0.0%)   0.0000 (  0.0%)   0.0000 (  0.0%)  Basic Alias Analysis (stateless AA impl)
   0.0000 (  0.0%)   0.0000 (  0.0%)   0.0000 (  0.0%)   0.0000 (  0.0%)  Eliminate pointer selection
   0.0000 (  0.0%)   0.0000 (  0.0%)   0.0000 (  0.0%)   0.0000 (  0.0%)  Eliminate dead stores globally
   0.0000 (  0.0%)   0.0000 (  0.0%)   0.0000 (  0.0%)   0.0000 (  0.0%)  Basic Alias Analysis (stateless AA impl)
   0.0000 (  0.0%)   0.0000 (  0.0%)   0.0000 (  0.0%)   0.0000 (  0.0%)  Basic Alias Analysis (stateless AA impl)
   0.0000 (  0.0%)   0.0000 (  0.0%)   0.0000 (  0.0%)   0.0000 (  0.0%)  Basic Alias Analysis (stateless AA impl)
   0.0000 (  0.0%)   0.0000 (  0.0%)   0.0000 (  0.0%)   0.0000 (  0.0%)  Basic Alias Analysis (stateless AA impl)
   0.0000 (  0.0%)   0.0000 (  0.0%)   0.0000 (  0.0%)   0.0000 (  0.0%)  Basic Alias Analysis (stateless AA impl)
   0.0000 (  0.0%)   0.0000 (  0.0%)   0.0000 (  0.0%)   0.0000 (  0.0%)  Basic Alias Analysis (stateless AA impl)
   0.0000 (  0.0%)   0.0000 (  0.0%)   0.0000 (  0.0%)   0.0000 (  0.0%)  CallGraph Construction
   0.0000 (  0.0%)   0.0000 (  0.0%)   0.0000 (  0.0%)   0.0000 (  0.0%)  Dead Code Elimination
   0.0000 (  0.0%)   0.0000 (  0.0%)   0.0000 (  0.0%)   0.0000 (  0.0%)  Basic Alias Analysis (stateless AA impl)
   0.0000 (  0.0%)   0.0000 (  0.0%)   0.0000 (  0.0%)   0.0000 (  0.0%)  Basic Alias Analysis (stateless AA impl)
   0.0000 (  0.0%)   0.0000 (  0.0%)   0.0000 (  0.0%)   0.0000 (  0.0%)  Basic Alias Analysis (stateless AA impl)
   0.0000 (  0.0%)   0.0000 (  0.0%)   0.0000 (  0.0%)   0.0000 (  0.0%)  LayoutTransform - Layout Transform Pragma Analysis
   0.0000 (  0.0%)   0.0000 (  0.0%)   0.0000 (  0.0%)   0.0000 (  0.0%)  Basic Alias Analysis (stateless AA impl)
   0.0000 (  0.0%)   0.0000 (  0.0%)   0.0000 (  0.0%)   0.0000 (  0.0%)  Basic Alias Analysis (stateless AA impl)
   0.0000 (  0.0%)   0.0000 (  0.0%)   0.0000 (  0.0%)   0.0000 (  0.0%)  Dead Global Elimination
   0.0000 (  0.0%)   0.0000 (  0.0%)   0.0000 (  0.0%)   0.0000 (  0.0%)  Basic Alias Analysis (stateless AA impl)
   0.0000 (  0.0%)   0.0000 (  0.0%)   0.0000 (  0.0%)   0.0000 (  0.0%)  Dead Argument Elimination
   0.0000 (  0.0%)   0.0000 (  0.0%)   0.0000 (  0.0%)   0.0000 (  0.0%)  Lazy Value Information Analysis
   0.0000 (  0.0%)   0.0000 (  0.0%)   0.0000 (  0.0%)   0.0000 (  0.0%)  CallGraph Construction
   0.0000 (  0.0%)   0.0000 (  0.0%)   0.0000 (  0.0%)   0.0000 (  0.0%)  Lazy Value Information Analysis
   0.0000 (  0.0%)   0.0000 (  0.0%)   0.0000 (  0.0%)   0.0000 (  0.0%)  Aggressive Dead Code Elimination
   0.0000 (  0.0%)   0.0000 (  0.0%)   0.0000 (  0.0%)   0.0000 (  0.0%)  Scalar Evolution Analysis
   0.0000 (  0.0%)   0.0000 (  0.0%)   0.0000 (  0.0%)   0.0000 (  0.0%)  Basic Alias Analysis (stateless AA impl)
   0.0000 (  0.0%)   0.0000 (  0.0%)   0.0000 (  0.0%)   0.0000 (  0.0%)  Scalar Evolution Analysis
   0.0000 (  0.0%)   0.0000 (  0.0%)   0.0000 (  0.0%)   0.0000 (  0.0%)  ShiftRegInference - Automatic Shift Register Inference
   0.0000 (  0.0%)   0.0000 (  0.0%)   0.0000 (  0.0%)   0.0000 (  0.0%)  Dead Argument Elimination
   0.0000 (  0.0%)   0.0000 (  0.0%)   0.0000 (  0.0%)   0.0000 (  0.0%)  Lazy Value Information Analysis
   0.0000 (  0.0%)   0.0000 (  0.0%)   0.0000 (  0.0%)   0.0000 (  0.0%)  Basic Alias Analysis (stateless AA impl)
   0.0000 (  0.0%)   0.0000 (  0.0%)   0.0000 (  0.0%)   0.0000 (  0.0%)  Scalar Evolution Analysis
   0.0000 (  0.0%)   0.0000 (  0.0%)   0.0000 (  0.0%)   0.0000 (  0.0%)  Lazy Value Information Analysis
   0.0000 (  0.0%)   0.0000 (  0.0%)   0.0000 (  0.0%)   0.0000 (  0.0%)  Scalar Evolution Analysis
   0.0000 (  0.0%)   0.0000 (  0.0%)   0.0000 (  0.0%)   0.0000 (  0.0%)  Basic Alias Analysis (stateless AA impl)
   0.0000 (  0.0%)   0.0000 (  0.0%)   0.0000 (  0.0%)   0.0000 (  0.0%)  CallGraph Construction
   0.0000 (  0.0%)   0.0000 (  0.0%)   0.0000 (  0.0%)   0.0000 (  0.0%)  Eliminate pointer selection
   0.0000 (  0.0%)   0.0000 (  0.0%)   0.0000 (  0.0%)   0.0000 (  0.0%)  Eliminate dead debug information intrinsic
   0.0000 (  0.0%)   0.0000 (  0.0%)   0.0000 (  0.0%)   0.0000 (  0.0%)  Dead Argument Elimination
   0.0000 (  0.0%)   0.0000 (  0.0%)   0.0000 (  0.0%)   0.0000 (  0.0%)  Scalar Evolution Analysis
   0.0000 (  0.0%)   0.0000 (  0.0%)   0.0000 (  0.0%)   0.0000 (  0.0%)  Basic Alias Analysis (stateless AA impl)
   0.0000 (  0.0%)   0.0000 (  0.0%)   0.0000 (  0.0%)   0.0000 (  0.0%)  CallGraph Construction
   0.0000 (  0.0%)   0.0000 (  0.0%)   0.0000 (  0.0%)   0.0000 (  0.0%)  Basic Alias Analysis (stateless AA impl)
   0.0000 (  0.0%)   0.0000 (  0.0%)   0.0000 (  0.0%)   0.0000 (  0.0%)  Scalarize vector operations
   0.0000 (  0.0%)   0.0000 (  0.0%)   0.0000 (  0.0%)   0.0000 (  0.0%)  CallGraph Construction
   0.0000 (  0.0%)   0.0000 (  0.0%)   0.0000 (  0.0%)   0.0000 (  0.0%)  Scalar Evolution Analysis
   0.0000 (  0.0%)   0.0000 (  0.0%)   0.0000 (  0.0%)   0.0000 (  0.0%)  Lazy Value Information Analysis
   0.0000 (  0.0%)   0.0000 (  0.0%)   0.0000 (  0.0%)   0.0000 (  0.0%)  CallGraph Construction
   0.0000 (  0.0%)   0.0000 (  0.0%)   0.0000 (  0.0%)   0.0000 (  0.0%)  CallGraph Construction
   0.0000 (  0.0%)   0.0000 (  0.0%)   0.0000 (  0.0%)   0.0000 (  0.0%)  Function Alias Analysis Results
   0.0000 (  0.0%)   0.0000 (  0.0%)   0.0000 (  0.0%)   0.0000 (  0.0%)  Scalar Evolution Analysis
   0.0000 (  0.0%)   0.0000 (  0.0%)   0.0000 (  0.0%)   0.0000 (  0.0%)  SROA
   0.0000 (  0.0%)   0.0000 (  0.0%)   0.0000 (  0.0%)   0.0000 (  0.0%)  Eliminate dead debug information intrinsic
   0.0000 (  0.0%)   0.0000 (  0.0%)   0.0000 (  0.0%)   0.0000 (  0.0%)  Remove unreachable basic blocks under switch
   0.0000 (  0.0%)   0.0000 (  0.0%)   0.0000 (  0.0%)   0.0000 (  0.0%)  CallGraph Construction
   0.0000 (  0.0%)   0.0000 (  0.0%)   0.0000 (  0.0%)   0.0000 (  0.0%)  LayoutTransform - Layout Transform Pragma Analysis
   0.0000 (  0.0%)   0.0000 (  0.0%)   0.0000 (  0.0%)   0.0000 (  0.0%)  Lazy Value Information Analysis
   0.0000 (  0.0%)   0.0000 (  0.0%)   0.0000 (  0.0%)   0.0000 (  0.0%)  ReflowCheckVarPragmaConflicts - check variable pragma conflicts in reflow
   0.0000 (  0.0%)   0.0000 (  0.0%)   0.0000 (  0.0%)   0.0000 (  0.0%)  Scalar Evolution Analysis
   0.0000 (  0.0%)   0.0000 (  0.0%)   0.0000 (  0.0%)   0.0000 (  0.0%)  Eliminate dead debug information intrinsic
   0.0000 (  0.0%)   0.0000 (  0.0%)   0.0000 (  0.0%)   0.0000 (  0.0%)  Eliminate dead debug information intrinsic
   0.0000 (  0.0%)   0.0000 (  0.0%)   0.0000 (  0.0%)   0.0000 (  0.0%)  CallGraph Construction
   0.0000 (  0.0%)   0.0000 (  0.0%)   0.0000 (  0.0%)   0.0000 (  0.0%)  Basic Alias Analysis (stateless AA impl)
   0.0000 (  0.0%)   0.0000 (  0.0%)   0.0000 (  0.0%)   0.0000 (  0.0%)  Scalar Evolution Analysis
   0.0000 (  0.0%)   0.0000 (  0.0%)   0.0000 (  0.0%)   0.0000 (  0.0%)  Function Alias Analysis Results
   0.0000 (  0.0%)   0.0000 (  0.0%)   0.0000 (  0.0%)   0.0000 (  0.0%)  Lazy Value Information Analysis
   0.0000 (  0.0%)   0.0000 (  0.0%)   0.0000 (  0.0%)   0.0000 (  0.0%)  CallGraph Construction
   0.0000 (  0.0%)   0.0000 (  0.0%)   0.0000 (  0.0%)   0.0000 (  0.0%)  clean some traps produced by clang
   0.0000 (  0.0%)   0.0000 (  0.0%)   0.0000 (  0.0%)   0.0000 (  0.0%)  Basic Alias Analysis (stateless AA impl)
   0.0000 (  0.0%)   0.0000 (  0.0%)   0.0000 (  0.0%)   0.0000 (  0.0%)  Eliminate pointer selection
   0.0000 (  0.0%)   0.0000 (  0.0%)   0.0000 (  0.0%)   0.0000 (  0.0%)  CallGraph Construction
   0.0000 (  0.0%)   0.0000 (  0.0%)   0.0000 (  0.0%)   0.0000 (  0.0%)  Dead Argument Elimination
   0.0000 (  0.0%)   0.0000 (  0.0%)   0.0000 (  0.0%)   0.0000 (  0.0%)  Function Alias Analysis Results
   0.0000 (  0.0%)   0.0000 (  0.0%)   0.0000 (  0.0%)   0.0000 (  0.0%)  Basic Alias Analysis (stateless AA impl)
   0.0000 (  0.0%)   0.0000 (  0.0%)   0.0000 (  0.0%)   0.0000 (  0.0%)  Eliminate dead debug information intrinsic
   0.0000 (  0.0%)   0.0000 (  0.0%)   0.0000 (  0.0%)   0.0000 (  0.0%)  Lazy Value Information Analysis
   0.0000 (  0.0%)   0.0000 (  0.0%)   0.0000 (  0.0%)   0.0000 (  0.0%)  CallGraph Construction
   0.0000 (  0.0%)   0.0000 (  0.0%)   0.0000 (  0.0%)   0.0000 (  0.0%)  Basic Alias Analysis (stateless AA impl)
   0.0000 (  0.0%)   0.0000 (  0.0%)   0.0000 (  0.0%)   0.0000 (  0.0%)  Eliminate dead debug information intrinsic
   0.0000 (  0.0%)   0.0000 (  0.0%)   0.0000 (  0.0%)   0.0000 (  0.0%)  Basic Alias Analysis (stateless AA impl)
   0.0000 (  0.0%)   0.0000 (  0.0%)   0.0000 (  0.0%)   0.0000 (  0.0%)  Lazy Value Information Analysis
   0.0000 (  0.0%)   0.0000 (  0.0%)   0.0000 (  0.0%)   0.0000 (  0.0%)  Loop Access Analysis
   0.0000 (  0.0%)   0.0000 (  0.0%)   0.0000 (  0.0%)   0.0000 (  0.0%)  Dead Code Elimination
   0.0000 (  0.0%)   0.0000 (  0.0%)   0.0000 (  0.0%)   0.0000 (  0.0%)  Scalar Evolution Analysis
   0.0000 (  0.0%)   0.0000 (  0.0%)   0.0000 (  0.0%)   0.0000 (  0.0%)  Dead Argument Elimination
   0.0000 (  0.0%)   0.0000 (  0.0%)   0.0000 (  0.0%)   0.0000 (  0.0%)  Lazy Value Information Analysis
   0.0000 (  0.0%)   0.0000 (  0.0%)   0.0000 (  0.0%)   0.0000 (  0.0%)  Eliminate dead debug information intrinsic
   0.0000 (  0.0%)   0.0000 (  0.0%)   0.0000 (  0.0%)   0.0000 (  0.0%)  Eliminate dead debug information intrinsic
   0.0000 (  0.0%)   0.0000 (  0.0%)   0.0000 (  0.0%)   0.0000 (  0.0%)  Dead Global Elimination
   0.0000 (  0.0%)   0.0000 (  0.0%)   0.0000 (  0.0%)   0.0000 (  0.0%)  Eliminate dead debug information intrinsic
   0.0000 (  0.0%)   0.0000 (  0.0%)   0.0000 (  0.0%)   0.0000 (  0.0%)  Scalar Evolution Analysis
   0.0000 (  0.0%)   0.0000 (  0.0%)   0.0000 (  0.0%)   0.0000 (  0.0%)  Basic Alias Analysis (stateless AA impl)
   0.0000 (  0.0%)   0.0000 (  0.0%)   0.0000 (  0.0%)   0.0000 (  0.0%)  CallGraph Construction
   0.0000 (  0.0%)   0.0000 (  0.0%)   0.0000 (  0.0%)   0.0000 (  0.0%)  Scalar Evolution Analysis
   0.0000 (  0.0%)   0.0000 (  0.0%)   0.0000 (  0.0%)   0.0000 (  0.0%)  Struct object aggregation
   0.0000 (  0.0%)   0.0000 (  0.0%)   0.0000 (  0.0%)   0.0000 (  0.0%)  CallGraph Construction
   0.0000 (  0.0%)   0.0000 (  0.0%)   0.0000 (  0.0%)   0.0000 (  0.0%)  Post-Dominator Tree Construction
   0.0000 (  0.0%)   0.0000 (  0.0%)   0.0000 (  0.0%)   0.0000 (  0.0%)  Basic Alias Analysis (stateless AA impl)
   0.0000 (  0.0%)   0.0000 (  0.0%)   0.0000 (  0.0%)   0.0000 (  0.0%)  Scalar Evolution Analysis
   0.0000 (  0.0%)   0.0000 (  0.0%)   0.0000 (  0.0%)   0.0000 (  0.0%)  ShiftRegInference - Automatic Shift Register Inference
   0.0000 (  0.0%)   0.0000 (  0.0%)   0.0000 (  0.0%)   0.0000 (  0.0%)  Eliminate dead debug information intrinsic
   0.0000 (  0.0%)   0.0000 (  0.0%)   0.0000 (  0.0%)   0.0000 (  0.0%)  CallGraph Construction
   0.0000 (  0.0%)   0.0000 (  0.0%)   0.0000 (  0.0%)   0.0000 (  0.0%)  CallGraph Construction
   0.0000 (  0.0%)   0.0000 (  0.0%)   0.0000 (  0.0%)   0.0000 (  0.0%)  Eliminate dead debug information intrinsic
   0.0000 (  0.0%)   0.0000 (  0.0%)   0.0000 (  0.0%)   0.0000 (  0.0%)  CallGraph Construction
   0.0000 (  0.0%)   0.0000 (  0.0%)   0.0000 (  0.0%)   0.0000 (  0.0%)  Scalar Evolution Analysis
   0.0000 (  0.0%)   0.0000 (  0.0%)   0.0000 (  0.0%)   0.0000 (  0.0%)  Scalar Evolution Analysis
   0.0000 (  0.0%)   0.0000 (  0.0%)   0.0000 (  0.0%)   0.0000 (  0.0%)   automatic parallel and pipeline insertion based performance constraint
   0.0000 (  0.0%)   0.0000 (  0.0%)   0.0000 (  0.0%)   0.0000 (  0.0%)  Scalar Evolution Analysis
   0.0000 (  0.0%)   0.0000 (  0.0%)   0.0000 (  0.0%)   0.0000 (  0.0%)  Scalar Evolution Analysis
   0.0000 (  0.0%)   0.0000 (  0.0%)   0.0000 (  0.0%)   0.0000 (  0.0%)  Disaggregation preprocessing
   0.0000 (  0.0%)   0.0000 (  0.0%)   0.0000 (  0.0%)   0.0000 (  0.0%)  CallGraph Construction
   0.0000 (  0.0%)   0.0000 (  0.0%)   0.0000 (  0.0%)   0.0000 (  0.0%)  Remove unreachable basic blocks under switch
   0.0000 (  0.0%)   0.0000 (  0.0%)   0.0000 (  0.0%)   0.0000 (  0.0%)  CallGraph Construction
   0.0000 (  0.0%)   0.0000 (  0.0%)   0.0000 (  0.0%)   0.0000 (  0.0%)  CallGraph Construction
   0.0000 (  0.0%)   0.0000 (  0.0%)   0.0000 (  0.0%)   0.0000 (  0.0%)  Dead Code Elimination
   0.0000 (  0.0%)   0.0000 (  0.0%)   0.0000 (  0.0%)   0.0000 (  0.0%)  Scalar Evolution Analysis
   0.0000 (  0.0%)   0.0000 (  0.0%)   0.0000 (  0.0%)   0.0000 (  0.0%)  Lazy Value Information Analysis
   0.0000 (  0.0%)   0.0000 (  0.0%)   0.0000 (  0.0%)   0.0000 (  0.0%)  Scalar Evolution Analysis
   0.0000 (  0.0%)   0.0000 (  0.0%)   0.0000 (  0.0%)   0.0000 (  0.0%)  Critical Path Aanlysis
   0.0000 (  0.0%)   0.0000 (  0.0%)   0.0000 (  0.0%)   0.0000 (  0.0%)  Eliminate dead debug information intrinsic
   0.0000 (  0.0%)   0.0000 (  0.0%)   0.0000 (  0.0%)   0.0000 (  0.0%)  Scalar Evolution Analysis
   0.0000 (  0.0%)   0.0000 (  0.0%)   0.0000 (  0.0%)   0.0000 (  0.0%)  LowerPredicate - Lower predicates to control-flow
   0.0000 (  0.0%)   0.0000 (  0.0%)   0.0000 (  0.0%)   0.0000 (  0.0%)  Scalar Evolution Analysis
   0.0000 (  0.0%)   0.0000 (  0.0%)   0.0000 (  0.0%)   0.0000 (  0.0%)  Eliminate dead debug information intrinsic
   0.0000 (  0.0%)   0.0000 (  0.0%)   0.0000 (  0.0%)   0.0000 (  0.0%)  Scalar Evolution Analysis
   0.0000 (  0.0%)   0.0000 (  0.0%)   0.0000 (  0.0%)   0.0000 (  0.0%)  CallGraph Construction
   0.0000 (  0.0%)   0.0000 (  0.0%)   0.0000 (  0.0%)   0.0000 (  0.0%)  Scalar Evolution Analysis
   0.0000 (  0.0%)   0.0000 (  0.0%)   0.0000 (  0.0%)   0.0000 (  0.0%)  CallGraph Construction
   0.0000 (  0.0%)   0.0000 (  0.0%)   0.0000 (  0.0%)   0.0000 (  0.0%)  Eliminate dead debug information intrinsic
   0.0000 (  0.0%)   0.0000 (  0.0%)   0.0000 (  0.0%)   0.0000 (  0.0%)  Scalar Evolution Analysis
   0.0000 (  0.0%)   0.0000 (  0.0%)   0.0000 (  0.0%)   0.0000 (  0.0%)  Scalar Evolution Analysis
   0.0000 (  0.0%)   0.0000 (  0.0%)   0.0000 (  0.0%)   0.0000 (  0.0%)  Eliminate pointer selection for FIFO
   0.0000 (  0.0%)   0.0000 (  0.0%)   0.0000 (  0.0%)   0.0000 (  0.0%)  Eliminate dead debug information intrinsic
   0.0000 (  0.0%)   0.0000 (  0.0%)   0.0000 (  0.0%)   0.0000 (  0.0%)  CallGraph Construction
   0.0000 (  0.0%)   0.0000 (  0.0%)   0.0000 (  0.0%)   0.0000 (  0.0%)  Scalar Evolution Analysis
   0.0000 (  0.0%)   0.0000 (  0.0%)   0.0000 (  0.0%)   0.0000 (  0.0%)  Scalar Evolution Analysis
   0.0000 (  0.0%)   0.0000 (  0.0%)   0.0000 (  0.0%)   0.0000 (  0.0%)  Eliminate dead debug information intrinsic
   0.0000 (  0.0%)   0.0000 (  0.0%)   0.0000 (  0.0%)   0.0000 (  0.0%)  Eliminate dead debug information intrinsic
   0.0000 (  0.0%)   0.0000 (  0.0%)   0.0000 (  0.0%)   0.0000 (  0.0%)  Scalar Evolution Analysis
   0.0000 (  0.0%)   0.0000 (  0.0%)   0.0000 (  0.0%)   0.0000 (  0.0%)  Eliminate dead debug information intrinsic
   0.0000 (  0.0%)   0.0000 (  0.0%)   0.0000 (  0.0%)   0.0000 (  0.0%)  Scalar Evolution Analysis
   0.0000 (  0.0%)   0.0000 (  0.0%)   0.0000 (  0.0%)   0.0000 (  0.0%)  SimplifyPredicate - Simplify predicate
   0.0000 (  0.0%)   0.0000 (  0.0%)   0.0000 (  0.0%)   0.0000 (  0.0%)  Eliminate dead debug information intrinsic
   0.0000 (  0.0%)   0.0000 (  0.0%)   0.0000 (  0.0%)   0.0000 (  0.0%)  Scalar Evolution Analysis
   0.0000 (  0.0%)   0.0000 (  0.0%)   0.0000 (  0.0%)   0.0000 (  0.0%)  Scalar Evolution Analysis
   0.0000 (  0.0%)   0.0000 (  0.0%)   0.0000 (  0.0%)   0.0000 (  0.0%)  Scalar Evolution Analysis
   0.0000 (  0.0%)   0.0000 (  0.0%)   0.0000 (  0.0%)   0.0000 (  0.0%)  CallGraph Construction
   0.0000 (  0.0%)   0.0000 (  0.0%)   0.0000 (  0.0%)   0.0000 (  0.0%)  Scalar Evolution Analysis
   0.0000 (  0.0%)   0.0000 (  0.0%)   0.0000 (  0.0%)   0.0000 (  0.0%)  Eliminate dead debug information intrinsic
   0.0000 (  0.0%)   0.0000 (  0.0%)   0.0000 (  0.0%)   0.0000 (  0.0%)  Scalar Evolution Analysis
   0.0000 (  0.0%)   0.0000 (  0.0%)   0.0000 (  0.0%)   0.0000 (  0.0%)  Internalize Global Symbols
   0.0000 (  0.0%)   0.0000 (  0.0%)   0.0000 (  0.0%)   0.0000 (  0.0%)  Eliminate dead debug information intrinsic
   0.0000 (  0.0%)   0.0000 (  0.0%)   0.0000 (  0.0%)   0.0000 (  0.0%)  Scalar Evolution Analysis
   0.0000 (  0.0%)   0.0000 (  0.0%)   0.0000 (  0.0%)   0.0000 (  0.0%)  Scalar Evolution Analysis
   0.0000 (  0.0%)   0.0000 (  0.0%)   0.0000 (  0.0%)   0.0000 (  0.0%)  Scalar Evolution Analysis
   0.0000 (  0.0%)   0.0000 (  0.0%)   0.0000 (  0.0%)   0.0000 (  0.0%)  Scalar Evolution Analysis
   0.0000 (  0.0%)   0.0000 (  0.0%)   0.0000 (  0.0%)   0.0000 (  0.0%)  CallGraph Construction
   0.0000 (  0.0%)   0.0000 (  0.0%)   0.0000 (  0.0%)   0.0000 (  0.0%)  Scalar Evolution Analysis
   0.0000 (  0.0%)   0.0000 (  0.0%)   0.0000 (  0.0%)   0.0000 (  0.0%)   automatic parallel and pipeline insertion based performance constraint
   0.0000 (  0.0%)   0.0000 (  0.0%)   0.0000 (  0.0%)   0.0000 (  0.0%)  CallGraph Construction
   0.0000 (  0.0%)   0.0000 (  0.0%)   0.0000 (  0.0%)   0.0000 (  0.0%)  Eliminate dead debug information intrinsic
   0.0000 (  0.0%)   0.0000 (  0.0%)   0.0000 (  0.0%)   0.0000 (  0.0%)  Scalar Evolution Analysis
   0.0000 (  0.0%)   0.0000 (  0.0%)   0.0000 (  0.0%)   0.0000 (  0.0%)  Scalar Evolution Analysis
   0.0000 (  0.0%)   0.0000 (  0.0%)   0.0000 (  0.0%)   0.0000 (  0.0%)  Eliminate dead debug information intrinsic
   0.0000 (  0.0%)   0.0000 (  0.0%)   0.0000 (  0.0%)   0.0000 (  0.0%)  Scalar Evolution Analysis
   0.0000 (  0.0%)   0.0000 (  0.0%)   0.0000 (  0.0%)   0.0000 (  0.0%)  CallGraph Construction
   0.0000 (  0.0%)   0.0000 (  0.0%)   0.0000 (  0.0%)   0.0000 (  0.0%)  Scalar Evolution Analysis
   0.0000 (  0.0%)   0.0000 (  0.0%)   0.0000 (  0.0%)   0.0000 (  0.0%)  Lower llvm.assume to _ssdm_AssertFail
   0.0000 (  0.0%)   0.0000 (  0.0%)   0.0000 (  0.0%)   0.0000 (  0.0%)  Scalar Evolution Analysis
   0.0000 (  0.0%)   0.0000 (  0.0%)   0.0000 (  0.0%)   0.0000 (  0.0%)  Dominator Tree Construction
   0.0000 (  0.0%)   0.0000 (  0.0%)   0.0000 (  0.0%)   0.0000 (  0.0%)  Scalar Evolution Analysis
   0.0000 (  0.0%)   0.0000 (  0.0%)   0.0000 (  0.0%)   0.0000 (  0.0%)  Scalar Evolution Analysis
   0.0000 (  0.0%)   0.0000 (  0.0%)   0.0000 (  0.0%)   0.0000 (  0.0%)  Scalar Evolution Analysis
   0.0000 (  0.0%)   0.0000 (  0.0%)   0.0000 (  0.0%)   0.0000 (  0.0%)  Scalar Evolution Analysis
   0.0000 (  0.0%)   0.0000 (  0.0%)   0.0000 (  0.0%)   0.0000 (  0.0%)  Scalar Evolution Analysis
   0.0000 (  0.0%)   0.0000 (  0.0%)   0.0000 (  0.0%)   0.0000 (  0.0%)  Scalar Evolution Analysis
   0.0000 (  0.0%)   0.0000 (  0.0%)   0.0000 (  0.0%)   0.0000 (  0.0%)  Scalar Evolution Analysis
   0.0000 (  0.0%)   0.0000 (  0.0%)   0.0000 (  0.0%)   0.0000 (  0.0%)  Eliminate dead debug information intrinsic
   0.0000 (  0.0%)   0.0000 (  0.0%)   0.0000 (  0.0%)   0.0000 (  0.0%)  Scalar Evolution Analysis
   0.0000 (  0.0%)   0.0000 (  0.0%)   0.0000 (  0.0%)   0.0000 (  0.0%)  Scalar Evolution Analysis
   0.0000 (  0.0%)   0.0000 (  0.0%)   0.0000 (  0.0%)   0.0000 (  0.0%)  Lazy Value Information Analysis
   0.0000 (  0.0%)   0.0000 (  0.0%)   0.0000 (  0.0%)   0.0000 (  0.0%)  Eliminate dead debug information intrinsic
   0.0000 (  0.0%)   0.0000 (  0.0%)   0.0000 (  0.0%)   0.0000 (  0.0%)  Scalar Evolution Analysis
   0.0000 (  0.0%)   0.0000 (  0.0%)   0.0000 (  0.0%)   0.0000 (  0.0%)  Scalar Evolution Analysis
   0.0000 (  0.0%)   0.0000 (  0.0%)   0.0000 (  0.0%)   0.0000 (  0.0%)  Scalar Evolution Analysis
   0.0000 (  0.0%)   0.0000 (  0.0%)   0.0000 (  0.0%)   0.0000 (  0.0%)  Scalar Evolution Analysis
   0.0000 (  0.0%)   0.0000 (  0.0%)   0.0000 (  0.0%)   0.0000 (  0.0%)  CallGraph Construction
   0.0000 (  0.0%)   0.0000 (  0.0%)   0.0000 (  0.0%)   0.0000 (  0.0%)  Change xcl attribute to call sideeffect
   0.0000 (  0.0%)   0.0000 (  0.0%)   0.0000 (  0.0%)   0.0000 (  0.0%)  CallGraph Construction
   0.0000 (  0.0%)   0.0000 (  0.0%)   0.0000 (  0.0%)   0.0000 (  0.0%)  Scalar Evolution Analysis
   0.0000 (  0.0%)   0.0000 (  0.0%)   0.0000 (  0.0%)   0.0000 (  0.0%)  Scalar Evolution Analysis
   0.0000 (  0.0%)   0.0000 (  0.0%)   0.0000 (  0.0%)   0.0000 (  0.0%)  Scalar Evolution Analysis
   0.0000 (  0.0%)   0.0000 (  0.0%)   0.0000 (  0.0%)   0.0000 (  0.0%)  Scalar Evolution Analysis
   0.0000 (  0.0%)   0.0000 (  0.0%)   0.0000 (  0.0%)   0.0000 (  0.0%)  Scalar Evolution Analysis
   0.0000 (  0.0%)   0.0000 (  0.0%)   0.0000 (  0.0%)   0.0000 (  0.0%)  Scalar Evolution Analysis
   0.0000 (  0.0%)   0.0000 (  0.0%)   0.0000 (  0.0%)   0.0000 (  0.0%)  Scalar Evolution Analysis
   0.0000 (  0.0%)   0.0000 (  0.0%)   0.0000 (  0.0%)   0.0000 (  0.0%)  Scalar Evolution Analysis
   0.0000 (  0.0%)   0.0000 (  0.0%)   0.0000 (  0.0%)   0.0000 (  0.0%)  Scalar Evolution Analysis
   0.0000 (  0.0%)   0.0000 (  0.0%)   0.0000 (  0.0%)   0.0000 (  0.0%)  Scalar Evolution Analysis
   0.0000 (  0.0%)   0.0000 (  0.0%)   0.0000 (  0.0%)   0.0000 (  0.0%)  CallGraph Construction
   0.0000 (  0.0%)   0.0000 (  0.0%)   0.0000 (  0.0%)   0.0000 (  0.0%)  CallGraph Construction
   0.0000 (  0.0%)   0.0000 (  0.0%)   0.0000 (  0.0%)   0.0000 (  0.0%)  Scalar Evolution Analysis
   0.0000 (  0.0%)   0.0000 (  0.0%)   0.0000 (  0.0%)   0.0000 (  0.0%)  Scalar Evolution Analysis
   0.0000 (  0.0%)   0.0000 (  0.0%)   0.0000 (  0.0%)   0.0000 (  0.0%)  Scalar Evolution Analysis
   0.0000 (  0.0%)   0.0000 (  0.0%)   0.0000 (  0.0%)   0.0000 (  0.0%)  Eliminate dead debug information intrinsic
   0.0000 (  0.0%)   0.0000 (  0.0%)   0.0000 (  0.0%)   0.0000 (  0.0%)  Scalar Evolution Analysis
   0.0000 (  0.0%)   0.0000 (  0.0%)   0.0000 (  0.0%)   0.0000 (  0.0%)  Scalar Evolution Analysis
   0.0000 (  0.0%)   0.0000 (  0.0%)   0.0000 (  0.0%)   0.0000 (  0.0%)  Scalar Evolution Analysis
   0.0000 (  0.0%)   0.0000 (  0.0%)   0.0000 (  0.0%)   0.0000 (  0.0%)  Scalar Evolution Analysis
   0.0000 (  0.0%)   0.0000 (  0.0%)   0.0000 (  0.0%)   0.0000 (  0.0%)  Dead Global Elimination
   0.0000 (  0.0%)   0.0000 (  0.0%)   0.0000 (  0.0%)   0.0000 (  0.0%)  Scalar Evolution Analysis
   0.0000 (  0.0%)   0.0000 (  0.0%)   0.0000 (  0.0%)   0.0000 (  0.0%)  Scalar Evolution Analysis
   0.0000 (  0.0%)   0.0000 (  0.0%)   0.0000 (  0.0%)   0.0000 (  0.0%)  DeSPMD - Insert barriers into uniform loops
   0.0000 (  0.0%)   0.0000 (  0.0%)   0.0000 (  0.0%)   0.0000 (  0.0%)  Scalar Evolution Analysis
   0.0000 (  0.0%)   0.0000 (  0.0%)   0.0000 (  0.0%)   0.0000 (  0.0%)  LayoutTransform - Layout Transform Pragma Analysis
   0.0000 (  0.0%)   0.0000 (  0.0%)   0.0000 (  0.0%)   0.0000 (  0.0%)  Scalar Evolution Analysis
   0.0000 (  0.0%)   0.0000 (  0.0%)   0.0000 (  0.0%)   0.0000 (  0.0%)  Scalar Evolution Analysis
   0.0000 (  0.0%)   0.0000 (  0.0%)   0.0000 (  0.0%)   0.0000 (  0.0%)  CallGraph Construction
   0.0000 (  0.0%)   0.0000 (  0.0%)   0.0000 (  0.0%)   0.0000 (  0.0%)  Dead Global Elimination
   0.0000 (  0.0%)   0.0000 (  0.0%)   0.0000 (  0.0%)   0.0000 (  0.0%)  CallGraph Construction
   0.0000 (  0.0%)   0.0000 (  0.0%)   0.0000 (  0.0%)   0.0000 (  0.0%)  Scalar Evolution Analysis
   0.0000 (  0.0%)   0.0000 (  0.0%)   0.0000 (  0.0%)   0.0000 (  0.0%)  Scalar Evolution Analysis
   0.0000 (  0.0%)   0.0000 (  0.0%)   0.0000 (  0.0%)   0.0000 (  0.0%)  Scalar Evolution Analysis
   0.0000 (  0.0%)   0.0000 (  0.0%)   0.0000 (  0.0%)   0.0000 (  0.0%)  Scalar Evolution Analysis
   0.0000 (  0.0%)   0.0000 (  0.0%)   0.0000 (  0.0%)   0.0000 (  0.0%)  Scalar Evolution Analysis
   0.0000 (  0.0%)   0.0000 (  0.0%)   0.0000 (  0.0%)   0.0000 (  0.0%)  Scalar Evolution Analysis
   0.0000 (  0.0%)   0.0000 (  0.0%)   0.0000 (  0.0%)   0.0000 (  0.0%)  Scalar Evolution Analysis
   0.0000 (  0.0%)   0.0000 (  0.0%)   0.0000 (  0.0%)   0.0000 (  0.0%)  Eliminate dead debug information intrinsic
   0.0000 (  0.0%)   0.0000 (  0.0%)   0.0000 (  0.0%)   0.0000 (  0.0%)  Scalar Evolution Analysis
   0.0000 (  0.0%)   0.0000 (  0.0%)   0.0000 (  0.0%)   0.0000 (  0.0%)  CallGraph Construction
   0.0000 (  0.0%)   0.0000 (  0.0%)   0.0000 (  0.0%)   0.0000 (  0.0%)  Scalar Evolution Analysis
   0.0000 (  0.0%)   0.0000 (  0.0%)   0.0000 (  0.0%)   0.0000 (  0.0%)  Function Alias Analysis Results
   0.0000 (  0.0%)   0.0000 (  0.0%)   0.0000 (  0.0%)   0.0000 (  0.0%)  Remove unreachable basic blocks under switch
   0.0000 (  0.0%)   0.0000 (  0.0%)   0.0000 (  0.0%)   0.0000 (  0.0%)  CallGraph Construction
   0.0000 (  0.0%)   0.0000 (  0.0%)   0.0000 (  0.0%)   0.0000 (  0.0%)  Scalar Evolution Analysis
   0.0000 (  0.0%)   0.0000 (  0.0%)   0.0000 (  0.0%)   0.0000 (  0.0%)  Scalar Evolution Analysis
   0.0000 (  0.0%)   0.0000 (  0.0%)   0.0000 (  0.0%)   0.0000 (  0.0%)  CallGraph Construction
   0.0000 (  0.0%)   0.0000 (  0.0%)   0.0000 (  0.0%)   0.0000 (  0.0%)  Scalar Evolution Analysis
   0.0000 (  0.0%)   0.0000 (  0.0%)   0.0000 (  0.0%)   0.0000 (  0.0%)  Scalar Evolution Analysis
   0.0000 (  0.0%)   0.0000 (  0.0%)   0.0000 (  0.0%)   0.0000 (  0.0%)  Scalar Evolution Analysis
   0.0000 (  0.0%)   0.0000 (  0.0%)   0.0000 (  0.0%)   0.0000 (  0.0%)  Scalar Evolution Analysis
   0.0000 (  0.0%)   0.0000 (  0.0%)   0.0000 (  0.0%)   0.0000 (  0.0%)  Scalar Evolution Analysis
   0.0000 (  0.0%)   0.0000 (  0.0%)   0.0000 (  0.0%)   0.0000 (  0.0%)  Scalar Evolution Analysis
   0.0000 (  0.0%)   0.0000 (  0.0%)   0.0000 (  0.0%)   0.0000 (  0.0%)  Memory Dependence Analysis
   0.0000 (  0.0%)   0.0000 (  0.0%)   0.0000 (  0.0%)   0.0000 (  0.0%)  Scalar Evolution Analysis
   0.0000 (  0.0%)   0.0000 (  0.0%)   0.0000 (  0.0%)   0.0000 (  0.0%)  Scalar Evolution Analysis
   0.0000 (  0.0%)   0.0000 (  0.0%)   0.0000 (  0.0%)   0.0000 (  0.0%)  Scalar Evolution Analysis
   0.0000 (  0.0%)   0.0000 (  0.0%)   0.0000 (  0.0%)   0.0000 (  0.0%)  Scalar Evolution Analysis
   0.0000 (  0.0%)   0.0000 (  0.0%)   0.0000 (  0.0%)   0.0000 (  0.0%)  Scalar Evolution Analysis
   0.0000 (  0.0%)   0.0000 (  0.0%)   0.0000 (  0.0%)   0.0000 (  0.0%)  Dead Global Elimination
   0.0000 (  0.0%)   0.0000 (  0.0%)   0.0000 (  0.0%)   0.0000 (  0.0%)  Scalar Evolution Analysis
   0.0000 (  0.0%)   0.0000 (  0.0%)   0.0000 (  0.0%)   0.0000 (  0.0%)  Predicate analysis under a loop context
   0.0000 (  0.0%)   0.0000 (  0.0%)   0.0000 (  0.0%)   0.0000 (  0.0%)  Critical Path Aanlysis
   0.0000 (  0.0%)   0.0000 (  0.0%)   0.0000 (  0.0%)   0.0000 (  0.0%)  Remove unreachable basic blocks under switch
   0.0000 (  0.0%)   0.0000 (  0.0%)   0.0000 (  0.0%)   0.0000 (  0.0%)  CallGraph Construction
   0.0000 (  0.0%)   0.0000 (  0.0%)   0.0000 (  0.0%)   0.0000 (  0.0%)  Remove unreachable basic blocks under switch
   0.0000 (  0.0%)   0.0000 (  0.0%)   0.0000 (  0.0%)   0.0000 (  0.0%)  Function Alias Analysis Results
   0.0000 (  0.0%)   0.0000 (  0.0%)   0.0000 (  0.0%)   0.0000 (  0.0%)  Remove unreachable basic blocks under switch
   0.0000 (  0.0%)   0.0000 (  0.0%)   0.0000 (  0.0%)   0.0000 (  0.0%)  Basic Alias Analysis (stateless AA impl)
   0.0000 (  0.0%)   0.0000 (  0.0%)   0.0000 (  0.0%)   0.0000 (  0.0%)  SimplifyPredicate - Simplify predicate
   0.0000 (  0.0%)   0.0000 (  0.0%)   0.0000 (  0.0%)   0.0000 (  0.0%)  CallGraph Construction
   0.0000 (  0.0%)   0.0000 (  0.0%)   0.0000 (  0.0%)   0.0000 (  0.0%)  Lazy Value Information Analysis
   0.0000 (  0.0%)   0.0000 (  0.0%)   0.0000 (  0.0%)   0.0000 (  0.0%)  Lazy Branch Probability Analysis
   0.0000 (  0.0%)   0.0000 (  0.0%)   0.0000 (  0.0%)   0.0000 (  0.0%)  Remove unreachable basic blocks under switch
   0.0000 (  0.0%)   0.0000 (  0.0%)   0.0000 (  0.0%)   0.0000 (  0.0%)  Scalar Evolution Analysis
   0.0000 (  0.0%)   0.0000 (  0.0%)   0.0000 (  0.0%)   0.0000 (  0.0%)  Scalar Evolution Analysis
   0.0000 (  0.0%)   0.0000 (  0.0%)   0.0000 (  0.0%)   0.0000 (  0.0%)  CallGraph Construction
   0.0000 (  0.0%)   0.0000 (  0.0%)   0.0000 (  0.0%)   0.0000 (  0.0%)  Scalar Evolution Analysis
   0.0000 (  0.0%)   0.0000 (  0.0%)   0.0000 (  0.0%)   0.0000 (  0.0%)  Scalar Evolution Analysis
   0.0000 (  0.0%)   0.0000 (  0.0%)   0.0000 (  0.0%)   0.0000 (  0.0%)  Dead Global Elimination
   0.0000 (  0.0%)   0.0000 (  0.0%)   0.0000 (  0.0%)   0.0000 (  0.0%)  Scalar Evolution Analysis
   0.0000 (  0.0%)   0.0000 (  0.0%)   0.0000 (  0.0%)   0.0000 (  0.0%)  Scalar Evolution Analysis
   0.0000 (  0.0%)   0.0000 (  0.0%)   0.0000 (  0.0%)   0.0000 (  0.0%)  Remove unreachable basic blocks under switch
   0.0000 (  0.0%)   0.0000 (  0.0%)   0.0000 (  0.0%)   0.0000 (  0.0%)  Remove unreachable basic blocks under switch
   0.0000 (  0.0%)   0.0000 (  0.0%)   0.0000 (  0.0%)   0.0000 (  0.0%)  Scalar Evolution Analysis
   0.0000 (  0.0%)   0.0000 (  0.0%)   0.0000 (  0.0%)   0.0000 (  0.0%)  Function duplication
   0.0000 (  0.0%)   0.0000 (  0.0%)   0.0000 (  0.0%)   0.0000 (  0.0%)  Promote Memory to Register
   0.0000 (  0.0%)   0.0000 (  0.0%)   0.0000 (  0.0%)   0.0000 (  0.0%)  Basic Alias Analysis (stateless AA impl)
   0.0000 (  0.0%)   0.0000 (  0.0%)   0.0000 (  0.0%)   0.0000 (  0.0%)  Scalar Evolution Canonicalization
   0.0000 (  0.0%)   0.0000 (  0.0%)   0.0000 (  0.0%)   0.0000 (  0.0%)  Scalar Evolution Analysis
   0.0000 (  0.0%)   0.0000 (  0.0%)   0.0000 (  0.0%)   0.0000 (  0.0%)  Remove unreachable basic blocks under switch
   0.0000 (  0.0%)   0.0000 (  0.0%)   0.0000 (  0.0%)   0.0000 (  0.0%)  Scalar Evolution Analysis
   0.0000 (  0.0%)   0.0000 (  0.0%)   0.0000 (  0.0%)   0.0000 (  0.0%)  Remove unreachable basic blocks under switch
   0.0000 (  0.0%)   0.0000 (  0.0%)   0.0000 (  0.0%)   0.0000 (  0.0%)  Remove unreachable basic blocks under switch
   0.0000 (  0.0%)   0.0000 (  0.0%)   0.0000 (  0.0%)   0.0000 (  0.0%)  Lazy Value Information Analysis
   0.0000 (  0.0%)   0.0000 (  0.0%)   0.0000 (  0.0%)   0.0000 (  0.0%)  Memory Dependence Analysis
   0.0000 (  0.0%)   0.0000 (  0.0%)   0.0000 (  0.0%)   0.0000 (  0.0%)  Remove unreachable basic blocks under switch
   0.0000 (  0.0%)   0.0000 (  0.0%)   0.0000 (  0.0%)   0.0000 (  0.0%)  Memory Dependence Analysis
   0.0000 (  0.0%)   0.0000 (  0.0%)   0.0000 (  0.0%)   0.0000 (  0.0%)  Remove unreachable basic blocks under switch
   0.0000 (  0.0%)   0.0000 (  0.0%)   0.0000 (  0.0%)   0.0000 (  0.0%)  Remove unreachable basic blocks under switch
   0.0000 (  0.0%)   0.0000 (  0.0%)   0.0000 (  0.0%)   0.0000 (  0.0%)  Memory Dependence Analysis
   0.0000 (  0.0%)   0.0000 (  0.0%)   0.0000 (  0.0%)   0.0000 (  0.0%)  Dead Global Elimination
   0.0000 (  0.0%)   0.0000 (  0.0%)   0.0000 (  0.0%)   0.0000 (  0.0%)  Memory Dependence Analysis
   0.0000 (  0.0%)   0.0000 (  0.0%)   0.0000 (  0.0%)   0.0000 (  0.0%)  Remove unreachable basic blocks under switch
   0.0000 (  0.0%)   0.0000 (  0.0%)   0.0000 (  0.0%)   0.0000 (  0.0%)  CallGraph Construction
   0.0000 (  0.0%)   0.0000 (  0.0%)   0.0000 (  0.0%)   0.0000 (  0.0%)  Memory Dependence Analysis
   0.0000 (  0.0%)   0.0000 (  0.0%)   0.0000 (  0.0%)   0.0000 (  0.0%)  Memory Dependence Analysis
   0.0000 (  0.0%)   0.0000 (  0.0%)   0.0000 (  0.0%)   0.0000 (  0.0%)  Scalar Evolution Analysis
   0.0000 (  0.0%)   0.0000 (  0.0%)   0.0000 (  0.0%)   0.0000 (  0.0%)  Remove unreachable basic blocks under switch
   0.0000 (  0.0%)   0.0000 (  0.0%)   0.0000 (  0.0%)   0.0000 (  0.0%)  Lower memory intrinsic
   0.0000 (  0.0%)   0.0000 (  0.0%)   0.0000 (  0.0%)   0.0000 (  0.0%)  Remove unreachable basic blocks under switch
   0.0000 (  0.0%)   0.0000 (  0.0%)   0.0000 (  0.0%)   0.0000 (  0.0%)  Memory Dependence Analysis
   0.0000 (  0.0%)   0.0000 (  0.0%)   0.0000 (  0.0%)   0.0000 (  0.0%)  ArrayReshape - Reshape Arrays into Wider Arrays
   0.0000 (  0.0%)   0.0000 (  0.0%)   0.0000 (  0.0%)   0.0000 (  0.0%)  ArrayPartition - Partition Arrays into Banks
   0.0000 (  0.0%)   0.0000 (  0.0%)   0.0000 (  0.0%)   0.0000 (  0.0%)  Generate Loops to iterate over workitems
   0.0000 (  0.0%)   0.0000 (  0.0%)   0.0000 (  0.0%)   0.0000 (  0.0%)  Optimization Remark Emitter
   0.0000 (  0.0%)   0.0000 (  0.0%)   0.0000 (  0.0%)   0.0000 (  0.0%)  Remove unreachable basic blocks under switch
   0.0000 (  0.0%)   0.0000 (  0.0%)   0.0000 (  0.0%)   0.0000 (  0.0%)  Basic Alias Analysis (stateless AA impl)
   0.0000 (  0.0%)   0.0000 (  0.0%)   0.0000 (  0.0%)   0.0000 (  0.0%)  Predicate analysis under a loop context
   0.0000 (  0.0%)   0.0000 (  0.0%)   0.0000 (  0.0%)   0.0000 (  0.0%)  Memory Dependence Analysis
   0.0000 (  0.0%)   0.0000 (  0.0%)   0.0000 (  0.0%)   0.0000 (  0.0%)  CallGraph Construction
   0.0000 (  0.0%)   0.0000 (  0.0%)   0.0000 (  0.0%)   0.0000 (  0.0%)  Optimization Remark Emitter
   0.0000 (  0.0%)   0.0000 (  0.0%)   0.0000 (  0.0%)   0.0000 (  0.0%)  Resolve full load/store
   0.0000 (  0.0%)   0.0000 (  0.0%)   0.0000 (  0.0%)   0.0000 (  0.0%)  Basic Alias Analysis (stateless AA impl)
   0.0000 (  0.0%)   0.0000 (  0.0%)   0.0000 (  0.0%)   0.0000 (  0.0%)  Memory Dependence Analysis
   0.0000 (  0.0%)   0.0000 (  0.0%)   0.0000 (  0.0%)   0.0000 (  0.0%)  Undecay arrays
   0.0000 (  0.0%)   0.0000 (  0.0%)   0.0000 (  0.0%)   0.0000 (  0.0%)  Memory Dependence Analysis
   0.0000 (  0.0%)   0.0000 (  0.0%)   0.0000 (  0.0%)   0.0000 (  0.0%)  Lower BINDOP scope bundle
   0.0000 (  0.0%)   0.0000 (  0.0%)   0.0000 (  0.0%)   0.0000 (  0.0%)  Lazy Value Information Analysis
   0.0000 (  0.0%)   0.0000 (  0.0%)   0.0000 (  0.0%)   0.0000 (  0.0%)  Infer direct input/output accesses
   0.0000 (  0.0%)   0.0000 (  0.0%)   0.0000 (  0.0%)   0.0000 (  0.0%)  Memory Dependence Analysis
   0.0000 (  0.0%)   0.0000 (  0.0%)   0.0000 (  0.0%)   0.0000 (  0.0%)  CallGraph Construction
   0.0000 (  0.0%)   0.0000 (  0.0%)   0.0000 (  0.0%)   0.0000 (  0.0%)  CallGraph Construction
   0.0000 (  0.0%)   0.0000 (  0.0%)   0.0000 (  0.0%)   0.0000 (  0.0%)  Lazy Branch Probability Analysis
   0.0000 (  0.0%)   0.0000 (  0.0%)   0.0000 (  0.0%)   0.0000 (  0.0%)  Basic Alias Analysis (stateless AA impl)
   0.0000 (  0.0%)   0.0000 (  0.0%)   0.0000 (  0.0%)   0.0000 (  0.0%)  Memory Dependence Analysis
   0.0000 (  0.0%)   0.0000 (  0.0%)   0.0000 (  0.0%)   0.0000 (  0.0%)  Memory Dependence Analysis
   0.0000 (  0.0%)   0.0000 (  0.0%)   0.0000 (  0.0%)   0.0000 (  0.0%)  Lazy Branch Probability Analysis
   0.0000 (  0.0%)   0.0000 (  0.0%)   0.0000 (  0.0%)   0.0000 (  0.0%)  Analyze occurrence information
   0.0000 (  0.0%)   0.0000 (  0.0%)   0.0000 (  0.0%)   0.0000 (  0.0%)  Memory Dependence Analysis
   0.0000 (  0.0%)   0.0000 (  0.0%)   0.0000 (  0.0%)   0.0000 (  0.0%)  Memory Dependence Analysis
   0.0000 (  0.0%)   0.0000 (  0.0%)   0.0000 (  0.0%)   0.0000 (  0.0%)  Memory Dependence Analysis
   0.0000 (  0.0%)   0.0000 (  0.0%)   0.0000 (  0.0%)   0.0000 (  0.0%)  Memory Dependence Analysis
   0.0000 (  0.0%)   0.0000 (  0.0%)   0.0000 (  0.0%)   0.0000 (  0.0%)  Lazy Value Information Analysis
   0.0000 (  0.0%)   0.0000 (  0.0%)   0.0000 (  0.0%)   0.0000 (  0.0%)  Memory Dependence Analysis
   0.0000 (  0.0%)   0.0000 (  0.0%)   0.0000 (  0.0%)   0.0000 (  0.0%)  Remove unreachable basic blocks under switch
   0.0000 (  0.0%)   0.0000 (  0.0%)   0.0000 (  0.0%)   0.0000 (  0.0%)  Memory Dependence Analysis
   0.0000 (  0.0%)   0.0000 (  0.0%)   0.0000 (  0.0%)   0.0000 (  0.0%)  Critical Path Aanlysis
   0.0000 (  0.0%)   0.0000 (  0.0%)   0.0000 (  0.0%)   0.0000 (  0.0%)  Basic Alias Analysis (stateless AA impl)
   0.0000 (  0.0%)   0.0000 (  0.0%)   0.0000 (  0.0%)   0.0000 (  0.0%)  Lazy Block Frequency Analysis
   0.0000 (  0.0%)   0.0000 (  0.0%)   0.0000 (  0.0%)   0.0000 (  0.0%)  Memory Dependence Analysis
   0.0000 (  0.0%)   0.0000 (  0.0%)   0.0000 (  0.0%)   0.0000 (  0.0%)  ScalarEvolution-based Alias Analysis
   0.0000 (  0.0%)   0.0000 (  0.0%)   0.0000 (  0.0%)   0.0000 (  0.0%)  Memory Dependence Analysis
   0.0000 (  0.0%)   0.0000 (  0.0%)   0.0000 (  0.0%)   0.0000 (  0.0%)  Lazy Value Information Analysis
   0.0000 (  0.0%)   0.0000 (  0.0%)   0.0000 (  0.0%)   0.0000 (  0.0%)  Dead Argument Elimination
   0.0000 (  0.0%)   0.0000 (  0.0%)   0.0000 (  0.0%)   0.0000 (  0.0%)  Inline sub function calls recursively
   0.0000 (  0.0%)   0.0000 (  0.0%)   0.0000 (  0.0%)   0.0000 (  0.0%)  Memory Dependence Analysis
   0.0000 (  0.0%)   0.0000 (  0.0%)   0.0000 (  0.0%)   0.0000 (  0.0%)  Memory Dependence Analysis
   0.0000 (  0.0%)   0.0000 (  0.0%)   0.0000 (  0.0%)   0.0000 (  0.0%)  Stream object marker
   0.0000 (  0.0%)   0.0000 (  0.0%)   0.0000 (  0.0%)   0.0000 (  0.0%)  Memory Dependence Analysis
   0.0000 (  0.0%)   0.0000 (  0.0%)   0.0000 (  0.0%)   0.0000 (  0.0%)  Performance Evaluation
   0.0000 (  0.0%)   0.0000 (  0.0%)   0.0000 (  0.0%)   0.0000 (  0.0%)  Basic Alias Analysis (stateless AA impl)
   0.0000 (  0.0%)   0.0000 (  0.0%)   0.0000 (  0.0%)   0.0000 (  0.0%)  Memory Dependence Analysis
   0.0000 (  0.0%)   0.0000 (  0.0%)   0.0000 (  0.0%)   0.0000 (  0.0%)  Basic Alias Analysis (stateless AA impl)
   0.0000 (  0.0%)   0.0000 (  0.0%)   0.0000 (  0.0%)   0.0000 (  0.0%)  Memory Dependence Analysis
   0.0000 (  0.0%)   0.0000 (  0.0%)   0.0000 (  0.0%)   0.0000 (  0.0%)  Memory Dependence Analysis
   0.0000 (  0.0%)   0.0000 (  0.0%)   0.0000 (  0.0%)   0.0000 (  0.0%)  Lazy Value Information Analysis
   0.0000 (  0.0%)   0.0000 (  0.0%)   0.0000 (  0.0%)   0.0000 (  0.0%)  Basic Alias Analysis (stateless AA impl)
   0.0000 (  0.0%)   0.0000 (  0.0%)   0.0000 (  0.0%)   0.0000 (  0.0%)  Memory Dependence Analysis
   0.0000 (  0.0%)   0.0000 (  0.0%)   0.0000 (  0.0%)   0.0000 (  0.0%)  Lazy Branch Probability Analysis
   0.0000 (  0.0%)   0.0000 (  0.0%)   0.0000 (  0.0%)   0.0000 (  0.0%)  Memory Dependence Analysis
   0.0000 (  0.0%)   0.0000 (  0.0%)   0.0000 (  0.0%)   0.0000 (  0.0%)  Basic Alias Analysis (stateless AA impl)
   0.0000 (  0.0%)   0.0000 (  0.0%)   0.0000 (  0.0%)   0.0000 (  0.0%)  Promote Memory to Register
   0.0000 (  0.0%)   0.0000 (  0.0%)   0.0000 (  0.0%)   0.0000 (  0.0%)  Achieval II estimation - estimate acheival II lower bound according to constraint
   0.0000 (  0.0%)   0.0000 (  0.0%)   0.0000 (  0.0%)   0.0000 (  0.0%)  Dead Global Elimination
   0.0000 (  0.0%)   0.0000 (  0.0%)   0.0000 (  0.0%)   0.0000 (  0.0%)  Memory Dependence Analysis
   0.0000 (  0.0%)   0.0000 (  0.0%)   0.0000 (  0.0%)   0.0000 (  0.0%)  Memory Dependence Analysis
   0.0000 (  0.0%)   0.0000 (  0.0%)   0.0000 (  0.0%)   0.0000 (  0.0%)  Memory Dependence Analysis
   0.0000 (  0.0%)   0.0000 (  0.0%)   0.0000 (  0.0%)   0.0000 (  0.0%)  Lazy Block Frequency Analysis
   0.0000 (  0.0%)   0.0000 (  0.0%)   0.0000 (  0.0%)   0.0000 (  0.0%)  Memory Dependence Analysis
   0.0000 (  0.0%)   0.0000 (  0.0%)   0.0000 (  0.0%)   0.0000 (  0.0%)  Scalar Evolution Canonicalization
   0.0000 (  0.0%)   0.0000 (  0.0%)   0.0000 (  0.0%)   0.0000 (  0.0%)  Basic Alias Analysis (stateless AA impl)
   0.0000 (  0.0%)   0.0000 (  0.0%)   0.0000 (  0.0%)   0.0000 (  0.0%)  Memory Dependence Analysis
   0.0000 (  0.0%)   0.0000 (  0.0%)   0.0000 (  0.0%)   0.0000 (  0.0%)  Basic Alias Analysis (stateless AA impl)
   0.0000 (  0.0%)   0.0000 (  0.0%)   0.0000 (  0.0%)   0.0000 (  0.0%)  Optimization Remark Emitter
   0.0000 (  0.0%)   0.0000 (  0.0%)   0.0000 (  0.0%)   0.0000 (  0.0%)  Memory Dependence Analysis
   0.0000 (  0.0%)   0.0000 (  0.0%)   0.0000 (  0.0%)   0.0000 (  0.0%)  Critical Path Aanlysis
   0.0000 (  0.0%)   0.0000 (  0.0%)   0.0000 (  0.0%)   0.0000 (  0.0%)  CallGraph Construction
   0.0000 (  0.0%)   0.0000 (  0.0%)   0.0000 (  0.0%)   0.0000 (  0.0%)  Memory Dependence Analysis
   0.0000 (  0.0%)   0.0000 (  0.0%)   0.0000 (  0.0%)   0.0000 (  0.0%)  Memory Dependence Analysis
   0.0000 (  0.0%)   0.0000 (  0.0%)   0.0000 (  0.0%)   0.0000 (  0.0%)  CallGraph Construction
   0.0000 (  0.0%)   0.0000 (  0.0%)   0.0000 (  0.0%)   0.0000 (  0.0%)  Memory Dependence Analysis
   0.0000 (  0.0%)   0.0000 (  0.0%)   0.0000 (  0.0%)   0.0000 (  0.0%)  Unify function exit nodes
   0.0000 (  0.0%)   0.0000 (  0.0%)   0.0000 (  0.0%)   0.0000 (  0.0%)  Lazy Branch Probability Analysis
   0.0000 (  0.0%)   0.0000 (  0.0%)   0.0000 (  0.0%)   0.0000 (  0.0%)  Lazy Value Information Analysis
   0.0000 (  0.0%)   0.0000 (  0.0%)   0.0000 (  0.0%)   0.0000 (  0.0%)  Lazy Block Frequency Analysis
   0.0000 (  0.0%)   0.0000 (  0.0%)   0.0000 (  0.0%)   0.0000 (  0.0%)  Lazy Value Information Analysis
   0.0000 (  0.0%)   0.0000 (  0.0%)   0.0000 (  0.0%)   0.0000 (  0.0%)  Basic Alias Analysis (stateless AA impl)
   0.0000 (  0.0%)   0.0000 (  0.0%)   0.0000 (  0.0%)   0.0000 (  0.0%)  Memory Dependence Analysis
   0.0000 (  0.0%)   0.0000 (  0.0%)   0.0000 (  0.0%)   0.0000 (  0.0%)  Memory Dependence Analysis
   0.0000 (  0.0%)   0.0000 (  0.0%)   0.0000 (  0.0%)   0.0000 (  0.0%)  Scalar Evolution Canonicalization
   0.0000 (  0.0%)   0.0000 (  0.0%)   0.0000 (  0.0%)   0.0000 (  0.0%)  Lazy Block Frequency Analysis
   0.0000 (  0.0%)   0.0000 (  0.0%)   0.0000 (  0.0%)   0.0000 (  0.0%)  Lower printf for the fpga target
   0.0000 (  0.0%)   0.0000 (  0.0%)   0.0000 (  0.0%)   0.0000 (  0.0%)  Memory Dependence Analysis
   0.0000 (  0.0%)   0.0000 (  0.0%)   0.0000 (  0.0%)   0.0000 (  0.0%)  Memory Dependence Analysis
   0.0000 (  0.0%)   0.0000 (  0.0%)   0.0000 (  0.0%)   0.0000 (  0.0%)  Memory Dependence Analysis
   0.0000 (  0.0%)   0.0000 (  0.0%)   0.0000 (  0.0%)   0.0000 (  0.0%)  Scalar Evolution Analysis
   0.0000 (  0.0%)   0.0000 (  0.0%)   0.0000 (  0.0%)   0.0000 (  0.0%)  Lazy Branch Probability Analysis
   0.0000 (  0.0%)   0.0000 (  0.0%)   0.0000 (  0.0%)   0.0000 (  0.0%)  Scalar Evolution Analysis
   0.0000 (  0.0%)   0.0000 (  0.0%)   0.0000 (  0.0%)   0.0000 (  0.0%)  Memory Dependence Analysis
   0.0000 (  0.0%)   0.0000 (  0.0%)   0.0000 (  0.0%)   0.0000 (  0.0%)  Lazy Value Information Analysis
   0.0000 (  0.0%)   0.0000 (  0.0%)   0.0000 (  0.0%)   0.0000 (  0.0%)  Optimization Remark Emitter
   0.0000 (  0.0%)   0.0000 (  0.0%)   0.0000 (  0.0%)   0.0000 (  0.0%)  Lazy Value Information Analysis
   0.0000 (  0.0%)   0.0000 (  0.0%)   0.0000 (  0.0%)   0.0000 (  0.0%)  Memory Dependence Analysis
   0.0000 (  0.0%)   0.0000 (  0.0%)   0.0000 (  0.0%)   0.0000 (  0.0%)  Lazy Branch Probability Analysis
   0.0000 (  0.0%)   0.0000 (  0.0%)   0.0000 (  0.0%)   0.0000 (  0.0%)  Optimization Remark Emitter
   0.0000 (  0.0%)   0.0000 (  0.0%)   0.0000 (  0.0%)   0.0000 (  0.0%)  Lazy Branch Probability Analysis
   0.0000 (  0.0%)   0.0000 (  0.0%)   0.0000 (  0.0%)   0.0000 (  0.0%)  Lazy Block Frequency Analysis
   0.0000 (  0.0%)   0.0000 (  0.0%)   0.0000 (  0.0%)   0.0000 (  0.0%)  Optimization Remark Emitter
   0.0000 (  0.0%)   0.0000 (  0.0%)   0.0000 (  0.0%)   0.0000 (  0.0%)  CallGraph Construction
   0.0000 (  0.0%)   0.0000 (  0.0%)   0.0000 (  0.0%)   0.0000 (  0.0%)  Memory Dependence Analysis
   0.0000 (  0.0%)   0.0000 (  0.0%)   0.0000 (  0.0%)   0.0000 (  0.0%)  Lazy Value Information Analysis
   0.0000 (  0.0%)   0.0000 (  0.0%)   0.0000 (  0.0%)   0.0000 (  0.0%)  Scalar Evolution Analysis
   0.0000 (  0.0%)   0.0000 (  0.0%)   0.0000 (  0.0%)   0.0000 (  0.0%)  ScalarEvolution-based Alias Analysis
   0.0000 (  0.0%)   0.0000 (  0.0%)   0.0000 (  0.0%)   0.0000 (  0.0%)  Scalar Evolution Canonicalization
   0.0000 (  0.0%)   0.0000 (  0.0%)   0.0000 (  0.0%)   0.0000 (  0.0%)  Infer workgroup size for opencl Kernel
   0.0000 (  0.0%)   0.0000 (  0.0%)   0.0000 (  0.0%)   0.0000 (  0.0%)  Memory Dependence Analysis
   0.0000 (  0.0%)   0.0000 (  0.0%)   0.0000 (  0.0%)   0.0000 (  0.0%)  Scalar Evolution Canonicalization
   0.0000 (  0.0%)   0.0000 (  0.0%)   0.0000 (  0.0%)   0.0000 (  0.0%)  Lazy Value Information Analysis
   0.0000 (  0.0%)   0.0000 (  0.0%)   0.0000 (  0.0%)   0.0000 (  0.0%)  Basic Alias Analysis (stateless AA impl)
   0.0000 (  0.0%)   0.0000 (  0.0%)   0.0000 (  0.0%)   0.0000 (  0.0%)  Memory Dependence Analysis
   0.0000 (  0.0%)   0.0000 (  0.0%)   0.0000 (  0.0%)   0.0000 (  0.0%)  Remove unreachable basic blocks under switch
   0.0000 (  0.0%)   0.0000 (  0.0%)   0.0000 (  0.0%)   0.0000 (  0.0%)  Basic Alias Analysis (stateless AA impl)
   0.0000 (  0.0%)   0.0000 (  0.0%)   0.0000 (  0.0%)   0.0000 (  0.0%)  Memory Dependence Analysis
   0.0000 (  0.0%)   0.0000 (  0.0%)   0.0000 (  0.0%)   0.0000 (  0.0%)  Lazy Value Information Analysis
   0.0000 (  0.0%)   0.0000 (  0.0%)   0.0000 (  0.0%)   0.0000 (  0.0%)  Scalar Evolution Canonicalization
   0.0000 (  0.0%)   0.0000 (  0.0%)   0.0000 (  0.0%)   0.0000 (  0.0%)  Lazy Block Frequency Analysis
   0.0000 (  0.0%)   0.0000 (  0.0%)   0.0000 (  0.0%)   0.0000 (  0.0%)  Optimization Remark Emitter
   0.0000 (  0.0%)   0.0000 (  0.0%)   0.0000 (  0.0%)   0.0000 (  0.0%)  Memory Dependence Analysis
   0.0000 (  0.0%)   0.0000 (  0.0%)   0.0000 (  0.0%)   0.0000 (  0.0%)  Basic Alias Analysis (stateless AA impl)
   0.0000 (  0.0%)   0.0000 (  0.0%)   0.0000 (  0.0%)   0.0000 (  0.0%)  LCSSA Verifier
   0.0000 (  0.0%)   0.0000 (  0.0%)   0.0000 (  0.0%)   0.0000 (  0.0%)  Lazy Value Information Analysis
   0.0000 (  0.0%)   0.0000 (  0.0%)   0.0000 (  0.0%)   0.0000 (  0.0%)  Dead Global Elimination
   0.0000 (  0.0%)   0.0000 (  0.0%)   0.0000 (  0.0%)   0.0000 (  0.0%)  Optimization Remark Emitter
   0.0000 (  0.0%)   0.0000 (  0.0%)   0.0000 (  0.0%)   0.0000 (  0.0%)  Lazy Block Frequency Analysis
   0.0000 (  0.0%)   0.0000 (  0.0%)   0.0000 (  0.0%)   0.0000 (  0.0%)  Memory Dependence Analysis
   0.0000 (  0.0%)   0.0000 (  0.0%)   0.0000 (  0.0%)   0.0000 (  0.0%)  Basic Alias Analysis (stateless AA impl)
   0.0000 (  0.0%)   0.0000 (  0.0%)   0.0000 (  0.0%)   0.0000 (  0.0%)  Memory Dependence Analysis
   0.0000 (  0.0%)   0.0000 (  0.0%)   0.0000 (  0.0%)   0.0000 (  0.0%)  Lazy Value Information Analysis
   0.0000 (  0.0%)   0.0000 (  0.0%)   0.0000 (  0.0%)   0.0000 (  0.0%)  Promote Memory to Register
   0.0000 (  0.0%)   0.0000 (  0.0%)   0.0000 (  0.0%)   0.0000 (  0.0%)  Memory Dependence Analysis
   0.0000 (  0.0%)   0.0000 (  0.0%)   0.0000 (  0.0%)   0.0000 (  0.0%)  Lazy Value Information Analysis
   0.0000 (  0.0%)   0.0000 (  0.0%)   0.0000 (  0.0%)   0.0000 (  0.0%)  LCSSA Verifier
   0.0000 (  0.0%)   0.0000 (  0.0%)   0.0000 (  0.0%)   0.0000 (  0.0%)  CallGraph Construction
   0.0000 (  0.0%)   0.0000 (  0.0%)   0.0000 (  0.0%)   0.0000 (  0.0%)  Lazy Branch Probability Analysis
   0.0000 (  0.0%)   0.0000 (  0.0%)   0.0000 (  0.0%)   0.0000 (  0.0%)  Promote Memory to Register
   0.0000 (  0.0%)   0.0000 (  0.0%)   0.0000 (  0.0%)   0.0000 (  0.0%)  Basic Alias Analysis (stateless AA impl)
   0.0000 (  0.0%)   0.0000 (  0.0%)   0.0000 (  0.0%)   0.0000 (  0.0%)  Remove unreachable basic blocks under switch
   0.0000 (  0.0%)   0.0000 (  0.0%)   0.0000 (  0.0%)   0.0000 (  0.0%)  Lazy Value Information Analysis
   0.0000 (  0.0%)   0.0000 (  0.0%)   0.0000 (  0.0%)   0.0000 (  0.0%)  Basic Alias Analysis (stateless AA impl)
   0.0000 (  0.0%)   0.0000 (  0.0%)   0.0000 (  0.0%)   0.0000 (  0.0%)  Promote Memory to Register
   0.0000 (  0.0%)   0.0000 (  0.0%)   0.0000 (  0.0%)   0.0000 (  0.0%)  Memory Dependence Analysis
   0.0000 (  0.0%)   0.0000 (  0.0%)   0.0000 (  0.0%)   0.0000 (  0.0%)  Scalar Evolution Canonicalization
   0.0000 (  0.0%)   0.0000 (  0.0%)   0.0000 (  0.0%)   0.0000 (  0.0%)  Lazy Value Information Analysis
   0.0000 (  0.0%)   0.0000 (  0.0%)   0.0000 (  0.0%)   0.0000 (  0.0%)  Lazy Value Information Analysis
   0.0000 (  0.0%)   0.0000 (  0.0%)   0.0000 (  0.0%)   0.0000 (  0.0%)  Memory Dependence Analysis
   0.0000 (  0.0%)   0.0000 (  0.0%)   0.0000 (  0.0%)   0.0000 (  0.0%)  InferXCLAttrImplications - Infer XCL attribute implications
   0.0000 (  0.0%)   0.0000 (  0.0%)   0.0000 (  0.0%)   0.0000 (  0.0%)  Dependence Analysis
   0.0000 (  0.0%)   0.0000 (  0.0%)   0.0000 (  0.0%)   0.0000 (  0.0%)  Lazy Block Frequency Analysis
   0.0000 (  0.0%)   0.0000 (  0.0%)   0.0000 (  0.0%)   0.0000 (  0.0%)  Eliminate dead stores globally
   0.0000 (  0.0%)   0.0000 (  0.0%)   0.0000 (  0.0%)   0.0000 (  0.0%)  Memory Dependence Analysis
   0.0000 (  0.0%)   0.0000 (  0.0%)   0.0000 (  0.0%)   0.0000 (  0.0%)  Promote Memory to Register
   0.0000 (  0.0%)   0.0000 (  0.0%)   0.0000 (  0.0%)   0.0000 (  0.0%)  Memory Dependence Analysis
   0.0000 (  0.0%)   0.0000 (  0.0%)   0.0000 (  0.0%)   0.0000 (  0.0%)  ScalarEvolution-based Alias Analysis
   0.0000 (  0.0%)   0.0000 (  0.0%)   0.0000 (  0.0%)   0.0000 (  0.0%)  Basic Alias Analysis (stateless AA impl)
   0.0000 (  0.0%)   0.0000 (  0.0%)   0.0000 (  0.0%)   0.0000 (  0.0%)  Memory Dependence Analysis
   0.0000 (  0.0%)   0.0000 (  0.0%)   0.0000 (  0.0%)   0.0000 (  0.0%)  Promote Memory to Register
   0.0000 (  0.0%)   0.0000 (  0.0%)   0.0000 (  0.0%)   0.0000 (  0.0%)  Lazy Block Frequency Analysis
   0.0000 (  0.0%)   0.0000 (  0.0%)   0.0000 (  0.0%)   0.0000 (  0.0%)  Lazy Value Information Analysis
   0.0000 (  0.0%)   0.0000 (  0.0%)   0.0000 (  0.0%)   0.0000 (  0.0%)  Lazy Branch Probability Analysis
   0.0000 (  0.0%)   0.0000 (  0.0%)   0.0000 (  0.0%)   0.0000 (  0.0%)  Promote Memory to Register
   0.0000 (  0.0%)   0.0000 (  0.0%)   0.0000 (  0.0%)   0.0000 (  0.0%)  Lower HLS related intrinsics
   0.0000 (  0.0%)   0.0000 (  0.0%)   0.0000 (  0.0%)   0.0000 (  0.0%)  Memory Dependence Analysis
   0.0000 (  0.0%)   0.0000 (  0.0%)   0.0000 (  0.0%)   0.0000 (  0.0%)  Memory Dependence Analysis
   0.0000 (  0.0%)   0.0000 (  0.0%)   0.0000 (  0.0%)   0.0000 (  0.0%)  Memory Dependence Analysis
   0.0000 (  0.0%)   0.0000 (  0.0%)   0.0000 (  0.0%)   0.0000 (  0.0%)  Scalar Evolution Analysis
   0.0000 (  0.0%)   0.0000 (  0.0%)   0.0000 (  0.0%)   0.0000 (  0.0%)  Optimization Remark Emitter
   0.0000 (  0.0%)   0.0000 (  0.0%)   0.0000 (  0.0%)   0.0000 (  0.0%)  Lazy Block Frequency Analysis
   0.0000 (  0.0%)   0.0000 (  0.0%)   0.0000 (  0.0%)   0.0000 (  0.0%)  Scalar Evolution Canonicalization
   0.0000 (  0.0%)   0.0000 (  0.0%)   0.0000 (  0.0%)   0.0000 (  0.0%)  Lazy Value Information Analysis
   0.0000 (  0.0%)   0.0000 (  0.0%)   0.0000 (  0.0%)   0.0000 (  0.0%)  Lazy Value Information Analysis
   0.0000 (  0.0%)   0.0000 (  0.0%)   0.0000 (  0.0%)   0.0000 (  0.0%)  Lazy Branch Probability Analysis
   0.0000 (  0.0%)   0.0000 (  0.0%)   0.0000 (  0.0%)   0.0000 (  0.0%)  Basic Alias Analysis (stateless AA impl)
   0.0000 (  0.0%)   0.0000 (  0.0%)   0.0000 (  0.0%)   0.0000 (  0.0%)  Lazy Block Frequency Analysis
   0.0000 (  0.0%)   0.0000 (  0.0%)   0.0000 (  0.0%)   0.0000 (  0.0%)  Basic Alias Analysis (stateless AA impl)
   0.0000 (  0.0%)   0.0000 (  0.0%)   0.0000 (  0.0%)   0.0000 (  0.0%)  Lazy Value Information Analysis
   0.0000 (  0.0%)   0.0000 (  0.0%)   0.0000 (  0.0%)   0.0000 (  0.0%)  Basic Alias Analysis (stateless AA impl)
   0.0000 (  0.0%)   0.0000 (  0.0%)   0.0000 (  0.0%)   0.0000 (  0.0%)  Basic Alias Analysis (stateless AA impl)
   0.0000 (  0.0%)   0.0000 (  0.0%)   0.0000 (  0.0%)   0.0000 (  0.0%)  Memory Dependence Analysis
   0.0000 (  0.0%)   0.0000 (  0.0%)   0.0000 (  0.0%)   0.0000 (  0.0%)  Memory Dependence Analysis
   0.0000 (  0.0%)   0.0000 (  0.0%)   0.0000 (  0.0%)   0.0000 (  0.0%)  Lazy Branch Probability Analysis
   0.0000 (  0.0%)   0.0000 (  0.0%)   0.0000 (  0.0%)   0.0000 (  0.0%)  Lazy Value Information Analysis
   0.0000 (  0.0%)   0.0000 (  0.0%)   0.0000 (  0.0%)   0.0000 (  0.0%)  Lazy Block Frequency Analysis
   0.0000 (  0.0%)   0.0000 (  0.0%)   0.0000 (  0.0%)   0.0000 (  0.0%)  Lazy Branch Probability Analysis
   0.0000 (  0.0%)   0.0000 (  0.0%)   0.0000 (  0.0%)   0.0000 (  0.0%)  Optimization Remark Emitter
   0.0000 (  0.0%)   0.0000 (  0.0%)   0.0000 (  0.0%)   0.0000 (  0.0%)  Basic Alias Analysis (stateless AA impl)
   0.0000 (  0.0%)   0.0000 (  0.0%)   0.0000 (  0.0%)   0.0000 (  0.0%)  Lazy Branch Probability Analysis
   0.0000 (  0.0%)   0.0000 (  0.0%)   0.0000 (  0.0%)   0.0000 (  0.0%)  Basic Alias Analysis (stateless AA impl)
   0.0000 (  0.0%)   0.0000 (  0.0%)   0.0000 (  0.0%)   0.0000 (  0.0%)  Basic Alias Analysis (stateless AA impl)
   0.0000 (  0.0%)   0.0000 (  0.0%)   0.0000 (  0.0%)   0.0000 (  0.0%)  Lazy Block Frequency Analysis
   0.0000 (  0.0%)   0.0000 (  0.0%)   0.0000 (  0.0%)   0.0000 (  0.0%)  Lazy Branch Probability Analysis
   0.0000 (  0.0%)   0.0000 (  0.0%)   0.0000 (  0.0%)   0.0000 (  0.0%)  CallGraph Construction
   0.0000 (  0.0%)   0.0000 (  0.0%)   0.0000 (  0.0%)   0.0000 (  0.0%)  Basic Alias Analysis (stateless AA impl)
   0.0000 (  0.0%)   0.0000 (  0.0%)   0.0000 (  0.0%)   0.0000 (  0.0%)  Memory Dependence Analysis
   0.0000 (  0.0%)   0.0000 (  0.0%)   0.0000 (  0.0%)   0.0000 (  0.0%)  Lazy Branch Probability Analysis
   0.0000 (  0.0%)   0.0000 (  0.0%)   0.0000 (  0.0%)   0.0000 (  0.0%)  Build Synchronization Regions in SPMD program
   0.0000 (  0.0%)   0.0000 (  0.0%)   0.0000 (  0.0%)   0.0000 (  0.0%)  Basic Alias Analysis (stateless AA impl)
   0.0000 (  0.0%)   0.0000 (  0.0%)   0.0000 (  0.0%)   0.0000 (  0.0%)  Basic Alias Analysis (stateless AA impl)
   0.0000 (  0.0%)   0.0000 (  0.0%)   0.0000 (  0.0%)   0.0000 (  0.0%)  Scalar Evolution Analysis
   0.0000 (  0.0%)   0.0000 (  0.0%)   0.0000 (  0.0%)   0.0000 (  0.0%)  Memory Dependence Analysis
   0.0000 (  0.0%)   0.0000 (  0.0%)   0.0000 (  0.0%)   0.0000 (  0.0%)  Optimization Remark Emitter
   0.0000 (  0.0%)   0.0000 (  0.0%)   0.0000 (  0.0%)   0.0000 (  0.0%)  Memory Dependence Analysis
   0.0000 (  0.0%)   0.0000 (  0.0%)   0.0000 (  0.0%)   0.0000 (  0.0%)  Memory Dependence Analysis
   0.0000 (  0.0%)   0.0000 (  0.0%)   0.0000 (  0.0%)   0.0000 (  0.0%)  Basic Alias Analysis (stateless AA impl)
   0.0000 (  0.0%)   0.0000 (  0.0%)   0.0000 (  0.0%)   0.0000 (  0.0%)  LCSSA Verifier
   0.0000 (  0.0%)   0.0000 (  0.0%)   0.0000 (  0.0%)   0.0000 (  0.0%)  Basic Alias Analysis (stateless AA impl)
   0.0000 (  0.0%)   0.0000 (  0.0%)   0.0000 (  0.0%)   0.0000 (  0.0%)  Lazy Branch Probability Analysis
   0.0000 (  0.0%)   0.0000 (  0.0%)   0.0000 (  0.0%)   0.0000 (  0.0%)  Basic Alias Analysis (stateless AA impl)
   0.0000 (  0.0%)   0.0000 (  0.0%)   0.0000 (  0.0%)   0.0000 (  0.0%)  Optimization Remark Emitter
   0.0000 (  0.0%)   0.0000 (  0.0%)   0.0000 (  0.0%)   0.0000 (  0.0%)  Lazy Value Information Analysis
   0.0000 (  0.0%)   0.0000 (  0.0%)   0.0000 (  0.0%)   0.0000 (  0.0%)  Basic Alias Analysis (stateless AA impl)
   0.0000 (  0.0%)   0.0000 (  0.0%)   0.0000 (  0.0%)   0.0000 (  0.0%)  Basic Alias Analysis (stateless AA impl)
   0.0000 (  0.0%)   0.0000 (  0.0%)   0.0000 (  0.0%)   0.0000 (  0.0%)  Memory Dependence Analysis
   0.0000 (  0.0%)   0.0000 (  0.0%)   0.0000 (  0.0%)   0.0000 (  0.0%)  Lazy Branch Probability Analysis
   0.0000 (  0.0%)   0.0000 (  0.0%)   0.0000 (  0.0%)   0.0000 (  0.0%)  Memory Dependence Analysis
   0.0000 (  0.0%)   0.0000 (  0.0%)   0.0000 (  0.0%)   0.0000 (  0.0%)  Basic Alias Analysis (stateless AA impl)
   0.0000 (  0.0%)   0.0000 (  0.0%)   0.0000 (  0.0%)   0.0000 (  0.0%)  Lazy Block Frequency Analysis
   0.0000 (  0.0%)   0.0000 (  0.0%)   0.0000 (  0.0%)   0.0000 (  0.0%)  Lazy Branch Probability Analysis
   0.0000 (  0.0%)   0.0000 (  0.0%)   0.0000 (  0.0%)   0.0000 (  0.0%)  Lazy Block Frequency Analysis
   0.0000 (  0.0%)   0.0000 (  0.0%)   0.0000 (  0.0%)   0.0000 (  0.0%)  Lazy Branch Probability Analysis
   0.0000 (  0.0%)   0.0000 (  0.0%)   0.0000 (  0.0%)   0.0000 (  0.0%)  Lazy Branch Probability Analysis
   0.0000 (  0.0%)   0.0000 (  0.0%)   0.0000 (  0.0%)   0.0000 (  0.0%)  Memory Dependence Analysis
   0.0000 (  0.0%)   0.0000 (  0.0%)   0.0000 (  0.0%)   0.0000 (  0.0%)  Memory Dependence Analysis
   0.0000 (  0.0%)   0.0000 (  0.0%)   0.0000 (  0.0%)   0.0000 (  0.0%)  Basic Alias Analysis (stateless AA impl)
   0.0000 (  0.0%)   0.0000 (  0.0%)   0.0000 (  0.0%)   0.0000 (  0.0%)  Memory Dependence Analysis
   0.0000 (  0.0%)   0.0000 (  0.0%)   0.0000 (  0.0%)   0.0000 (  0.0%)  Memory Dependence Analysis
   0.0000 (  0.0%)   0.0000 (  0.0%)   0.0000 (  0.0%)   0.0000 (  0.0%)  Basic Alias Analysis (stateless AA impl)
   0.0000 (  0.0%)   0.0000 (  0.0%)   0.0000 (  0.0%)   0.0000 (  0.0%)  Memory Dependence Analysis
   0.0000 (  0.0%)   0.0000 (  0.0%)   0.0000 (  0.0%)   0.0000 (  0.0%)  Lazy Branch Probability Analysis
   0.0000 (  0.0%)   0.0000 (  0.0%)   0.0000 (  0.0%)   0.0000 (  0.0%)  Basic Alias Analysis (stateless AA impl)
   0.0000 (  0.0%)   0.0000 (  0.0%)   0.0000 (  0.0%)   0.0000 (  0.0%)  Predicate SPIR Kernels
   0.0000 (  0.0%)   0.0000 (  0.0%)   0.0000 (  0.0%)   0.0000 (  0.0%)  Optimization Remark Emitter
   0.0000 (  0.0%)   0.0000 (  0.0%)   0.0000 (  0.0%)   0.0000 (  0.0%)  ScalarEvolution-based Alias Analysis
   0.0000 (  0.0%)   0.0000 (  0.0%)   0.0000 (  0.0%)   0.0000 (  0.0%)  Optimization Remark Emitter
   0.0000 (  0.0%)   0.0000 (  0.0%)   0.0000 (  0.0%)   0.0000 (  0.0%)  Lazy Branch Probability Analysis
   0.0000 (  0.0%)   0.0000 (  0.0%)   0.0000 (  0.0%)   0.0000 (  0.0%)  Lazy Branch Probability Analysis
   0.0000 (  0.0%)   0.0000 (  0.0%)   0.0000 (  0.0%)   0.0000 (  0.0%)  Lazy Branch Probability Analysis
   0.0000 (  0.0%)   0.0000 (  0.0%)   0.0000 (  0.0%)   0.0000 (  0.0%)  Revert PPPO for array-to-stream
   0.0000 (  0.0%)   0.0000 (  0.0%)   0.0000 (  0.0%)   0.0000 (  0.0%)  Optimization Remark Emitter
   0.0000 (  0.0%)   0.0000 (  0.0%)   0.0000 (  0.0%)   0.0000 (  0.0%)  Basic Alias Analysis (stateless AA impl)
   0.0000 (  0.0%)   0.0000 (  0.0%)   0.0000 (  0.0%)   0.0000 (  0.0%)  Scalar Evolution Analysis
   0.0000 (  0.0%)   0.0000 (  0.0%)   0.0000 (  0.0%)   0.0000 (  0.0%)  Memory Dependence Analysis
   0.0000 (  0.0%)   0.0000 (  0.0%)   0.0000 (  0.0%)   0.0000 (  0.0%)  Optimization Remark Emitter
   0.0000 (  0.0%)   0.0000 (  0.0%)   0.0000 (  0.0%)   0.0000 (  0.0%)  Basic Alias Analysis (stateless AA impl)
   0.0000 (  0.0%)   0.0000 (  0.0%)   0.0000 (  0.0%)   0.0000 (  0.0%)  Dependence Analysis
   0.0000 (  0.0%)   0.0000 (  0.0%)   0.0000 (  0.0%)   0.0000 (  0.0%)  Basic Alias Analysis (stateless AA impl)
   0.0000 (  0.0%)   0.0000 (  0.0%)   0.0000 (  0.0%)   0.0000 (  0.0%)  Optimization Remark Emitter
   0.0000 (  0.0%)   0.0000 (  0.0%)   0.0000 (  0.0%)   0.0000 (  0.0%)  Memory Dependence Analysis
   0.0000 (  0.0%)   0.0000 (  0.0%)   0.0000 (  0.0%)   0.0000 (  0.0%)  CallGraph Construction
   0.0000 (  0.0%)   0.0000 (  0.0%)   0.0000 (  0.0%)   0.0000 (  0.0%)  LCSSA Verifier
   0.0000 (  0.0%)   0.0000 (  0.0%)   0.0000 (  0.0%)   0.0000 (  0.0%)  Memory Dependence Analysis
   0.0000 (  0.0%)   0.0000 (  0.0%)   0.0000 (  0.0%)   0.0000 (  0.0%)  Lazy Branch Probability Analysis
   0.0000 (  0.0%)   0.0000 (  0.0%)   0.0000 (  0.0%)   0.0000 (  0.0%)  ScalarEvolution-based Alias Analysis
   0.0000 (  0.0%)   0.0000 (  0.0%)   0.0000 (  0.0%)   0.0000 (  0.0%)  Optimization Remark Emitter
   0.0000 (  0.0%)   0.0000 (  0.0%)   0.0000 (  0.0%)   0.0000 (  0.0%)  Shrink Synchronization Regions in SPMD program to reduce CFG complexity
   0.0000 (  0.0%)   0.0000 (  0.0%)   0.0000 (  0.0%)   0.0000 (  0.0%)  Lazy Branch Probability Analysis
   0.0000 (  0.0%)   0.0000 (  0.0%)   0.0000 (  0.0%)   0.0000 (  0.0%)  Optimization Remark Emitter
   0.0000 (  0.0%)   0.0000 (  0.0%)   0.0000 (  0.0%)   0.0000 (  0.0%)  Optimization Remark Emitter
   0.0000 (  0.0%)   0.0000 (  0.0%)   0.0000 (  0.0%)   0.0000 (  0.0%)  Basic Alias Analysis (stateless AA impl)
   0.0000 (  0.0%)   0.0000 (  0.0%)   0.0000 (  0.0%)   0.0000 (  0.0%)  Optimization Remark Emitter
   0.0000 (  0.0%)   0.0000 (  0.0%)   0.0000 (  0.0%)   0.0000 (  0.0%)  Optimization Remark Emitter
   0.0000 (  0.0%)   0.0000 (  0.0%)   0.0000 (  0.0%)   0.0000 (  0.0%)  Basic Alias Analysis (stateless AA impl)
   0.0000 (  0.0%)   0.0000 (  0.0%)   0.0000 (  0.0%)   0.0000 (  0.0%)  Lazy Value Information Analysis
   0.0000 (  0.0%)   0.0000 (  0.0%)   0.0000 (  0.0%)   0.0000 (  0.0%)  Optimization Remark Emitter
   0.0000 (  0.0%)   0.0000 (  0.0%)   0.0000 (  0.0%)   0.0000 (  0.0%)  Vectorize the SPMD regions
   0.0000 (  0.0%)   0.0000 (  0.0%)   0.0000 (  0.0%)   0.0000 (  0.0%)  Optimization Remark Emitter
   0.0000 (  0.0%)   0.0000 (  0.0%)   0.0000 (  0.0%)   0.0000 (  0.0%)  Lazy Branch Probability Analysis
   0.0000 (  0.0%)   0.0000 (  0.0%)   0.0000 (  0.0%)   0.0000 (  0.0%)  Basic Alias Analysis (stateless AA impl)
   0.0000 (  0.0%)   0.0000 (  0.0%)   0.0000 (  0.0%)   0.0000 (  0.0%)  Lazy Branch Probability Analysis
   0.0000 (  0.0%)   0.0000 (  0.0%)   0.0000 (  0.0%)   0.0000 (  0.0%)  Basic Alias Analysis (stateless AA impl)
   0.0000 (  0.0%)   0.0000 (  0.0%)   0.0000 (  0.0%)   0.0000 (  0.0%)  Basic Alias Analysis (stateless AA impl)
   0.0000 (  0.0%)   0.0000 (  0.0%)   0.0000 (  0.0%)   0.0000 (  0.0%)  Memory Dependence Analysis
   0.0000 (  0.0%)   0.0000 (  0.0%)   0.0000 (  0.0%)   0.0000 (  0.0%)  Basic Alias Analysis (stateless AA impl)
   0.0000 (  0.0%)   0.0000 (  0.0%)   0.0000 (  0.0%)   0.0000 (  0.0%)  Optimization Remark Emitter
   0.0000 (  0.0%)   0.0000 (  0.0%)   0.0000 (  0.0%)   0.0000 (  0.0%)  Memory Dependence Analysis
   0.0000 (  0.0%)   0.0000 (  0.0%)   0.0000 (  0.0%)   0.0000 (  0.0%)  Basic Alias Analysis (stateless AA impl)
   0.0000 (  0.0%)   0.0000 (  0.0%)   0.0000 (  0.0%)   0.0000 (  0.0%)  Basic Alias Analysis (stateless AA impl)
   0.0000 (  0.0%)   0.0000 (  0.0%)   0.0000 (  0.0%)   0.0000 (  0.0%)  Basic Alias Analysis (stateless AA impl)
   0.0000 (  0.0%)   0.0000 (  0.0%)   0.0000 (  0.0%)   0.0000 (  0.0%)  Optimization Remark Emitter
   0.0000 (  0.0%)   0.0000 (  0.0%)   0.0000 (  0.0%)   0.0000 (  0.0%)  LCSSA Verifier
   0.0000 (  0.0%)   0.0000 (  0.0%)   0.0000 (  0.0%)   0.0000 (  0.0%)  Optimization Remark Emitter
   0.0000 (  0.0%)   0.0000 (  0.0%)   0.0000 (  0.0%)   0.0000 (  0.0%)  Optimization Remark Emitter
   0.0000 (  0.0%)   0.0000 (  0.0%)   0.0000 (  0.0%)   0.0000 (  0.0%)  Basic Alias Analysis (stateless AA impl)
   0.0000 (  0.0%)   0.0000 (  0.0%)   0.0000 (  0.0%)   0.0000 (  0.0%)  LCSSA Verifier
   0.0000 (  0.0%)   0.0000 (  0.0%)   0.0000 (  0.0%)   0.0000 (  0.0%)  Lazy Block Frequency Analysis
   0.0000 (  0.0%)   0.0000 (  0.0%)   0.0000 (  0.0%)   0.0000 (  0.0%)  Lazy Block Frequency Analysis
   0.0000 (  0.0%)   0.0000 (  0.0%)   0.0000 (  0.0%)   0.0000 (  0.0%)  Optimization Remark Emitter
   0.0000 (  0.0%)   0.0000 (  0.0%)   0.0000 (  0.0%)   0.0000 (  0.0%)  Memory Dependence Analysis
   0.0000 (  0.0%)   0.0000 (  0.0%)   0.0000 (  0.0%)   0.0000 (  0.0%)  ScalarEvolution-based Alias Analysis
   0.0000 (  0.0%)   0.0000 (  0.0%)   0.0000 (  0.0%)   0.0000 (  0.0%)  Optimization Remark Emitter
   0.0000 (  0.0%)   0.0000 (  0.0%)   0.0000 (  0.0%)   0.0000 (  0.0%)  Lazy Branch Probability Analysis
   0.0000 (  0.0%)   0.0000 (  0.0%)   0.0000 (  0.0%)   0.0000 (  0.0%)  Optimization Remark Emitter
   0.0000 (  0.0%)   0.0000 (  0.0%)   0.0000 (  0.0%)   0.0000 (  0.0%)  ScalarEvolution-based Alias Analysis
   0.0000 (  0.0%)   0.0000 (  0.0%)   0.0000 (  0.0%)   0.0000 (  0.0%)  Basic Alias Analysis (stateless AA impl)
   0.0000 (  0.0%)   0.0000 (  0.0%)   0.0000 (  0.0%)   0.0000 (  0.0%)  Lazy Block Frequency Analysis
   0.0000 (  0.0%)   0.0000 (  0.0%)   0.0000 (  0.0%)   0.0000 (  0.0%)  Optimization Remark Emitter
   0.0000 (  0.0%)   0.0000 (  0.0%)   0.0000 (  0.0%)   0.0000 (  0.0%)  Memory Dependence Analysis
   0.0000 (  0.0%)   0.0000 (  0.0%)   0.0000 (  0.0%)   0.0000 (  0.0%)  Memory Dependence Analysis
   0.0000 (  0.0%)   0.0000 (  0.0%)   0.0000 (  0.0%)   0.0000 (  0.0%)  Optimization Remark Emitter
   0.0000 (  0.0%)   0.0000 (  0.0%)   0.0000 (  0.0%)   0.0000 (  0.0%)  Basic Alias Analysis (stateless AA impl)
   0.0000 (  0.0%)   0.0000 (  0.0%)   0.0000 (  0.0%)   0.0000 (  0.0%)  LCSSA Verifier
   0.0000 (  0.0%)   0.0000 (  0.0%)   0.0000 (  0.0%)   0.0000 (  0.0%)  Lazy Block Frequency Analysis
   0.0000 (  0.0%)   0.0000 (  0.0%)   0.0000 (  0.0%)   0.0000 (  0.0%)  Basic Alias Analysis (stateless AA impl)
   0.0000 (  0.0%)   0.0000 (  0.0%)   0.0000 (  0.0%)   0.0000 (  0.0%)  Scalar Evolution Canonicalization
   0.0000 (  0.0%)   0.0000 (  0.0%)   0.0000 (  0.0%)   0.0000 (  0.0%)  ScalarEvolution-based Alias Analysis
   0.0000 (  0.0%)   0.0000 (  0.0%)   0.0000 (  0.0%)   0.0000 (  0.0%)  Basic Alias Analysis (stateless AA impl)
   0.0000 (  0.0%)   0.0000 (  0.0%)   0.0000 (  0.0%)   0.0000 (  0.0%)  Lazy Block Frequency Analysis
   0.0000 (  0.0%)   0.0000 (  0.0%)   0.0000 (  0.0%)   0.0000 (  0.0%)  Optimization Remark Emitter
   0.0000 (  0.0%)   0.0000 (  0.0%)   0.0000 (  0.0%)   0.0000 (  0.0%)  Basic Alias Analysis (stateless AA impl)
   0.0000 (  0.0%)   0.0000 (  0.0%)   0.0000 (  0.0%)   0.0000 (  0.0%)  Lazy Block Frequency Analysis
   0.0000 (  0.0%)   0.0000 (  0.0%)   0.0000 (  0.0%)   0.0000 (  0.0%)  Lazy Block Frequency Analysis
   0.0000 (  0.0%)   0.0000 (  0.0%)   0.0000 (  0.0%)   0.0000 (  0.0%)  Optimization Remark Emitter
   0.0000 (  0.0%)   0.0000 (  0.0%)   0.0000 (  0.0%)   0.0000 (  0.0%)  ScalarEvolution-based Alias Analysis
   0.0000 (  0.0%)   0.0000 (  0.0%)   0.0000 (  0.0%)   0.0000 (  0.0%)  Optimization Remark Emitter
   0.0000 (  0.0%)   0.0000 (  0.0%)   0.0000 (  0.0%)   0.0000 (  0.0%)  Lazy Branch Probability Analysis
   0.0000 (  0.0%)   0.0000 (  0.0%)   0.0000 (  0.0%)   0.0000 (  0.0%)  Optimization Remark Emitter
   0.0000 (  0.0%)   0.0000 (  0.0%)   0.0000 (  0.0%)   0.0000 (  0.0%)  Lazy Branch Probability Analysis
   0.0000 (  0.0%)   0.0000 (  0.0%)   0.0000 (  0.0%)   0.0000 (  0.0%)  Basic Alias Analysis (stateless AA impl)
   0.0000 (  0.0%)   0.0000 (  0.0%)   0.0000 (  0.0%)   0.0000 (  0.0%)  Optimization Remark Emitter
   0.0000 (  0.0%)   0.0000 (  0.0%)   0.0000 (  0.0%)   0.0000 (  0.0%)  Optimization Remark Emitter
   0.0000 (  0.0%)   0.0000 (  0.0%)   0.0000 (  0.0%)   0.0000 (  0.0%)  Lazy Branch Probability Analysis
   0.0000 (  0.0%)   0.0000 (  0.0%)   0.0000 (  0.0%)   0.0000 (  0.0%)  Optimization Remark Emitter
   0.0000 (  0.0%)   0.0000 (  0.0%)   0.0000 (  0.0%)   0.0000 (  0.0%)  Optimization Remark Emitter
   0.0000 (  0.0%)   0.0000 (  0.0%)   0.0000 (  0.0%)   0.0000 (  0.0%)  Memory Dependence Analysis
   0.0000 (  0.0%)   0.0000 (  0.0%)   0.0000 (  0.0%)   0.0000 (  0.0%)  Basic Alias Analysis (stateless AA impl)
   0.0000 (  0.0%)   0.0000 (  0.0%)   0.0000 (  0.0%)   0.0000 (  0.0%)  Basic Alias Analysis (stateless AA impl)
   0.0000 (  0.0%)   0.0000 (  0.0%)   0.0000 (  0.0%)   0.0000 (  0.0%)  Lazy Block Frequency Analysis
   0.0000 (  0.0%)   0.0000 (  0.0%)   0.0000 (  0.0%)   0.0000 (  0.0%)  Optimization Remark Emitter
   0.0000 (  0.0%)   0.0000 (  0.0%)   0.0000 (  0.0%)   0.0000 (  0.0%)  Lazy Branch Probability Analysis
   0.0000 (  0.0%)   0.0000 (  0.0%)   0.0000 (  0.0%)   0.0000 (  0.0%)  Lazy Branch Probability Analysis
   0.0000 (  0.0%)   0.0000 (  0.0%)   0.0000 (  0.0%)   0.0000 (  0.0%)  Lazy Block Frequency Analysis
   0.0000 (  0.0%)   0.0000 (  0.0%)   0.0000 (  0.0%)   0.0000 (  0.0%)  Optimization Remark Emitter
   0.0000 (  0.0%)   0.0000 (  0.0%)   0.0000 (  0.0%)   0.0000 (  0.0%)  ScalarEvolution-based Alias Analysis
   0.0000 (  0.0%)   0.0000 (  0.0%)   0.0000 (  0.0%)   0.0000 (  0.0%)  Lazy Branch Probability Analysis
   0.0000 (  0.0%)   0.0000 (  0.0%)   0.0000 (  0.0%)   0.0000 (  0.0%)  ScalarEvolution-based Alias Analysis
   0.0000 (  0.0%)   0.0000 (  0.0%)   0.0000 (  0.0%)   0.0000 (  0.0%)  Optimization Remark Emitter
   0.0000 (  0.0%)   0.0000 (  0.0%)   0.0000 (  0.0%)   0.0000 (  0.0%)  Scalar Evolution Canonicalization
   0.0000 (  0.0%)   0.0000 (  0.0%)   0.0000 (  0.0%)   0.0000 (  0.0%)  SPIRUpdateIntrRange - Update SPIR Intrinsics Metadata
   0.0000 (  0.0%)   0.0000 (  0.0%)   0.0000 (  0.0%)   0.0000 (  0.0%)  Basic Alias Analysis (stateless AA impl)
   0.0000 (  0.0%)   0.0000 (  0.0%)   0.0000 (  0.0%)   0.0000 (  0.0%)  ScalarEvolution-based Alias Analysis
   0.0000 (  0.0%)   0.0000 (  0.0%)   0.0000 (  0.0%)   0.0000 (  0.0%)  Lazy Value Information Analysis
   0.0000 (  0.0%)   0.0000 (  0.0%)   0.0000 (  0.0%)   0.0000 (  0.0%)  Lazy Block Frequency Analysis
   0.0000 (  0.0%)   0.0000 (  0.0%)   0.0000 (  0.0%)   0.0000 (  0.0%)  Lazy Branch Probability Analysis
   0.0000 (  0.0%)   0.0000 (  0.0%)   0.0000 (  0.0%)   0.0000 (  0.0%)  Dominator Tree Construction
   0.0000 (  0.0%)   0.0000 (  0.0%)   0.0000 (  0.0%)   0.0000 (  0.0%)  Memory Dependence Analysis
   0.0000 (  0.0%)   0.0000 (  0.0%)   0.0000 (  0.0%)   0.0000 (  0.0%)  Optimization Remark Emitter
   0.0000 (  0.0%)   0.0000 (  0.0%)   0.0000 (  0.0%)   0.0000 (  0.0%)  Optimization Remark Emitter
   0.0000 (  0.0%)   0.0000 (  0.0%)   0.0000 (  0.0%)   0.0000 (  0.0%)  Lazy Block Frequency Analysis
   0.0000 (  0.0%)   0.0000 (  0.0%)   0.0000 (  0.0%)   0.0000 (  0.0%)  Lazy Branch Probability Analysis
   0.0000 (  0.0%)   0.0000 (  0.0%)   0.0000 (  0.0%)   0.0000 (  0.0%)  Lazy Block Frequency Analysis
   0.0000 (  0.0%)   0.0000 (  0.0%)   0.0000 (  0.0%)   0.0000 (  0.0%)  ScalarEvolution-based Alias Analysis
   0.0000 (  0.0%)   0.0000 (  0.0%)   0.0000 (  0.0%)   0.0000 (  0.0%)  Optimization Remark Emitter
   0.0000 (  0.0%)   0.0000 (  0.0%)   0.0000 (  0.0%)   0.0000 (  0.0%)  Lazy Block Frequency Analysis
   0.0000 (  0.0%)   0.0000 (  0.0%)   0.0000 (  0.0%)   0.0000 (  0.0%)  Lower intrinsics for FPGAs
   0.0000 (  0.0%)   0.0000 (  0.0%)   0.0000 (  0.0%)   0.0000 (  0.0%)  Optimization Remark Emitter
   0.0000 (  0.0%)   0.0000 (  0.0%)   0.0000 (  0.0%)   0.0000 (  0.0%)  Lazy Branch Probability Analysis
   0.0000 (  0.0%)   0.0000 (  0.0%)   0.0000 (  0.0%)   0.0000 (  0.0%)  Basic Alias Analysis (stateless AA impl)
   0.0000 (  0.0%)   0.0000 (  0.0%)   0.0000 (  0.0%)   0.0000 (  0.0%)  Lazy Block Frequency Analysis
   0.0000 (  0.0%)   0.0000 (  0.0%)   0.0000 (  0.0%)   0.0000 (  0.0%)  Scalar Evolution Analysis
   0.0000 (  0.0%)   0.0000 (  0.0%)   0.0000 (  0.0%)   0.0000 (  0.0%)  Optimization Remark Emitter
   0.0000 (  0.0%)   0.0000 (  0.0%)   0.0000 (  0.0%)   0.0000 (  0.0%)  Basic Alias Analysis (stateless AA impl)
   0.0000 (  0.0%)   0.0000 (  0.0%)   0.0000 (  0.0%)   0.0000 (  0.0%)  Lazy Block Frequency Analysis
   0.0000 (  0.0%)   0.0000 (  0.0%)   0.0000 (  0.0%)   0.0000 (  0.0%)  Optimization Remark Emitter
   0.0000 (  0.0%)   0.0000 (  0.0%)   0.0000 (  0.0%)   0.0000 (  0.0%)  Lazy Branch Probability Analysis
   0.0000 (  0.0%)   0.0000 (  0.0%)   0.0000 (  0.0%)   0.0000 (  0.0%)  Optimization Remark Emitter
   0.0000 (  0.0%)   0.0000 (  0.0%)   0.0000 (  0.0%)   0.0000 (  0.0%)  Basic Alias Analysis (stateless AA impl)
   0.0000 (  0.0%)   0.0000 (  0.0%)   0.0000 (  0.0%)   0.0000 (  0.0%)  LCSSA Verifier
   0.0000 (  0.0%)   0.0000 (  0.0%)   0.0000 (  0.0%)   0.0000 (  0.0%)  ScalarEvolution-based Alias Analysis
   0.0000 (  0.0%)   0.0000 (  0.0%)   0.0000 (  0.0%)   0.0000 (  0.0%)  Lazy Block Frequency Analysis
   0.0000 (  0.0%)   0.0000 (  0.0%)   0.0000 (  0.0%)   0.0000 (  0.0%)  Lazy Branch Probability Analysis
   0.0000 (  0.0%)   0.0000 (  0.0%)   0.0000 (  0.0%)   0.0000 (  0.0%)  Scalar Evolution Analysis
   0.0000 (  0.0%)   0.0000 (  0.0%)   0.0000 (  0.0%)   0.0000 (  0.0%)  Basic Alias Analysis (stateless AA impl)
   0.0000 (  0.0%)   0.0000 (  0.0%)   0.0000 (  0.0%)   0.0000 (  0.0%)  ScalarEvolution-based Alias Analysis
   0.0000 (  0.0%)   0.0000 (  0.0%)   0.0000 (  0.0%)   0.0000 (  0.0%)  ScalarEvolution-based Alias Analysis
   0.0000 (  0.0%)   0.0000 (  0.0%)   0.0000 (  0.0%)   0.0000 (  0.0%)  Basic Alias Analysis (stateless AA impl)
   0.0000 (  0.0%)   0.0000 (  0.0%)   0.0000 (  0.0%)   0.0000 (  0.0%)  ScalarEvolution-based Alias Analysis
   0.0000 (  0.0%)   0.0000 (  0.0%)   0.0000 (  0.0%)   0.0000 (  0.0%)  Basic Alias Analysis (stateless AA impl)
   0.0000 (  0.0%)   0.0000 (  0.0%)   0.0000 (  0.0%)   0.0000 (  0.0%)  Memory Dependence Analysis
   0.0000 (  0.0%)   0.0000 (  0.0%)   0.0000 (  0.0%)   0.0000 (  0.0%)  Lazy Branch Probability Analysis
   0.0000 (  0.0%)   0.0000 (  0.0%)   0.0000 (  0.0%)   0.0000 (  0.0%)  Scalar Evolution Analysis
   0.0000 (  0.0%)   0.0000 (  0.0%)   0.0000 (  0.0%)   0.0000 (  0.0%)  Scalar Evolution Analysis
   0.0000 (  0.0%)   0.0000 (  0.0%)   0.0000 (  0.0%)   0.0000 (  0.0%)  Optimization Remark Emitter
   0.0000 (  0.0%)   0.0000 (  0.0%)   0.0000 (  0.0%)   0.0000 (  0.0%)  Lazy Branch Probability Analysis
   0.0000 (  0.0%)   0.0000 (  0.0%)   0.0000 (  0.0%)   0.0000 (  0.0%)  Lazy Block Frequency Analysis
   0.0000 (  0.0%)   0.0000 (  0.0%)   0.0000 (  0.0%)   0.0000 (  0.0%)  Lazy Branch Probability Analysis
   0.0000 (  0.0%)   0.0000 (  0.0%)   0.0000 (  0.0%)   0.0000 (  0.0%)  ScalarEvolution-based Alias Analysis
   0.0000 (  0.0%)   0.0000 (  0.0%)   0.0000 (  0.0%)   0.0000 (  0.0%)  Basic Alias Analysis (stateless AA impl)
   0.0000 (  0.0%)   0.0000 (  0.0%)   0.0000 (  0.0%)   0.0000 (  0.0%)  Lazy Branch Probability Analysis
   0.0000 (  0.0%)   0.0000 (  0.0%)   0.0000 (  0.0%)   0.0000 (  0.0%)  Optimization Remark Emitter
   0.0000 (  0.0%)   0.0000 (  0.0%)   0.0000 (  0.0%)   0.0000 (  0.0%)  ScalarEvolution-based Alias Analysis
   0.0000 (  0.0%)   0.0000 (  0.0%)   0.0000 (  0.0%)   0.0000 (  0.0%)  Lazy Branch Probability Analysis
   0.0000 (  0.0%)   0.0000 (  0.0%)   0.0000 (  0.0%)   0.0000 (  0.0%)  Struct object aggregation
   0.0000 (  0.0%)   0.0000 (  0.0%)   0.0000 (  0.0%)   0.0000 (  0.0%)  Optimization Remark Emitter
   0.0000 (  0.0%)   0.0000 (  0.0%)   0.0000 (  0.0%)   0.0000 (  0.0%)  ScalarEvolution-based Alias Analysis
   0.0000 (  0.0%)   0.0000 (  0.0%)   0.0000 (  0.0%)   0.0000 (  0.0%)  Basic Alias Analysis (stateless AA impl)
   0.0000 (  0.0%)   0.0000 (  0.0%)   0.0000 (  0.0%)   0.0000 (  0.0%)  Lazy Branch Probability Analysis
   0.0000 (  0.0%)   0.0000 (  0.0%)   0.0000 (  0.0%)   0.0000 (  0.0%)  Optimization Remark Emitter
   0.0000 (  0.0%)   0.0000 (  0.0%)   0.0000 (  0.0%)   0.0000 (  0.0%)  Lazy Block Frequency Analysis
   0.0000 (  0.0%)   0.0000 (  0.0%)   0.0000 (  0.0%)   0.0000 (  0.0%)  Basic Alias Analysis (stateless AA impl)
   0.0000 (  0.0%)   0.0000 (  0.0%)   0.0000 (  0.0%)   0.0000 (  0.0%)  Optimization Remark Emitter
   0.0000 (  0.0%)   0.0000 (  0.0%)   0.0000 (  0.0%)   0.0000 (  0.0%)  Lazy Branch Probability Analysis
   0.0000 (  0.0%)   0.0000 (  0.0%)   0.0000 (  0.0%)   0.0000 (  0.0%)  Basic Alias Analysis (stateless AA impl)
   0.0000 (  0.0%)   0.0000 (  0.0%)   0.0000 (  0.0%)   0.0000 (  0.0%)  Lazy Branch Probability Analysis
   0.0000 (  0.0%)   0.0000 (  0.0%)   0.0000 (  0.0%)   0.0000 (  0.0%)  Basic Alias Analysis (stateless AA impl)
   0.0000 (  0.0%)   0.0000 (  0.0%)   0.0000 (  0.0%)   0.0000 (  0.0%)  Lazy Block Frequency Analysis
   0.0000 (  0.0%)   0.0000 (  0.0%)   0.0000 (  0.0%)   0.0000 (  0.0%)  ScalarEvolution-based Alias Analysis
   0.0000 (  0.0%)   0.0000 (  0.0%)   0.0000 (  0.0%)   0.0000 (  0.0%)  Lazy Block Frequency Analysis
   0.0000 (  0.0%)   0.0000 (  0.0%)   0.0000 (  0.0%)   0.0000 (  0.0%)  Basic Alias Analysis (stateless AA impl)
   0.0000 (  0.0%)   0.0000 (  0.0%)   0.0000 (  0.0%)   0.0000 (  0.0%)  Lazy Branch Probability Analysis
   0.0000 (  0.0%)   0.0000 (  0.0%)   0.0000 (  0.0%)   0.0000 (  0.0%)  Optimization Remark Emitter
   0.0000 (  0.0%)   0.0000 (  0.0%)   0.0000 (  0.0%)   0.0000 (  0.0%)  Function Alias Analysis Results
   0.0000 (  0.0%)   0.0000 (  0.0%)   0.0000 (  0.0%)   0.0000 (  0.0%)  Lazy Branch Probability Analysis
   0.0000 (  0.0%)   0.0000 (  0.0%)   0.0000 (  0.0%)   0.0000 (  0.0%)  Lazy Block Frequency Analysis
   0.0000 (  0.0%)   0.0000 (  0.0%)   0.0000 (  0.0%)   0.0000 (  0.0%)  Expand private memory for each workitem in SPMD program
   0.0000 (  0.0%)   0.0000 (  0.0%)   0.0000 (  0.0%)   0.0000 (  0.0%)  SPIRUpdateIntrRange - Update SPIR Intrinsics Metadata
   0.0000 (  0.0%)   0.0000 (  0.0%)   0.0000 (  0.0%)   0.0000 (  0.0%)  ScalarEvolution-based Alias Analysis
   0.0000 (  0.0%)   0.0000 (  0.0%)   0.0000 (  0.0%)   0.0000 (  0.0%)  Optimization Remark Emitter
   0.0000 (  0.0%)   0.0000 (  0.0%)   0.0000 (  0.0%)   0.0000 (  0.0%)  Optimization Remark Emitter
   0.0000 (  0.0%)   0.0000 (  0.0%)   0.0000 (  0.0%)   0.0000 (  0.0%)  Optimization Remark Emitter
   0.0000 (  0.0%)   0.0000 (  0.0%)   0.0000 (  0.0%)   0.0000 (  0.0%)  Basic Alias Analysis (stateless AA impl)
   0.0000 (  0.0%)   0.0000 (  0.0%)   0.0000 (  0.0%)   0.0000 (  0.0%)  Optimization Remark Emitter
   0.0000 (  0.0%)   0.0000 (  0.0%)   0.0000 (  0.0%)   0.0000 (  0.0%)  Memory Dependence Analysis
   0.0000 (  0.0%)   0.0000 (  0.0%)   0.0000 (  0.0%)   0.0000 (  0.0%)  Lower stream depth
   0.0000 (  0.0%)   0.0000 (  0.0%)   0.0000 (  0.0%)   0.0000 (  0.0%)  Lazy Branch Probability Analysis
   0.0000 (  0.0%)   0.0000 (  0.0%)   0.0000 (  0.0%)   0.0000 (  0.0%)  Lazy Branch Probability Analysis
   0.0000 (  0.0%)   0.0000 (  0.0%)   0.0000 (  0.0%)   0.0000 (  0.0%)  Lazy Branch Probability Analysis
   0.0000 (  0.0%)   0.0000 (  0.0%)   0.0000 (  0.0%)   0.0000 (  0.0%)  ScalarEvolution-based Alias Analysis
   0.0000 (  0.0%)   0.0000 (  0.0%)   0.0000 (  0.0%)   0.0000 (  0.0%)  Optimization Remark Emitter
   0.0000 (  0.0%)   0.0000 (  0.0%)   0.0000 (  0.0%)   0.0000 (  0.0%)  Lazy Block Frequency Analysis
   0.0000 (  0.0%)   0.0000 (  0.0%)   0.0000 (  0.0%)   0.0000 (  0.0%)  Lazy Branch Probability Analysis
   0.0000 (  0.0%)   0.0000 (  0.0%)   0.0000 (  0.0%)   0.0000 (  0.0%)  Lazy Branch Probability Analysis
   0.0000 (  0.0%)   0.0000 (  0.0%)   0.0000 (  0.0%)   0.0000 (  0.0%)  Basic Alias Analysis (stateless AA impl)
   0.0000 (  0.0%)   0.0000 (  0.0%)   0.0000 (  0.0%)   0.0000 (  0.0%)  ScalarEvolution-based Alias Analysis
   0.0000 (  0.0%)   0.0000 (  0.0%)   0.0000 (  0.0%)   0.0000 (  0.0%)  Optimization Remark Emitter
   0.0000 (  0.0%)   0.0000 (  0.0%)   0.0000 (  0.0%)   0.0000 (  0.0%)  Lazy Block Frequency Analysis
   0.0000 (  0.0%)   0.0000 (  0.0%)   0.0000 (  0.0%)   0.0000 (  0.0%)  Optimization Remark Emitter
   0.0000 (  0.0%)   0.0000 (  0.0%)   0.0000 (  0.0%)   0.0000 (  0.0%)  Lazy Block Frequency Analysis
   0.0000 (  0.0%)   0.0000 (  0.0%)   0.0000 (  0.0%)   0.0000 (  0.0%)  Optimization Remark Emitter
   0.0000 (  0.0%)   0.0000 (  0.0%)   0.0000 (  0.0%)   0.0000 (  0.0%)  Lazy Branch Probability Analysis
   0.0000 (  0.0%)   0.0000 (  0.0%)   0.0000 (  0.0%)   0.0000 (  0.0%)  Optimization Remark Emitter
   0.0000 (  0.0%)   0.0000 (  0.0%)   0.0000 (  0.0%)   0.0000 (  0.0%)  Basic Alias Analysis (stateless AA impl)
   0.0000 (  0.0%)   0.0000 (  0.0%)   0.0000 (  0.0%)   0.0000 (  0.0%)  Lazy Branch Probability Analysis
   0.0000 (  0.0%)   0.0000 (  0.0%)   0.0000 (  0.0%)   0.0000 (  0.0%)  LCSSA Verifier
   0.0000 (  0.0%)   0.0000 (  0.0%)   0.0000 (  0.0%)   0.0000 (  0.0%)  LCSSA Verifier
   0.0000 (  0.0%)   0.0000 (  0.0%)   0.0000 (  0.0%)   0.0000 (  0.0%)  Lazy Branch Probability Analysis
   0.0000 (  0.0%)   0.0000 (  0.0%)   0.0000 (  0.0%)   0.0000 (  0.0%)  Lazy Block Frequency Analysis
   0.0000 (  0.0%)   0.0000 (  0.0%)   0.0000 (  0.0%)   0.0000 (  0.0%)  Lazy Block Frequency Analysis
   0.0000 (  0.0%)   0.0000 (  0.0%)   0.0000 (  0.0%)   0.0000 (  0.0%)  Optimization Remark Emitter
   0.0000 (  0.0%)   0.0000 (  0.0%)   0.0000 (  0.0%)   0.0000 (  0.0%)  Lazy Branch Probability Analysis
   0.0000 (  0.0%)   0.0000 (  0.0%)   0.0000 (  0.0%)   0.0000 (  0.0%)  Optimization Remark Emitter
   0.0000 (  0.0%)   0.0000 (  0.0%)   0.0000 (  0.0%)   0.0000 (  0.0%)  Lazy Block Frequency Analysis
   0.0000 (  0.0%)   0.0000 (  0.0%)   0.0000 (  0.0%)   0.0000 (  0.0%)  Optimization Remark Emitter
   0.0000 (  0.0%)   0.0000 (  0.0%)   0.0000 (  0.0%)   0.0000 (  0.0%)  Lazy Block Frequency Analysis
   0.0000 (  0.0%)   0.0000 (  0.0%)   0.0000 (  0.0%)   0.0000 (  0.0%)  Optimization Remark Emitter
   0.0000 (  0.0%)   0.0000 (  0.0%)   0.0000 (  0.0%)   0.0000 (  0.0%)  Lazy Block Frequency Analysis
   0.0000 (  0.0%)   0.0000 (  0.0%)   0.0000 (  0.0%)   0.0000 (  0.0%)  Lazy Block Frequency Analysis
   0.0000 (  0.0%)   0.0000 (  0.0%)   0.0000 (  0.0%)   0.0000 (  0.0%)  ScalarEvolution-based Alias Analysis
   0.0000 (  0.0%)   0.0000 (  0.0%)   0.0000 (  0.0%)   0.0000 (  0.0%)  Lazy Branch Probability Analysis
   0.0000 (  0.0%)   0.0000 (  0.0%)   0.0000 (  0.0%)   0.0000 (  0.0%)  Memory Dependence Analysis
   0.0000 (  0.0%)   0.0000 (  0.0%)   0.0000 (  0.0%)   0.0000 (  0.0%)  Optimization Remark Emitter
   0.0000 (  0.0%)   0.0000 (  0.0%)   0.0000 (  0.0%)   0.0000 (  0.0%)  Lazy Branch Probability Analysis
   0.0000 (  0.0%)   0.0000 (  0.0%)   0.0000 (  0.0%)   0.0000 (  0.0%)  ScalarEvolution-based Alias Analysis
   0.0000 (  0.0%)   0.0000 (  0.0%)   0.0000 (  0.0%)   0.0000 (  0.0%)  Scalar Evolution Canonicalization
   0.0000 (  0.0%)   0.0000 (  0.0%)   0.0000 (  0.0%)   0.0000 (  0.0%)  Memory Dependence Analysis
   0.0000 (  0.0%)   0.0000 (  0.0%)   0.0000 (  0.0%)   0.0000 (  0.0%)  LCSSA Verifier
   0.0000 (  0.0%)   0.0000 (  0.0%)   0.0000 (  0.0%)   0.0000 (  0.0%)  Scalar Evolution Analysis
   0.0000 (  0.0%)   0.0000 (  0.0%)   0.0000 (  0.0%)   0.0000 (  0.0%)  ScalarEvolution-based Alias Analysis
   0.0000 (  0.0%)   0.0000 (  0.0%)   0.0000 (  0.0%)   0.0000 (  0.0%)  Optimization Remark Emitter
   0.0000 (  0.0%)   0.0000 (  0.0%)   0.0000 (  0.0%)   0.0000 (  0.0%)  Lazy Block Frequency Analysis
   0.0000 (  0.0%)   0.0000 (  0.0%)   0.0000 (  0.0%)   0.0000 (  0.0%)  Lazy Block Frequency Analysis
   0.0000 (  0.0%)   0.0000 (  0.0%)   0.0000 (  0.0%)   0.0000 (  0.0%)  Lazy Block Frequency Analysis
   0.0000 (  0.0%)   0.0000 (  0.0%)   0.0000 (  0.0%)   0.0000 (  0.0%)  LCSSA Verifier
   0.0000 (  0.0%)   0.0000 (  0.0%)   0.0000 (  0.0%)   0.0000 (  0.0%)  Lazy Block Frequency Analysis
   0.0000 (  0.0%)   0.0000 (  0.0%)   0.0000 (  0.0%)   0.0000 (  0.0%)  Scalar Evolution Analysis
   0.0000 (  0.0%)   0.0000 (  0.0%)   0.0000 (  0.0%)   0.0000 (  0.0%)  Scalar Evolution Analysis
   0.0000 (  0.0%)   0.0000 (  0.0%)   0.0000 (  0.0%)   0.0000 (  0.0%)  ScalarEvolution-based Alias Analysis
   0.0000 (  0.0%)   0.0000 (  0.0%)   0.0000 (  0.0%)   0.0000 (  0.0%)  Lazy Block Frequency Analysis
   0.0000 (  0.0%)   0.0000 (  0.0%)   0.0000 (  0.0%)   0.0000 (  0.0%)  Lazy Block Frequency Analysis
   0.0000 (  0.0%)   0.0000 (  0.0%)   0.0000 (  0.0%)   0.0000 (  0.0%)  Lazy Block Frequency Analysis
   0.0000 (  0.0%)   0.0000 (  0.0%)   0.0000 (  0.0%)   0.0000 (  0.0%)  ScalarEvolution-based Alias Analysis
   0.0000 (  0.0%)   0.0000 (  0.0%)   0.0000 (  0.0%)   0.0000 (  0.0%)  ScalarEvolution-based Alias Analysis
   0.0000 (  0.0%)   0.0000 (  0.0%)   0.0000 (  0.0%)   0.0000 (  0.0%)  Optimization Remark Emitter
   0.0000 (  0.0%)   0.0000 (  0.0%)   0.0000 (  0.0%)   0.0000 (  0.0%)  Lazy Branch Probability Analysis
   0.0000 (  0.0%)   0.0000 (  0.0%)   0.0000 (  0.0%)   0.0000 (  0.0%)  LCSSA Verifier
   0.0000 (  0.0%)   0.0000 (  0.0%)   0.0000 (  0.0%)   0.0000 (  0.0%)  Lazy Branch Probability Analysis
   0.0000 (  0.0%)   0.0000 (  0.0%)   0.0000 (  0.0%)   0.0000 (  0.0%)  LCSSA Verifier
   0.0000 (  0.0%)   0.0000 (  0.0%)   0.0000 (  0.0%)   0.0000 (  0.0%)  Lazy Block Frequency Analysis
   0.0000 (  0.0%)   0.0000 (  0.0%)   0.0000 (  0.0%)   0.0000 (  0.0%)  Optimization Remark Emitter
   0.0000 (  0.0%)   0.0000 (  0.0%)   0.0000 (  0.0%)   0.0000 (  0.0%)  Lazy Branch Probability Analysis
   0.0000 (  0.0%)   0.0000 (  0.0%)   0.0000 (  0.0%)   0.0000 (  0.0%)  Optimization Remark Emitter
   0.0000 (  0.0%)   0.0000 (  0.0%)   0.0000 (  0.0%)   0.0000 (  0.0%)  Memory Dependence Analysis
   0.0000 (  0.0%)   0.0000 (  0.0%)   0.0000 (  0.0%)   0.0000 (  0.0%)  Optimization Remark Emitter
   0.0000 (  0.0%)   0.0000 (  0.0%)   0.0000 (  0.0%)   0.0000 (  0.0%)  Lazy Block Frequency Analysis
   0.0000 (  0.0%)   0.0000 (  0.0%)   0.0000 (  0.0%)   0.0000 (  0.0%)  Lazy Branch Probability Analysis
   0.0000 (  0.0%)   0.0000 (  0.0%)   0.0000 (  0.0%)   0.0000 (  0.0%)  Lazy Block Frequency Analysis
   0.0000 (  0.0%)   0.0000 (  0.0%)   0.0000 (  0.0%)   0.0000 (  0.0%)  Lazy Branch Probability Analysis
   0.0000 (  0.0%)   0.0000 (  0.0%)   0.0000 (  0.0%)   0.0000 (  0.0%)  ScalarEvolution-based Alias Analysis
   0.0000 (  0.0%)   0.0000 (  0.0%)   0.0000 (  0.0%)   0.0000 (  0.0%)  Lazy Block Frequency Analysis
   0.0000 (  0.0%)   0.0000 (  0.0%)   0.0000 (  0.0%)   0.0000 (  0.0%)  Lazy Block Frequency Analysis
   0.0000 (  0.0%)   0.0000 (  0.0%)   0.0000 (  0.0%)   0.0000 (  0.0%)  Optimization Remark Emitter
   0.0000 (  0.0%)   0.0000 (  0.0%)   0.0000 (  0.0%)   0.0000 (  0.0%)  Basic Alias Analysis (stateless AA impl)
   0.0000 (  0.0%)   0.0000 (  0.0%)   0.0000 (  0.0%)   0.0000 (  0.0%)  Optimization Remark Emitter
   0.0000 (  0.0%)   0.0000 (  0.0%)   0.0000 (  0.0%)   0.0000 (  0.0%)  Optimization Remark Emitter
   0.0000 (  0.0%)   0.0000 (  0.0%)   0.0000 (  0.0%)   0.0000 (  0.0%)  Lazy Block Frequency Analysis
   0.0000 (  0.0%)   0.0000 (  0.0%)   0.0000 (  0.0%)   0.0000 (  0.0%)  Optimization Remark Emitter
   0.0000 (  0.0%)   0.0000 (  0.0%)   0.0000 (  0.0%)   0.0000 (  0.0%)  Optimization Remark Emitter
   0.0000 (  0.0%)   0.0000 (  0.0%)   0.0000 (  0.0%)   0.0000 (  0.0%)  Optimization Remark Emitter
   0.0000 (  0.0%)   0.0000 (  0.0%)   0.0000 (  0.0%)   0.0000 (  0.0%)  Scalar Evolution Analysis
   0.0000 (  0.0%)   0.0000 (  0.0%)   0.0000 (  0.0%)   0.0000 (  0.0%)  Optimization Remark Emitter
   0.0000 (  0.0%)   0.0000 (  0.0%)   0.0000 (  0.0%)   0.0000 (  0.0%)  ScalarEvolution-based Alias Analysis
   0.0000 (  0.0%)   0.0000 (  0.0%)   0.0000 (  0.0%)   0.0000 (  0.0%)  Optimization Remark Emitter
   0.0000 (  0.0%)   0.0000 (  0.0%)   0.0000 (  0.0%)   0.0000 (  0.0%)  Optimization Remark Emitter
   0.0000 (  0.0%)   0.0000 (  0.0%)   0.0000 (  0.0%)   0.0000 (  0.0%)  Eliminate guard varible
   0.0000 (  0.0%)   0.0000 (  0.0%)   0.0000 (  0.0%)   0.0000 (  0.0%)  Lazy Block Frequency Analysis
   0.0000 (  0.0%)   0.0000 (  0.0%)   0.0000 (  0.0%)   0.0000 (  0.0%)  ScalarEvolution-based Alias Analysis
   0.0000 (  0.0%)   0.0000 (  0.0%)   0.0000 (  0.0%)   0.0000 (  0.0%)  LCSSA Verifier
   0.0000 (  0.0%)   0.0000 (  0.0%)   0.0000 (  0.0%)   0.0000 (  0.0%)  ScalarEvolution-based Alias Analysis
   0.0000 (  0.0%)   0.0000 (  0.0%)   0.0000 (  0.0%)   0.0000 (  0.0%)  ScalarEvolution-based Alias Analysis
   0.0000 (  0.0%)   0.0000 (  0.0%)   0.0000 (  0.0%)   0.0000 (  0.0%)  Optimization Remark Emitter
   0.0000 (  0.0%)   0.0000 (  0.0%)   0.0000 (  0.0%)   0.0000 (  0.0%)  Optimization Remark Emitter
   0.0000 (  0.0%)   0.0000 (  0.0%)   0.0000 (  0.0%)   0.0000 (  0.0%)  Achieval II estimation - estimate acheival II lower bound according to constraint
   0.0000 (  0.0%)   0.0000 (  0.0%)   0.0000 (  0.0%)   0.0000 (  0.0%)  LCSSA Verifier
   0.0000 (  0.0%)   0.0000 (  0.0%)   0.0000 (  0.0%)   0.0000 (  0.0%)  Optimization Remark Emitter
   0.0000 (  0.0%)   0.0000 (  0.0%)   0.0000 (  0.0%)   0.0000 (  0.0%)  Lazy Block Frequency Analysis
   0.0000 (  0.0%)   0.0000 (  0.0%)   0.0000 (  0.0%)   0.0000 (  0.0%)  LCSSA Verifier
   0.0000 (  0.0%)   0.0000 (  0.0%)   0.0000 (  0.0%)   0.0000 (  0.0%)  Eliminate guard varible
   0.0000 (  0.0%)   0.0000 (  0.0%)   0.0000 (  0.0%)   0.0000 (  0.0%)  Lazy Block Frequency Analysis
   0.0000 (  0.0%)   0.0000 (  0.0%)   0.0000 (  0.0%)   0.0000 (  0.0%)  Optimization Remark Emitter
   0.0000 (  0.0%)   0.0000 (  0.0%)   0.0000 (  0.0%)   0.0000 (  0.0%)  Lazy Block Frequency Analysis
   0.0000 (  0.0%)   0.0000 (  0.0%)   0.0000 (  0.0%)   0.0000 (  0.0%)  LCSSA Verifier
   0.0000 (  0.0%)   0.0000 (  0.0%)   0.0000 (  0.0%)   0.0000 (  0.0%)  Delinearization
   0.0000 (  0.0%)   0.0000 (  0.0%)   0.0000 (  0.0%)   0.0000 (  0.0%)  Lazy Block Frequency Analysis
   0.0000 (  0.0%)   0.0000 (  0.0%)   0.0000 (  0.0%)   0.0000 (  0.0%)  Lazy Block Frequency Analysis
   0.0000 (  0.0%)   0.0000 (  0.0%)   0.0000 (  0.0%)   0.0000 (  0.0%)  Lazy Block Frequency Analysis
   0.0000 (  0.0%)   0.0000 (  0.0%)   0.0000 (  0.0%)   0.0000 (  0.0%)  Lazy Block Frequency Analysis
   0.0000 (  0.0%)   0.0000 (  0.0%)   0.0000 (  0.0%)   0.0000 (  0.0%)  Optimization Remark Emitter
   0.0000 (  0.0%)   0.0000 (  0.0%)   0.0000 (  0.0%)   0.0000 (  0.0%)  ScalarEvolution-based Alias Analysis
   0.0000 (  0.0%)   0.0000 (  0.0%)   0.0000 (  0.0%)   0.0000 (  0.0%)  LCSSA Verifier
   0.0000 (  0.0%)   0.0000 (  0.0%)   0.0000 (  0.0%)   0.0000 (  0.0%)  LCSSA Verifier
   0.0000 (  0.0%)   0.0000 (  0.0%)   0.0000 (  0.0%)   0.0000 (  0.0%)  Memory Dependence Analysis
   0.0000 (  0.0%)   0.0000 (  0.0%)   0.0000 (  0.0%)   0.0000 (  0.0%)  Optimization Remark Emitter
   0.0000 (  0.0%)   0.0000 (  0.0%)   0.0000 (  0.0%)   0.0000 (  0.0%)  ScalarEvolution-based Alias Analysis
   0.0000 (  0.0%)   0.0000 (  0.0%)   0.0000 (  0.0%)   0.0000 (  0.0%)  ScalarEvolution-based Alias Analysis
   0.0000 (  0.0%)   0.0000 (  0.0%)   0.0000 (  0.0%)   0.0000 (  0.0%)  Scalar Evolution Analysis
   0.0000 (  0.0%)   0.0000 (  0.0%)   0.0000 (  0.0%)   0.0000 (  0.0%)  Function Alias Analysis Results
   0.0000 (  0.0%)   0.0000 (  0.0%)   0.0000 (  0.0%)   0.0000 (  0.0%)  Optimization Remark Emitter
   0.0000 (  0.0%)   0.0000 (  0.0%)   0.0000 (  0.0%)   0.0000 (  0.0%)  Optimization Remark Emitter
   0.0000 (  0.0%)   0.0000 (  0.0%)   0.0000 (  0.0%)   0.0000 (  0.0%)  Optimization Remark Emitter
   0.0000 (  0.0%)   0.0000 (  0.0%)   0.0000 (  0.0%)   0.0000 (  0.0%)  Optimization Remark Emitter
   0.0000 (  0.0%)   0.0000 (  0.0%)   0.0000 (  0.0%)   0.0000 (  0.0%)  LCSSA Verifier
   0.0000 (  0.0%)   0.0000 (  0.0%)   0.0000 (  0.0%)   0.0000 (  0.0%)  Lazy Branch Probability Analysis
   0.0000 (  0.0%)   0.0000 (  0.0%)   0.0000 (  0.0%)   0.0000 (  0.0%)  Memory Dependence Analysis
   0.0000 (  0.0%)   0.0000 (  0.0%)   0.0000 (  0.0%)   0.0000 (  0.0%)  Scalar Evolution Analysis
   0.0000 (  0.0%)   0.0000 (  0.0%)   0.0000 (  0.0%)   0.0000 (  0.0%)  Dominator Tree Construction
   0.0000 (  0.0%)   0.0000 (  0.0%)   0.0000 (  0.0%)   0.0000 (  0.0%)  Optimization Remark Emitter
   0.0000 (  0.0%)   0.0000 (  0.0%)   0.0000 (  0.0%)   0.0000 (  0.0%)  Lazy Block Frequency Analysis
   0.0000 (  0.0%)   0.0000 (  0.0%)   0.0000 (  0.0%)   0.0000 (  0.0%)  Scalar Evolution Analysis
   0.0000 (  0.0%)   0.0000 (  0.0%)   0.0000 (  0.0%)   0.0000 (  0.0%)  Scalar Evolution Analysis
   0.0000 (  0.0%)   0.0000 (  0.0%)   0.0000 (  0.0%)   0.0000 (  0.0%)  Lazy Block Frequency Analysis
   0.0000 (  0.0%)   0.0000 (  0.0%)   0.0000 (  0.0%)   0.0000 (  0.0%)  Optimization Remark Emitter
   0.0000 (  0.0%)   0.0000 (  0.0%)   0.0000 (  0.0%)   0.0000 (  0.0%)  Lazy Block Frequency Analysis
   0.0000 (  0.0%)   0.0000 (  0.0%)   0.0000 (  0.0%)   0.0000 (  0.0%)  Promote Memory to Register
   0.0000 (  0.0%)   0.0000 (  0.0%)   0.0000 (  0.0%)   0.0000 (  0.0%)  Optimization Remark Emitter
   0.0000 (  0.0%)   0.0000 (  0.0%)   0.0000 (  0.0%)   0.0000 (  0.0%)  Scalar Evolution Analysis
   0.0000 (  0.0%)   0.0000 (  0.0%)   0.0000 (  0.0%)   0.0000 (  0.0%)  Scalar Evolution Analysis
   0.0000 (  0.0%)   0.0000 (  0.0%)   0.0000 (  0.0%)   0.0000 (  0.0%)  Scalar Evolution Analysis
   0.0000 (  0.0%)   0.0000 (  0.0%)   0.0000 (  0.0%)   0.0000 (  0.0%)  Performance Evaluation
   0.0000 (  0.0%)   0.0000 (  0.0%)   0.0000 (  0.0%)   0.0000 (  0.0%)  Scalar Evolution Analysis
   0.0000 (  0.0%)   0.0000 (  0.0%)   0.0000 (  0.0%)   0.0000 (  0.0%)  Lazy Branch Probability Analysis
   0.0000 (  0.0%)   0.0000 (  0.0%)   0.0000 (  0.0%)   0.0000 (  0.0%)  Basic Alias Analysis (stateless AA impl)
   0.0000 (  0.0%)   0.0000 (  0.0%)   0.0000 (  0.0%)   0.0000 (  0.0%)  Optimization Remark Emitter
   0.0000 (  0.0%)   0.0000 (  0.0%)   0.0000 (  0.0%)   0.0000 (  0.0%)  Interprocedural constant propagation
   0.0000 (  0.0%)   0.0000 (  0.0%)   0.0000 (  0.0%)   0.0000 (  0.0%)  Lazy Value Information Analysis
   0.0000 (  0.0%)   0.0000 (  0.0%)   0.0000 (  0.0%)   0.0000 (  0.0%)  Achieval II estimation - estimate acheival II lower bound according to constraint
   0.0000 (  0.0%)   0.0000 (  0.0%)   0.0000 (  0.0%)   0.0000 (  0.0%)  Optimization Remark Emitter
   0.0000 (  0.0%)   0.0000 (  0.0%)   0.0000 (  0.0%)   0.0000 (  0.0%)  Lazy Value Information Analysis
   0.0000 (  0.0%)   0.0000 (  0.0%)   0.0000 (  0.0%)   0.0000 (  0.0%)  Dominator Tree Construction
   0.0000 (  0.0%)   0.0000 (  0.0%)   0.0000 (  0.0%)   0.0000 (  0.0%)  Scalar Evolution Analysis
   0.0000 (  0.0%)   0.0000 (  0.0%)   0.0000 (  0.0%)   0.0000 (  0.0%)  Interprocedural constant propagation
   0.0000 (  0.0%)   0.0000 (  0.0%)   0.0000 (  0.0%)   0.0000 (  0.0%)  Lazy Branch Probability Analysis
   0.0000 (  0.0%)   0.0000 (  0.0%)   0.0000 (  0.0%)   0.0000 (  0.0%)  Basic Alias Analysis (stateless AA impl)
   0.0000 (  0.0%)   0.0000 (  0.0%)   0.0000 (  0.0%)   0.0000 (  0.0%)  Interprocedural constant propagation
   0.0000 (  0.0%)   0.0000 (  0.0%)   0.0000 (  0.0%)   0.0000 (  0.0%)  Basic Alias Analysis (stateless AA impl)
   0.0000 (  0.0%)   0.0000 (  0.0%)   0.0000 (  0.0%)   0.0000 (  0.0%)  Lazy Value Information Analysis
   0.0000 (  0.0%)   0.0000 (  0.0%)   0.0000 (  0.0%)   0.0000 (  0.0%)  Promote Memory to Register
   0.0000 (  0.0%)   0.0000 (  0.0%)   0.0000 (  0.0%)   0.0000 (  0.0%)  Lower intrinsics for FPGAs
   0.0000 (  0.0%)   0.0000 (  0.0%)   0.0000 (  0.0%)   0.0000 (  0.0%)  Basic Alias Analysis (stateless AA impl)
   0.0000 (  0.0%)   0.0000 (  0.0%)   0.0000 (  0.0%)   0.0000 (  0.0%)  Lower HLS related intrinsics
   0.0000 (  0.0%)   0.0000 (  0.0%)   0.0000 (  0.0%)   0.0000 (  0.0%)  Entirety access check on array-to-stream
   0.0000 (  0.0%)   0.0000 (  0.0%)   0.0000 (  0.0%)   0.0000 (  0.0%)  Function Alias Analysis Results
   0.0000 (  0.0%)   0.0000 (  0.0%)   0.0000 (  0.0%)   0.0000 (  0.0%)  Lower intrinsics for FPGAs
   0.0000 (  0.0%)   0.0000 (  0.0%)   0.0000 (  0.0%)   0.0000 (  0.0%)  Function Alias Analysis Results
   0.0000 (  0.0%)   0.0000 (  0.0%)   0.0000 (  0.0%)   0.0000 (  0.0%)  Basic Alias Analysis (stateless AA impl)
   0.0000 (  0.0%)   0.0000 (  0.0%)   0.0000 (  0.0%)   0.0000 (  0.0%)  Basic Alias Analysis (stateless AA impl)
   0.0000 (  0.0%)   0.0000 (  0.0%)   0.0000 (  0.0%)   0.0000 (  0.0%)  Function Alias Analysis Results
   0.0000 (  0.0%)   0.0000 (  0.0%)   0.0000 (  0.0%)   0.0000 (  0.0%)  Interprocedural constant propagation
   0.0000 (  0.0%)   0.0000 (  0.0%)   0.0000 (  0.0%)   0.0000 (  0.0%)  Basic Alias Analysis (stateless AA impl)
   0.0000 (  0.0%)   0.0000 (  0.0%)   0.0000 (  0.0%)   0.0000 (  0.0%)  LCSSA Verifier
   0.0000 (  0.0%)   0.0000 (  0.0%)   0.0000 (  0.0%)   0.0000 (  0.0%)  Interface Analysis
   0.0000 (  0.0%)   0.0000 (  0.0%)   0.0000 (  0.0%)   0.0000 (  0.0%)  Lazy Block Frequency Analysis
   0.0000 (  0.0%)   0.0000 (  0.0%)   0.0000 (  0.0%)   0.0000 (  0.0%)  Dominator Tree Construction
   0.0000 (  0.0%)   0.0000 (  0.0%)   0.0000 (  0.0%)   0.0000 (  0.0%)  Lower intrinsics for FPGAs
   0.0000 (  0.0%)   0.0000 (  0.0%)   0.0000 (  0.0%)   0.0000 (  0.0%)  Assumption Cache Tracker
   0.0000 (  0.0%)   0.0000 (  0.0%)   0.0000 (  0.0%)   0.0000 (  0.0%)  LCSSA Verifier
   0.0000 (  0.0%)   0.0000 (  0.0%)   0.0000 (  0.0%)   0.0000 (  0.0%)  Structure Decomposition
   0.0000 (  0.0%)   0.0000 (  0.0%)   0.0000 (  0.0%)   0.0000 (  0.0%)  Function Alias Analysis Results
   0.0000 (  0.0%)   0.0000 (  0.0%)   0.0000 (  0.0%)   0.0000 (  0.0%)  Scalar Evolution Analysis
   0.0000 (  0.0%)   0.0000 (  0.0%)   0.0000 (  0.0%)   0.0000 (  0.0%)  LCSSA Verifier
   0.0000 (  0.0%)   0.0000 (  0.0%)   0.0000 (  0.0%)   0.0000 (  0.0%)  Function Alias Analysis Results
   0.0000 (  0.0%)   0.0000 (  0.0%)   0.0000 (  0.0%)   0.0000 (  0.0%)  Basic Alias Analysis (stateless AA impl)
   0.0000 (  0.0%)   0.0000 (  0.0%)   0.0000 (  0.0%)   0.0000 (  0.0%)  Scalar Evolution Analysis
   0.0000 (  0.0%)   0.0000 (  0.0%)   0.0000 (  0.0%)   0.0000 (  0.0%)  Interface Analysis
   0.0000 (  0.0%)   0.0000 (  0.0%)   0.0000 (  0.0%)   0.0000 (  0.0%)  Interface Analysis
   0.0000 (  0.0%)   0.0000 (  0.0%)   0.0000 (  0.0%)   0.0000 (  0.0%)  Interface Analysis
   0.0000 (  0.0%)   0.0000 (  0.0%)   0.0000 (  0.0%)   0.0000 (  0.0%)  Scalar Evolution Canonicalization
   0.0000 (  0.0%)   0.0000 (  0.0%)   0.0000 (  0.0%)   0.0000 (  0.0%)  Interface Analysis
   0.0000 (  0.0%)   0.0000 (  0.0%)   0.0000 (  0.0%)   0.0000 (  0.0%)  LCSSA Verifier
   0.0000 (  0.0%)   0.0000 (  0.0%)   0.0000 (  0.0%)   0.0000 (  0.0%)  Interface Analysis
   0.0000 (  0.0%)   0.0000 (  0.0%)   0.0000 (  0.0%)   0.0000 (  0.0%)  Lazy Branch Probability Analysis
   0.0000 (  0.0%)   0.0000 (  0.0%)   0.0000 (  0.0%)   0.0000 (  0.0%)  A No-Op Barrier Pass
   0.0000 (  0.0%)   0.0000 (  0.0%)   0.0000 (  0.0%)   0.0000 (  0.0%)  Outline pipeline stages
   0.0000 (  0.0%)   0.0000 (  0.0%)   0.0000 (  0.0%)   0.0000 (  0.0%)  Lazy Block Frequency Analysis
   0.0000 (  0.0%)   0.0000 (  0.0%)   0.0000 (  0.0%)   0.0000 (  0.0%)  Memory Dependence Analysis
   0.0000 (  0.0%)   0.0000 (  0.0%)   0.0000 (  0.0%)   0.0000 (  0.0%)  Memory Dependence Analysis
   0.0000 (  0.0%)   0.0000 (  0.0%)   0.0000 (  0.0%)   0.0000 (  0.0%)  Memory Dependence Analysis
   0.0000 (  0.0%)   0.0000 (  0.0%)   0.0000 (  0.0%)   0.0000 (  0.0%)  Lower HLS related intrinsics
   0.0000 (  0.0%)   0.0000 (  0.0%)   0.0000 (  0.0%)   0.0000 (  0.0%)  Revert PPPO for array-to-stream
   0.0000 (  0.0%)   0.0000 (  0.0%)   0.0000 (  0.0%)   0.0000 (  0.0%)  Memory Dependence Analysis
   0.0000 (  0.0%)   0.0000 (  0.0%)   0.0000 (  0.0%)   0.0000 (  0.0%)  Lazy Branch Probability Analysis
   0.0000 (  0.0%)   0.0000 (  0.0%)   0.0000 (  0.0%)   0.0000 (  0.0%)  Basic Alias Analysis (stateless AA impl)
   0.0000 (  0.0%)   0.0000 (  0.0%)   0.0000 (  0.0%)   0.0000 (  0.0%)  Lazy Branch Probability Analysis
   0.0000 (  0.0%)   0.0000 (  0.0%)   0.0000 (  0.0%)   0.0000 (  0.0%)  LCSSA Verifier
   0.0000 (  0.0%)   0.0000 (  0.0%)   0.0000 (  0.0%)   0.0000 (  0.0%)  Basic Alias Analysis (stateless AA impl)
   0.0000 (  0.0%)   0.0000 (  0.0%)   0.0000 (  0.0%)   0.0000 (  0.0%)  Optimization Remark Emitter
   0.0000 (  0.0%)   0.0000 (  0.0%)   0.0000 (  0.0%)   0.0000 (  0.0%)  Interface Analysis
   0.0000 (  0.0%)   0.0000 (  0.0%)   0.0000 (  0.0%)   0.0000 (  0.0%)  Basic Alias Analysis (stateless AA impl)
   0.0000 (  0.0%)   0.0000 (  0.0%)   0.0000 (  0.0%)   0.0000 (  0.0%)  Dominator Tree Construction
   0.0000 (  0.0%)   0.0000 (  0.0%)   0.0000 (  0.0%)   0.0000 (  0.0%)  Collect basic metrics for FE reflow
   0.0000 (  0.0%)   0.0000 (  0.0%)   0.0000 (  0.0%)   0.0000 (  0.0%)  Revert PPPO for array-to-stream
   0.0000 (  0.0%)   0.0000 (  0.0%)   0.0000 (  0.0%)   0.0000 (  0.0%)  Interface Analysis
   0.0000 (  0.0%)   0.0000 (  0.0%)   0.0000 (  0.0%)   0.0000 (  0.0%)  Interface Analysis
   0.0000 (  0.0%)   0.0000 (  0.0%)   0.0000 (  0.0%)   0.0000 (  0.0%)  Memory Dependence Analysis
   0.0000 (  0.0%)   0.0000 (  0.0%)   0.0000 (  0.0%)   0.0000 (  0.0%)  Interface Analysis
   0.0000 (  0.0%)   0.0000 (  0.0%)   0.0000 (  0.0%)   0.0000 (  0.0%)  Basic Alias Analysis (stateless AA impl)
   0.0000 (  0.0%)   0.0000 (  0.0%)   0.0000 (  0.0%)   0.0000 (  0.0%)  Interface Analysis
   0.0000 (  0.0%)   0.0000 (  0.0%)   0.0000 (  0.0%)   0.0000 (  0.0%)  Interface Analysis
   0.0000 (  0.0%)   0.0000 (  0.0%)   0.0000 (  0.0%)   0.0000 (  0.0%)  Optimization Remark Emitter
   0.0000 (  0.0%)   0.0000 (  0.0%)   0.0000 (  0.0%)   0.0000 (  0.0%)  Basic Alias Analysis (stateless AA impl)
   0.0000 (  0.0%)   0.0000 (  0.0%)   0.0000 (  0.0%)   0.0000 (  0.0%)  Interface Analysis
   0.0000 (  0.0%)   0.0000 (  0.0%)   0.0000 (  0.0%)   0.0000 (  0.0%)  A No-Op Barrier Pass
   0.0000 (  0.0%)   0.0000 (  0.0%)   0.0000 (  0.0%)   0.0000 (  0.0%)  Optimization Remark Emitter
   0.0000 (  0.0%)   0.0000 (  0.0%)   0.0000 (  0.0%)   0.0000 (  0.0%)  Evaluate _ssdm_string2bits
   0.0000 (  0.0%)   0.0000 (  0.0%)   0.0000 (  0.0%)   0.0000 (  0.0%)  Interface Analysis
   0.0000 (  0.0%)   0.0000 (  0.0%)   0.0000 (  0.0%)   0.0000 (  0.0%)  Lazy Block Frequency Analysis
   0.0000 (  0.0%)   0.0000 (  0.0%)   0.0000 (  0.0%)   0.0000 (  0.0%)  Interface Analysis
   0.0000 (  0.0%)   0.0000 (  0.0%)   0.0000 (  0.0%)   0.0000 (  0.0%)  Interface Analysis
   0.0000 (  0.0%)   0.0000 (  0.0%)   0.0000 (  0.0%)   0.0000 (  0.0%)  A No-Op Barrier Pass
   0.0000 (  0.0%)   0.0000 (  0.0%)   0.0000 (  0.0%)   0.0000 (  0.0%)  Lazy Block Frequency Analysis
   0.0000 (  0.0%)   0.0000 (  0.0%)   0.0000 (  0.0%)   0.0000 (  0.0%)  Interface Analysis
   0.0000 (  0.0%)   0.0000 (  0.0%)   0.0000 (  0.0%)   0.0000 (  0.0%)  Basic Alias Analysis (stateless AA impl)
   0.0000 (  0.0%)   0.0000 (  0.0%)   0.0000 (  0.0%)   0.0000 (  0.0%)  Revert PPPO for array-to-stream
   0.0000 (  0.0%)   0.0000 (  0.0%)   0.0000 (  0.0%)   0.0000 (  0.0%)  Lazy Branch Probability Analysis
   0.0000 (  0.0%)   0.0000 (  0.0%)   0.0000 (  0.0%)   0.0000 (  0.0%)  LCSSA Verifier
   0.0000 (  0.0%)   0.0000 (  0.0%)   0.0000 (  0.0%)   0.0000 (  0.0%)  Lazy Branch Probability Analysis
   0.0000 (  0.0%)   0.0000 (  0.0%)   0.0000 (  0.0%)   0.0000 (  0.0%)  LCSSA Verifier
   0.0000 (  0.0%)   0.0000 (  0.0%)   0.0000 (  0.0%)   0.0000 (  0.0%)  Basic Alias Analysis (stateless AA impl)
   0.0000 (  0.0%)   0.0000 (  0.0%)   0.0000 (  0.0%)   0.0000 (  0.0%)  Interface Analysis
   0.0000 (  0.0%)   0.0000 (  0.0%)   0.0000 (  0.0%)   0.0000 (  0.0%)  LCSSA Verifier
   0.0000 (  0.0%)   0.0000 (  0.0%)   0.0000 (  0.0%)   0.0000 (  0.0%)  Interface Analysis
   0.0000 (  0.0%)   0.0000 (  0.0%)   0.0000 (  0.0%)   0.0000 (  0.0%)  Natural Loop Information
   0.0000 (  0.0%)   0.0000 (  0.0%)   0.0000 (  0.0%)   0.0000 (  0.0%)  Basic Alias Analysis (stateless AA impl)
   0.0000 (  0.0%)   0.0000 (  0.0%)   0.0000 (  0.0%)   0.0000 (  0.0%)  Interface Analysis
   0.0000 (  0.0%)   0.0000 (  0.0%)   0.0000 (  0.0%)   0.0000 (  0.0%)  Interface Analysis
   0.0000 (  0.0%)   0.0000 (  0.0%)   0.0000 (  0.0%)   0.0000 (  0.0%)  Interface Analysis
   0.0000 (  0.0%)   0.0000 (  0.0%)   0.0000 (  0.0%)   0.0000 (  0.0%)  Interface Analysis
   0.0000 (  0.0%)   0.0000 (  0.0%)   0.0000 (  0.0%)   0.0000 (  0.0%)  Optimization Remark Emitter
   0.0000 (  0.0%)   0.0000 (  0.0%)   0.0000 (  0.0%)   0.0000 (  0.0%)  Interface Analysis
   0.0000 (  0.0%)   0.0000 (  0.0%)   0.0000 (  0.0%)   0.0000 (  0.0%)  LCSSA Verifier
   0.0000 (  0.0%)   0.0000 (  0.0%)   0.0000 (  0.0%)   0.0000 (  0.0%)  Lazy Branch Probability Analysis
   0.0000 (  0.0%)   0.0000 (  0.0%)   0.0000 (  0.0%)   0.0000 (  0.0%)  Lazy Branch Probability Analysis
   0.0000 (  0.0%)   0.0000 (  0.0%)   0.0000 (  0.0%)   0.0000 (  0.0%)  Lazy Branch Probability Analysis
   0.0000 (  0.0%)   0.0000 (  0.0%)   0.0000 (  0.0%)   0.0000 (  0.0%)  Basic Alias Analysis (stateless AA impl)
   0.0000 (  0.0%)   0.0000 (  0.0%)   0.0000 (  0.0%)   0.0000 (  0.0%)  LCSSA Verifier
   0.0000 (  0.0%)   0.0000 (  0.0%)   0.0000 (  0.0%)   0.0000 (  0.0%)  Interface Analysis
   0.0000 (  0.0%)   0.0000 (  0.0%)   0.0000 (  0.0%)   0.0000 (  0.0%)  Lazy Block Frequency Analysis
   0.0000 (  0.0%)   0.0000 (  0.0%)   0.0000 (  0.0%)   0.0000 (  0.0%)  Interface Analysis
   0.0000 (  0.0%)   0.0000 (  0.0%)   0.0000 (  0.0%)   0.0000 (  0.0%)  Lazy Block Frequency Analysis
   0.0000 (  0.0%)   0.0000 (  0.0%)   0.0000 (  0.0%)   0.0000 (  0.0%)  Lazy Block Frequency Analysis
   0.0000 (  0.0%)   0.0000 (  0.0%)   0.0000 (  0.0%)   0.0000 (  0.0%)  ScalarEvolution-based Alias Analysis
   0.0000 (  0.0%)   0.0000 (  0.0%)   0.0000 (  0.0%)   0.0000 (  0.0%)  Interface Analysis
   0.0000 (  0.0%)   0.0000 (  0.0%)   0.0000 (  0.0%)   0.0000 (  0.0%)  ScalarEvolution-based Alias Analysis
   0.0000 (  0.0%)   0.0000 (  0.0%)   0.0000 (  0.0%)   0.0000 (  0.0%)  ScalarEvolution-based Alias Analysis
   0.0000 (  0.0%)   0.0000 (  0.0%)   0.0000 (  0.0%)   0.0000 (  0.0%)  Interface Analysis
   0.0000 (  0.0%)   0.0000 (  0.0%)   0.0000 (  0.0%)   0.0000 (  0.0%)  Optimization Remark Emitter
   0.0000 (  0.0%)   0.0000 (  0.0%)   0.0000 (  0.0%)   0.0000 (  0.0%)  Interface Analysis
   0.0000 (  0.0%)   0.0000 (  0.0%)   0.0000 (  0.0%)   0.0000 (  0.0%)  Interface Analysis
   0.0000 (  0.0%)   0.0000 (  0.0%)   0.0000 (  0.0%)   0.0000 (  0.0%)  Interface Analysis
   0.0000 (  0.0%)   0.0000 (  0.0%)   0.0000 (  0.0%)   0.0000 (  0.0%)  Interface Analysis
   0.0000 (  0.0%)   0.0000 (  0.0%)   0.0000 (  0.0%)   0.0000 (  0.0%)  Interface Analysis
   0.0000 (  0.0%)   0.0000 (  0.0%)   0.0000 (  0.0%)   0.0000 (  0.0%)  Interface Analysis
   0.0000 (  0.0%)   0.0000 (  0.0%)   0.0000 (  0.0%)   0.0000 (  0.0%)  LCSSA Verifier
   0.0000 (  0.0%)   0.0000 (  0.0%)   0.0000 (  0.0%)   0.0000 (  0.0%)  Optimization Remark Emitter
   0.0000 (  0.0%)   0.0000 (  0.0%)   0.0000 (  0.0%)   0.0000 (  0.0%)  A No-Op Barrier Pass
   0.0000 (  0.0%)   0.0000 (  0.0%)   0.0000 (  0.0%)   0.0000 (  0.0%)  Interface Analysis
   0.0000 (  0.0%)   0.0000 (  0.0%)   0.0000 (  0.0%)   0.0000 (  0.0%)  LCSSA Verifier
   0.0000 (  0.0%)   0.0000 (  0.0%)   0.0000 (  0.0%)   0.0000 (  0.0%)  Interface Analysis
   0.0000 (  0.0%)   0.0000 (  0.0%)   0.0000 (  0.0%)   0.0000 (  0.0%)  LCSSA Verifier
   0.0000 (  0.0%)   0.0000 (  0.0%)   0.0000 (  0.0%)   0.0000 (  0.0%)  LCSSA Verifier
   0.0000 (  0.0%)   0.0000 (  0.0%)   0.0000 (  0.0%)   0.0000 (  0.0%)  Optimization Remark Emitter
   0.0000 (  0.0%)   0.0000 (  0.0%)   0.0000 (  0.0%)   0.0000 (  0.0%)  Entirety access check on array-to-stream
   0.0000 (  0.0%)   0.0000 (  0.0%)   0.0000 (  0.0%)   0.0000 (  0.0%)  Interface Analysis
   0.0000 (  0.0%)   0.0000 (  0.0%)   0.0000 (  0.0%)   0.0000 (  0.0%)  Optimization Remark Emitter
   0.0000 (  0.0%)   0.0000 (  0.0%)   0.0000 (  0.0%)   0.0000 (  0.0%)  Optimization Remark Emitter
   0.0000 (  0.0%)   0.0000 (  0.0%)   0.0000 (  0.0%)   0.0000 (  0.0%)  Interface Analysis
   0.0000 (  0.0%)   0.0000 (  0.0%)   0.0000 (  0.0%)   0.0000 (  0.0%)  Lazy Branch Probability Analysis
   0.0000 (  0.0%)   0.0000 (  0.0%)   0.0000 (  0.0%)   0.0000 (  0.0%)  Lazy Block Frequency Analysis
   0.0000 (  0.0%)   0.0000 (  0.0%)   0.0000 (  0.0%)   0.0000 (  0.0%)  Lazy Block Frequency Analysis
   0.0000 (  0.0%)   0.0000 (  0.0%)   0.0000 (  0.0%)   0.0000 (  0.0%)  Basic Alias Analysis (stateless AA impl)
   0.0000 (  0.0%)   0.0000 (  0.0%)   0.0000 (  0.0%)   0.0000 (  0.0%)  LCSSA Verifier
   0.0000 (  0.0%)   0.0000 (  0.0%)   0.0000 (  0.0%)   0.0000 (  0.0%)  Lazy Branch Probability Analysis
   0.0000 (  0.0%)   0.0000 (  0.0%)   0.0000 (  0.0%)   0.0000 (  0.0%)  Lazy Branch Probability Analysis
   0.0000 (  0.0%)   0.0000 (  0.0%)   0.0000 (  0.0%)   0.0000 (  0.0%)  Lazy Block Frequency Analysis
   0.0000 (  0.0%)   0.0000 (  0.0%)   0.0000 (  0.0%)   0.0000 (  0.0%)  Optimization Remark Emitter
   0.0000 (  0.0%)   0.0000 (  0.0%)   0.0000 (  0.0%)   0.0000 (  0.0%)  Lazy Block Frequency Analysis
   0.0000 (  0.0%)   0.0000 (  0.0%)   0.0000 (  0.0%)   0.0000 (  0.0%)  Optimization Remark Emitter
   0.0000 (  0.0%)   0.0000 (  0.0%)   0.0000 (  0.0%)   0.0000 (  0.0%)  LCSSA Verifier
   0.0000 (  0.0%)   0.0000 (  0.0%)   0.0000 (  0.0%)   0.0000 (  0.0%)  Profile summary info
   0.0000 (  0.0%)   0.0000 (  0.0%)   0.0000 (  0.0%)   0.0000 (  0.0%)  Optimization Remark Emitter
   0.0000 (  0.0%)   0.0000 (  0.0%)   0.0000 (  0.0%)   0.0000 (  0.0%)  ScalarEvolution-based Alias Analysis
   0.0000 (  0.0%)   0.0000 (  0.0%)   0.0000 (  0.0%)   0.0000 (  0.0%)  Optimization Remark Emitter
   0.0000 (  0.0%)   0.0000 (  0.0%)   0.0000 (  0.0%)   0.0000 (  0.0%)  Lazy Block Frequency Analysis
   0.0000 (  0.0%)   0.0000 (  0.0%)   0.0000 (  0.0%)   0.0000 (  0.0%)  Optimization Remark Emitter
   0.0000 (  0.0%)   0.0000 (  0.0%)   0.0000 (  0.0%)   0.0000 (  0.0%)  Interface Analysis
   0.0000 (  0.0%)   0.0000 (  0.0%)   0.0000 (  0.0%)   0.0000 (  0.0%)  Optimization Remark Emitter
   0.0000 (  0.0%)   0.0000 (  0.0%)   0.0000 (  0.0%)   0.0000 (  0.0%)  Target Transform Information
   0.0000 (  0.0%)   0.0000 (  0.0%)   0.0000 (  0.0%)   0.0000 (  0.0%)  Target Library Information
   0.4716 (100.0%)   0.0426 (100.0%)   0.5142 (100.0%)   0.5695 (100.0%)  Total

===-------------------------------------------------------------------------===
                                LLVM IR Parsing
===-------------------------------------------------------------------------===
  Total Execution Time: 0.0081 seconds (0.0082 wall clock)

   ---User Time---   --System Time--   --User+System--   ---Wall Time---  --- Name ---
   0.0072 (100.0%)   0.0009 (100.0%)   0.0081 (100.0%)   0.0082 (100.0%)  Parse IR
   0.0072 (100.0%)   0.0009 (100.0%)   0.0081 (100.0%)   0.0082 (100.0%)  Total

===-------------------------------------------------------------------------===
                          Clang front-end time report
===-------------------------------------------------------------------------===
  Total Execution Time: 0.5645 seconds (0.6217 wall clock)

   ---User Time---   --System Time--   --User+System--   ---Wall Time---  --- Name ---
   0.5197 (100.0%)   0.0448 (100.0%)   0.5645 (100.0%)   0.6217 (100.0%)  Clang front-end timer
   0.5197 (100.0%)   0.0448 (100.0%)   0.5645 (100.0%)   0.6217 (100.0%)  Total

