INFO-FLOW: Workspace /home/aa13231/Downloads/code/flash_attention_proj/solution1 opened at Fri May 08 14:38:44 EDT 2026
Execute       send_msg_by_id INFO @200-1505@%s%s  vivado 
INFO: [HLS 200-1505] Using flow_target 'vivado'
Execute     set_part xc7z020clg400-1 
INFO: [HLS 200-1510] Running: set_part xc7z020clg400-1 
Execute       create_platform xc7z020clg400-1 -board  
DBG:HLSDevice: Trying to load device library: /eda/xilinx/Vitis_HLS/2023.2/lib/lnx64.o/libxv_hlsvwrap.so
DBG:HLSDevice: first parts/arch.xml in RDI_DATADIR: /eda/xilinx/Vivado/2023.2/data/parts/arch.xml
DBG:HLSDevice: init success
INFO: [HLS 200-1611] Setting target device to 'xc7z020-clg400-1'
Command       create_platform done; 1.05 sec.
Execute       source /eda/xilinx/Vitis_HLS/2023.2/common/technology/xilinx/common/xilinx.gen 
Execute         source /eda/xilinx/Vitis_HLS/2023.2/common/technology/xilinx/interface/plb46.gen 
Execute         source /eda/xilinx/Vitis_HLS/2023.2/common/technology/xilinx/interface/axi4.gen 
Execute         source /eda/xilinx/Vitis_HLS/2023.2/common/technology/xilinx/interface/nativeAXI4.gen 
Execute           source /eda/xilinx/Vitis_HLS/2023.2/common/technology/xilinx/interface/saxilite.gen 
Execute         source /eda/xilinx/Vitis_HLS/2023.2/common/technology/xilinx/scripts/xilinxcoregen.gen 
Execute         source /eda/xilinx/Vitis_HLS/2023.2/common/technology/xilinx/interface/XilEDKCoreGen.gen 
Execute         source /eda/xilinx/Vitis_HLS/2023.2/common/technology/xilinx/ip/dds_compiler.gen 
Execute         source /eda/xilinx/Vitis_HLS/2023.2/common/technology/xilinx/ip/util.gen 
Execute         source /eda/xilinx/Vitis_HLS/2023.2/common/technology/xilinx/ip/xfft.gen 
Execute         source /eda/xilinx/Vitis_HLS/2023.2/common/technology/xilinx/ip/xfir.gen 
Execute         source /eda/xilinx/Vitis_HLS/2023.2/common/technology/xilinx/DSP48/dsp48.gen 
Execute       ap_part_info -name xc7z020-clg400-1 -data info 
Execute       config_compile -quiet -complex-mul-dsp=0 
Command     set_part done; 1.17 sec.
Execute     create_clock -period 10 -name default 
INFO: [HLS 200-1510] Running: create_clock -period 10 -name default 
Execute       ap_set_clock -name default -period 10 -default=false 
INFO: [SYN 201-201] Setting up clock 'default' with a period of 10ns.
Execute     csim_design 
INFO: [HLS 200-1510] Running: csim_design 
INFO-FLOW: Running SLX 'csim' proc: ::SLX::run_csim
INFO: [SIM 211-2] *************** CSIM start ***************
INFO: [SIM 211-4] CSIM will launch GCC as the compiler.
Execute       send_msg_by_id INFO @200-2036@%s debug 
INFO: [HLS 200-2036] Building debug C Simulation binaries
Execute       ap_part_info -name xc7z020-clg400-1 -data info 
Execute       source run_sim.tcl 
Command       ap_source done; 0.43 sec.
INFO: [SIM 211-1] CSim done with 0 errors.
INFO: [SIM 211-3] *************** CSIM finish ***************
Command     csim_design done; 7 sec.
INFO: [HLS 200-111] Finished Command csim_design CPU user time: 5.61 seconds. CPU system time: 1.01 seconds. Elapsed time: 7 seconds; current allocated memory: 1.000 MB.
Execute     csynth_design 
INFO: [HLS 200-1510] Running: csynth_design 
INFO-FLOW: Running SLX 'csynth' proc: ::SLX::run_csynth
Execute       elaborate -effort=medium -skip_syncheck=0 -keep_printf=0 -skip_cdt=0 -skip_transform=0 -ng=0 -g=0 -opt_fp=0 -from_csynth_design=1 
INFO: [HLS 200-111] Finished File checks and directory preparation: CPU user time: 0.06 seconds. CPU system time: 0.01 seconds. Elapsed time: 0.09 seconds; current allocated memory: 275.941 MB.
Execute         set_directive_top flash_attention_hls -name=flash_attention_hls 
Execute         source /eda/xilinx/Vitis_HLS/2023.2/tps/tcl/tcllib1.11.1/yaml/huddle.tcl 
Execute         source /eda/xilinx/Vitis_HLS/2023.2/tps/tcl/tcllib1.11.1/yaml/json2huddle.tcl 
Execute           source /eda/xilinx/Vitis_HLS/2023.2/tps/tcl/tcllib1.11.1/try/try.tcl 
INFO: [HLS 200-10] Analyzing design file 'flash_attention.cpp' ... 
INFO-FLOW: Compiling one TU...
INFO-FLOW: Handling flash_attention.cpp as C++
Execute         ap_part_info -name xc7z020-clg400-1 -data info 
INFO-FLOW: Running: GCC PP 39
INFO-FLOW: Source preprocessing
INFO-FLOW: run_clang exec: /eda/xilinx/Vitis_HLS/2023.2/lnx64/tools/clang-3.9-csynth/bin/clang flash_attention.cpp -foptimization-record-file=/home/aa13231/Downloads/code/flash_attention_proj/solution1/.autopilot/db/flash_attention.cpp.clang.diag.yml -mllvm -pass-remarks-missed=reflow|pasta|unroll -mllvm -pass-remarks=reflow|pasta|unroll|inline -fno-limit-debug-info -gcc-toolchain /eda/xilinx/Vitis_HLS/2023.2/tps/lnx64/gcc-8.3.0 -fhls -fno-exceptions -insert-hls-directive=/home/aa13231/Downloads/code/flash_attention_proj/solution1/.autopilot/db/all.directive.json -E -fno-math-errno -c -emit-llvm -mllvm -disable-llvm-optzns -Werror=implicit-function-declaration -Werror=implicit-hls-streams -Werror=return-type -Wpragmas -Wunused-parameter -Wdump-hls-pragmas -Wno-error=dump-hls-pragmas -hls-clock-period=10 -fno-threadsafe-statics -fno-use-cxa-atexit -std=gnu++14 -target fpga64-xilinx-linux-gnu -fno-threadsafe-statics -fno-use-cxa-atexit -D__VITIS_HLS__ -DAESL_SYN -D__SYNTHESIS__ -D__HLS_SYN__ -I /eda/xilinx/Vitis_HLS/2023.2/common/technology/autopilot -I /eda/xilinx/Vitis_HLS/2023.2/common/technology/autopilot/ap_sysc -include etc/autopilot_ssdm_op.h -D__DSP48E1__ -I /usr/include/x86_64-linux-gnu -o /home/aa13231/Downloads/code/flash_attention_proj/solution1/.autopilot/db/flash_attention.pp.0.cpp -hls-platform-db-name=/eda/xilinx/Vitis_HLS/2023.2/common/technology/xilinx/common/platform.db -hls-platform-name=zynq_slow -device-resource-info=BRAM_280.000000_DSP_220.000000_FF_106400.000000_LUT_53200.000000_SLICE_13300.000000_URAM_0.000000 -device-name-info=xc7z020clg400-1 > /home/aa13231/Downloads/code/flash_attention_proj/solution1/.autopilot/db/flash_attention.cpp.clang.out.log 2> /home/aa13231/Downloads/code/flash_attention_proj/solution1/.autopilot/db/flash_attention.cpp.clang.err.log
INFO-FLOW: Done: GCC PP 39 time: 0.2 seconds per iteration
INFO-FLOW: Source syntax check for synthesis
INFO-FLOW: run_clang exec: /eda/xilinx/Vitis_HLS/2023.2/lnx64/tools/clang-3.9-csynth/bin/clang -foptimization-record-file=/home/aa13231/Downloads/code/flash_attention_proj/solution1/.autopilot/db/clang.diag.yml -mllvm -pass-remarks-missed=reflow|pasta|unroll -mllvm -pass-remarks=reflow|pasta|unroll|inline -fsyntax-only -fhls -target fpga64-xilinx-linux-gnu /home/aa13231/Downloads/code/flash_attention_proj/solution1/.autopilot/db/flash_attention.pp.0.cpp -hls-platform-db-name=/eda/xilinx/Vitis_HLS/2023.2/common/technology/xilinx/common/platform.db -hls-platform-name=zynq_slow -device-resource-info=BRAM_280.000000_DSP_220.000000_FF_106400.000000_LUT_53200.000000_SLICE_13300.000000_URAM_0.000000 -device-name-info=xc7z020clg400-1 > /home/aa13231/Downloads/code/flash_attention_proj/solution1/.autopilot/db/clang.out.log 2> /home/aa13231/Downloads/code/flash_attention_proj/solution1/.autopilot/db/clang.err.log
Execute         clang_tidy xilinx-systemc-detector -desc systemc-detector /home/aa13231/Downloads/code/flash_attention_proj/solution1/.autopilot/db/flash_attention.pp.0.cpp std=gnu++14 -target fpga  -directive=/home/aa13231/Downloads/code/flash_attention_proj/solution1/.autopilot/db/.systemc_flag 
INFO-FLOW: exec /eda/xilinx/Vitis_HLS/2023.2/lnx64/tools/clang-3.9-csynth/bin/clang-tidy -header-filter=.* --checks=-*,xilinx-systemc-detector -import-directive=/home/aa13231/Downloads/code/flash_attention_proj/solution1/.autopilot/db/.systemc_flag -fix-errors /home/aa13231/Downloads/code/flash_attention_proj/solution1/.autopilot/db/flash_attention.pp.0.cpp -- -std=gnu++14 -target fpga -fhls -ferror-limit=0
Command         clang_tidy done; 2.69 sec.
INFO-FLOW: Running: clang-tidy CDT preprocess 39
Execute         clang_tidy xilinx-directive2pragma -desc directive2pragma /home/aa13231/Downloads/code/flash_attention_proj/solution1/.autopilot/db/flash_attention.pp.0.cpp std=gnu++14 -target fpga  -directive=/home/aa13231/Downloads/code/flash_attention_proj/solution1/.autopilot/db/all.directive.json 
INFO-FLOW: exec /eda/xilinx/Vitis_HLS/2023.2/lnx64/tools/clang-3.9-csynth/bin/clang-tidy -header-filter=.* --checks=-*,xilinx-directive2pragma -import-directive=/home/aa13231/Downloads/code/flash_attention_proj/solution1/.autopilot/db/all.directive.json -fix-errors /home/aa13231/Downloads/code/flash_attention_proj/solution1/.autopilot/db/flash_attention.pp.0.cpp -- -std=gnu++14 -target fpga -fhls -ferror-limit=0
Command         clang_tidy done; 3.08 sec.
INFO-FLOW: Done: clang-tidy CDT preprocess 39 time: 3.1 seconds per iteration
INFO-FLOW: Calling xilinx-label-all-loops ... 
INFO-FLOW: Calling xilinx-aggregate-on-hls-vector ... 
Execute         clang_tidy -errorcheck -desc loop-label xilinx-label-all-loops,xilinx-aggregate-on-hls-vector,,xilinx-warn-mayneed-no-ctor-attribute /home/aa13231/Downloads/code/flash_attention_proj/solution1/.autopilot/db/flash_attention.pp.0.cpp std=gnu++14 -target fpga  
INFO-FLOW: run_clang exec: /eda/xilinx/Vitis_HLS/2023.2/lnx64/tools/clang-3.9-csynth/bin/clang-tidy -export-fixes=/home/aa13231/Downloads/code/flash_attention_proj/solution1/.autopilot/db/flash_attention.pp.0.cpp.clang-tidy.loop-label.diag.yml -header-filter=.* --checks=-*,xilinx-label-all-loops,xilinx-aggregate-on-hls-vector,,xilinx-warn-mayneed-no-ctor-attribute -fix-errors /home/aa13231/Downloads/code/flash_attention_proj/solution1/.autopilot/db/flash_attention.pp.0.cpp -- -std=gnu++14 -target fpga -fhls -ferror-limit=0 > /home/aa13231/Downloads/code/flash_attention_proj/solution1/.autopilot/db/flash_attention.pp.0.cpp.clang-tidy.loop-label.out.log 2> /home/aa13231/Downloads/code/flash_attention_proj/solution1/.autopilot/db/flash_attention.pp.0.cpp.clang-tidy.loop-label.err.log
Execute           source /eda/xilinx/Vitis_HLS/2023.2/tps/tcl/tcllib1.11.1/yaml/yaml.tcl 
Command         clang_tidy done; 5.83 sec.
INFO-FLOW: run_clang exec: /eda/xilinx/Vitis_HLS/2023.2/lnx64/tools/clang-3.9-csynth/bin/xilinx-dataflow-lawyer -export-fixes=/home/aa13231/Downloads/code/flash_attention_proj/solution1/.autopilot/db/flash_attention.pp.0.cpp.xilinx-dataflow-lawyer.diag.yml /home/aa13231/Downloads/code/flash_attention_proj/solution1/.autopilot/db/flash_attention.pp.0.cpp -- -std=gnu++14 -target fpga -fhls -ferror-limit=0 -fstrict-dataflow > /home/aa13231/Downloads/code/flash_attention_proj/solution1/.autopilot/db/flash_attention.pp.0.cpp.xilinx-dataflow-lawyer.out.log 2> /home/aa13231/Downloads/code/flash_attention_proj/solution1/.autopilot/db/flash_attention.pp.0.cpp.xilinx-dataflow-lawyer.err.log
Execute         ap_part_info -name xc7z020-clg400-1 -data info 
INFO-FLOW: compiling source code to llvm bc
INFO-FLOW: run_clang exec: /eda/xilinx/Vitis_HLS/2023.2/lnx64/tools/clang-3.9-csynth/bin/clang -foptimization-record-file=/home/aa13231/Downloads/code/flash_attention_proj/solution1/.autopilot/db/flash_attention.pp.0.cpp.clang.diag.yml -mllvm -pass-remarks-missed=reflow|pasta|unroll -mllvm -pass-remarks=reflow|pasta|unroll|inline -fno-limit-debug-info -fhls -flto -fno-exceptions -Wno-error=c++11-narrowing -hls-emit-hint-scope /home/aa13231/Downloads/code/flash_attention_proj/solution1/.autopilot/db/flash_attention.pp.0.cpp -fno-math-errno -c -emit-llvm -mllvm -disable-llvm-optzns -Werror=implicit-function-declaration -Werror=implicit-hls-streams -Werror=return-type -Wpragmas -Wunused-parameter -Wdump-hls-pragmas -Wno-error=dump-hls-pragmas -hls-clock-period=10 -fno-threadsafe-statics -fno-use-cxa-atexit -std=gnu++14 -target fpga64-xilinx-linux-gnu -D__VITIS_HLS__ -DAESL_SYN -D__SYNTHESIS__ -D__HLS_SYN__ -I /eda/xilinx/Vitis_HLS/2023.2/common/technology/autopilot -I /eda/xilinx/Vitis_HLS/2023.2/common/technology/autopilot/ap_sysc -include etc/autopilot_ssdm_op.h -D__DSP48E1__ -g -o /home/aa13231/Downloads/code/flash_attention_proj/solution1/.autopilot/db/flash_attention.bc -hls-platform-db-name=/eda/xilinx/Vitis_HLS/2023.2/common/technology/xilinx/common/platform.db -hls-platform-name=zynq_slow -device-resource-info=BRAM_280.000000_DSP_220.000000_FF_106400.000000_LUT_53200.000000_SLICE_13300.000000_URAM_0.000000 -device-name-info=xc7z020clg400-1 > /home/aa13231/Downloads/code/flash_attention_proj/solution1/.autopilot/db/flash_attention.pp.0.cpp.clang.out.log 2> /home/aa13231/Downloads/code/flash_attention_proj/solution1/.autopilot/db/flash_attention.pp.0.cpp.clang.err.log
INFO: [HLS 200-111] Finished Source Code Analysis and Preprocessing: CPU user time: 17.87 seconds. CPU system time: 1.77 seconds. Elapsed time: 19.88 seconds; current allocated memory: 282.730 MB.
INFO-FLOW: Linking Debug ...
INFO-FLOW: Linking dut bc code.
Execute         run_link_or_opt -out /home/aa13231/Downloads/code/flash_attention_proj/solution1/.autopilot/db/a.g.ld.0.bc -args  "/home/aa13231/Downloads/code/flash_attention_proj/solution1/.autopilot/db/flash_attention.g.bc"  
INFO-FLOW: run_clang exec: /eda/xilinx/Vitis_HLS/2023.2/lnx64/tools/clang-3.9-csynth/bin/llvm-link /home/aa13231/Downloads/code/flash_attention_proj/solution1/.autopilot/db/flash_attention.g.bc -o /home/aa13231/Downloads/code/flash_attention_proj/solution1/.autopilot/db/a.g.ld.0.bc > /home/aa13231/Downloads/code/flash_attention_proj/solution1/.autopilot/db/a.g.ld.0.bc.llvm-link.out.log 2> /home/aa13231/Downloads/code/flash_attention_proj/solution1/.autopilot/db/a.g.ld.0.bc.llvm-link.err.log
INFO-FLOW: 
Execute         run_link_or_opt -opt -out /home/aa13231/Downloads/code/flash_attention_proj/solution1/.autopilot/db/a.g.ld.1.lower.bc -args /home/aa13231/Downloads/code/flash_attention_proj/solution1/.autopilot/db/a.g.ld.0.bc -reflow-lower-math-intrinsics 
INFO-FLOW: run_clang exec: /eda/xilinx/Vitis_HLS/2023.2/lnx64/tools/clang-3.9-csynth/bin/opt -pass-remarks-missed=reflow|pasta|unroll -pass-remarks=reflow|pasta|unroll|inline -pass-remarks-output=/home/aa13231/Downloads/code/flash_attention_proj/solution1/.autopilot/db/a.g.ld.1.lower.bc.opt.diag.yml /home/aa13231/Downloads/code/flash_attention_proj/solution1/.autopilot/db/a.g.ld.0.bc -reflow-lower-math-intrinsics -o /home/aa13231/Downloads/code/flash_attention_proj/solution1/.autopilot/db/a.g.ld.1.lower.bc > /home/aa13231/Downloads/code/flash_attention_proj/solution1/.autopilot/db/a.g.ld.1.lower.bc.opt.out.log 2> /home/aa13231/Downloads/code/flash_attention_proj/solution1/.autopilot/db/a.g.ld.1.lower.bc.opt.err.log
INFO-FLOW: 
INFO-FLOW: Running: gen_design_size_report post-opt
INFO-FLOW: Done: gen_design_size_report post-opt time: 0 seconds per iteration
INFO-FLOW: Linking math bc lib
Execute         run_link_or_opt -out /home/aa13231/Downloads/code/flash_attention_proj/solution1/.autopilot/db/a.g.ld.2.m1.bc -args /home/aa13231/Downloads/code/flash_attention_proj/solution1/.autopilot/db/a.g.ld.1.lower.bc -only-needed /eda/xilinx/Vitis_HLS/2023.2/lnx64/lib/libhlsm_39.bc /eda/xilinx/Vitis_HLS/2023.2/lnx64/lib/libhlsmc++_39.bc 
INFO-FLOW: run_clang exec: /eda/xilinx/Vitis_HLS/2023.2/lnx64/tools/clang-3.9-csynth/bin/llvm-link /home/aa13231/Downloads/code/flash_attention_proj/solution1/.autopilot/db/a.g.ld.1.lower.bc -only-needed /eda/xilinx/Vitis_HLS/2023.2/lnx64/lib/libhlsm_39.bc /eda/xilinx/Vitis_HLS/2023.2/lnx64/lib/libhlsmc++_39.bc -o /home/aa13231/Downloads/code/flash_attention_proj/solution1/.autopilot/db/a.g.ld.2.m1.bc > /home/aa13231/Downloads/code/flash_attention_proj/solution1/.autopilot/db/a.g.ld.2.m1.bc.llvm-link.out.log 2> /home/aa13231/Downloads/code/flash_attention_proj/solution1/.autopilot/db/a.g.ld.2.m1.bc.llvm-link.err.log
INFO-FLOW: 
Command         run_link_or_opt done; 1.36 sec.
Execute         run_link_or_opt -opt -out /home/aa13231/Downloads/code/flash_attention_proj/solution1/.autopilot/db/a.g.ld.3.fpc.bc -args /home/aa13231/Downloads/code/flash_attention_proj/solution1/.autopilot/db/a.g.ld.2.m1.bc -reflow-globaldce -hls-top-function-name=flash_attention_hls -reflow-float-conversion 
INFO-FLOW: run_clang exec: /eda/xilinx/Vitis_HLS/2023.2/lnx64/tools/clang-3.9-csynth/bin/opt -pass-remarks-missed=reflow|pasta|unroll -pass-remarks=reflow|pasta|unroll|inline -pass-remarks-output=/home/aa13231/Downloads/code/flash_attention_proj/solution1/.autopilot/db/a.g.ld.3.fpc.bc.opt.diag.yml /home/aa13231/Downloads/code/flash_attention_proj/solution1/.autopilot/db/a.g.ld.2.m1.bc -reflow-globaldce -hls-top-function-name=flash_attention_hls -reflow-float-conversion -o /home/aa13231/Downloads/code/flash_attention_proj/solution1/.autopilot/db/a.g.ld.3.fpc.bc > /home/aa13231/Downloads/code/flash_attention_proj/solution1/.autopilot/db/a.g.ld.3.fpc.bc.opt.out.log 2> /home/aa13231/Downloads/code/flash_attention_proj/solution1/.autopilot/db/a.g.ld.3.fpc.bc.opt.err.log
INFO-FLOW: 
INFO-FLOW: Running: gen_design_size_report post-opt
INFO-FLOW: Done: gen_design_size_report post-opt time: 0 seconds per iteration
Command         run_link_or_opt done; 0.59 sec.
Execute         run_link_or_opt -out /home/aa13231/Downloads/code/flash_attention_proj/solution1/.autopilot/db/a.g.ld.4.m2.bc -args /home/aa13231/Downloads/code/flash_attention_proj/solution1/.autopilot/db/a.g.ld.3.fpc.bc -only-needed /eda/xilinx/Vitis_HLS/2023.2/lnx64/lib/libfloatconversion_39.bc 
INFO-FLOW: run_clang exec: /eda/xilinx/Vitis_HLS/2023.2/lnx64/tools/clang-3.9-csynth/bin/llvm-link /home/aa13231/Downloads/code/flash_attention_proj/solution1/.autopilot/db/a.g.ld.3.fpc.bc -only-needed /eda/xilinx/Vitis_HLS/2023.2/lnx64/lib/libfloatconversion_39.bc -o /home/aa13231/Downloads/code/flash_attention_proj/solution1/.autopilot/db/a.g.ld.4.m2.bc > /home/aa13231/Downloads/code/flash_attention_proj/solution1/.autopilot/db/a.g.ld.4.m2.bc.llvm-link.out.log 2> /home/aa13231/Downloads/code/flash_attention_proj/solution1/.autopilot/db/a.g.ld.4.m2.bc.llvm-link.err.log
INFO-FLOW: 
Execute         run_link_or_opt -opt -out /home/aa13231/Downloads/code/flash_attention_proj/solution1/.autopilot/db/a.g.ld.5.gdce.bc -args /home/aa13231/Downloads/code/flash_attention_proj/solution1/.autopilot/db/a.g.ld.4.m2.bc -reflow-globaldce -hls-top-function-name=flash_attention_hls 
INFO-FLOW: run_clang exec: /eda/xilinx/Vitis_HLS/2023.2/lnx64/tools/clang-3.9-csynth/bin/opt -pass-remarks-missed=reflow|pasta|unroll -pass-remarks=reflow|pasta|unroll|inline -pass-remarks-output=/home/aa13231/Downloads/code/flash_attention_proj/solution1/.autopilot/db/a.g.ld.5.gdce.bc.opt.diag.yml /home/aa13231/Downloads/code/flash_attention_proj/solution1/.autopilot/db/a.g.ld.4.m2.bc -reflow-globaldce -hls-top-function-name=flash_attention_hls -o /home/aa13231/Downloads/code/flash_attention_proj/solution1/.autopilot/db/a.g.ld.5.gdce.bc > /home/aa13231/Downloads/code/flash_attention_proj/solution1/.autopilot/db/a.g.ld.5.gdce.bc.opt.out.log 2> /home/aa13231/Downloads/code/flash_attention_proj/solution1/.autopilot/db/a.g.ld.5.gdce.bc.opt.err.log
INFO-FLOW: 
INFO-FLOW: Running: gen_design_size_report post-opt
INFO-FLOW: Done: gen_design_size_report post-opt time: 0 seconds per iteration
Execute         send_msg_by_id INFO @200-777@%s Vivado 
INFO: [HLS 200-777] Using interface defaults for 'Vivado' flow target.
Execute         is_m_axi_addr64 
INFO-FLOW: Doing LTO.
INFO-FLOW: run_clang (background poll_ms 5000) exec: /eda/xilinx/Vitis_HLS/2023.2/lnx64/tools/clang-3.9-csynth/bin/clang -foptimization-record-file=/home/aa13231/Downloads/code/flash_attention_proj/solution1/.autopilot/db/a.g.ld.0.bc.clang.reflow.diag.yml -mllvm -pass-remarks-missed=reflow|pasta|unroll -mllvm -pass-remarks=reflow|pasta|unroll|inline -fhls -mllvm -hls-top-function-name=flash_attention_hls -mllvm -hls-db-dir -mllvm /home/aa13231/Downloads/code/flash_attention_proj/solution1/.autopilot/db -emit-llvm -c -target fpga64-xilinx-none -mllvm -xcl-xmlinfo=/home/aa13231/Downloads/code/flash_attention_proj/solution1/.autopilot/db/kernel.internal.xml -mllvm -top-io-mapping-info=/home/aa13231/Downloads/code/flash_attention_proj/solution1/.autopilot/db/top-io-fe.xml -mllvm -hls-bitcode-version=3.1 -mllvm -reflow-enable-slave-interface-default-setting=true -mllvm -gen-kernel-xml=false -mllvm -default-maxi-offset=slave -mllvm -maxi-latency=0 -mllvm -hls-maxi-data-size-in-bits=8 -mllvm -hls-maxi-max-data-size-in-bits=1024 -mllvm -hls-max-widen-size-in-bits=0 -mllvm -xcl-kernel-max-mem-ports=0 -mllvm -maxi-read-trans=16 -mllvm -maxi-write-trans=16 -mllvm -maxi-read-burst-len=16 -mllvm -maxi-write-burst-len=16 -mllvm -reflow-enable-saxi-64bits=0 -mllvm -reflow-basic-block-instr-threshold=200000 -mllvm -reflow-auto-pipeline-threshold=64 -mllvm -reflow-enable-maxi-auto-id-channel=0 -mllvm -enable-fp-thr=0 -mllvm -reflow-bdd-simplify-threshold=1048576 -mllvm -reflow-fanout-threshold=16 -mllvm -assume-maxi-align=1 -mllvm -reflow-pipeline-style-llvm-setting=2 -mllvm -reflow-enable-dataflow-strict-mode-checking=1 -ftime-report -mllvm -time-passes -mllvm -reflow-auto-array-partition-mode=default -mllvm -reflow-enable-auto-array-partition=true -mllvm -reflow-enable-auto-parallel-performance-driven=true -mllvm -reflow-enable-partition-for-automation=true -mllvm -reflow-aggregate-bitwidth-threshold=4096 -mllvm -reflow-reserved-saxilite-registers=0 -mllvm -enable-reflow-auto-loop-pipeline -mllvm -reflow-max-unroll-threshold=409600 -mllvm -reflow-assume-no-address-wrap=true -mllvm -reflow-enable-occurrence-inference=true -mllvm -reflow-emit-hint-scope=true -mllvm -hls -mllvm -disable-inlined-alloca-merging=true -mllvm -default-clock-period=10 -x ir /home/aa13231/Downloads/code/flash_attention_proj/solution1/.autopilot/db/a.g.ld.5.gdce.bc -o /home/aa13231/Downloads/code/flash_attention_proj/solution1/.autopilot/db/a.g.lto.bc -hls-platform-db-name=/eda/xilinx/Vitis_HLS/2023.2/common/technology/xilinx/common/platform.db -hls-platform-name=zynq_slow -device-resource-info=BRAM_280.000000_DSP_220.000000_FF_106400.000000_LUT_53200.000000_SLICE_13300.000000_URAM_0.000000 -device-name-info=xc7z020clg400-1 2> /home/aa13231/Downloads/code/flash_attention_proj/solution1/.autopilot/db/a.g.ld.0.bc.clang.reflow.err.log bg_poll_cmd: ::AP::poll_clang_39_closed_source
Execute         send_msg_by_id INFO @200-1995@%s%s%s 433 Compile/Link /home/aa13231/Downloads/code/flash_attention_proj/solution1/syn/report/csynth_design_size.rpt 
INFO: [HLS 200-1995] There were 433 instructions in the design after the 'Compile/Link' phase of compilation. See the Design Size Report for more details: /home/aa13231/Downloads/code/flash_attention_proj/solution1/syn/report/csynth_design_size.rpt
Execute         send_msg_by_id INFO @200-1995@%s%s%s 841 Unroll/Inline (step 1) /home/aa13231/Downloads/code/flash_attention_proj/solution1/syn/report/csynth_design_size.rpt 
INFO: [HLS 200-1995] There were 841 instructions in the design after the 'Unroll/Inline (step 1)' phase of compilation. See the Design Size Report for more details: /home/aa13231/Downloads/code/flash_attention_proj/solution1/syn/report/csynth_design_size.rpt
Execute         send_msg_by_id INFO @200-1995@%s%s%s 703 Unroll/Inline (step 2) /home/aa13231/Downloads/code/flash_attention_proj/solution1/syn/report/csynth_design_size.rpt 
INFO: [HLS 200-1995] There were 703 instructions in the design after the 'Unroll/Inline (step 2)' phase of compilation. See the Design Size Report for more details: /home/aa13231/Downloads/code/flash_attention_proj/solution1/syn/report/csynth_design_size.rpt
Execute         send_msg_by_id INFO @200-1995@%s%s%s 705 Unroll/Inline (step 3) /home/aa13231/Downloads/code/flash_attention_proj/solution1/syn/report/csynth_design_size.rpt 
INFO: [HLS 200-1995] There were 705 instructions in the design after the 'Unroll/Inline (step 3)' phase of compilation. See the Design Size Report for more details: /home/aa13231/Downloads/code/flash_attention_proj/solution1/syn/report/csynth_design_size.rpt
Execute         send_msg_by_id INFO @200-1995@%s%s%s 701 Unroll/Inline (step 4) /home/aa13231/Downloads/code/flash_attention_proj/solution1/syn/report/csynth_design_size.rpt 
INFO: [HLS 200-1995] There were 701 instructions in the design after the 'Unroll/Inline (step 4)' phase of compilation. See the Design Size Report for more details: /home/aa13231/Downloads/code/flash_attention_proj/solution1/syn/report/csynth_design_size.rpt
Execute         send_msg_by_id INFO @200-1995@%s%s%s 1,376 Array/Struct (step 1) /home/aa13231/Downloads/code/flash_attention_proj/solution1/syn/report/csynth_design_size.rpt 
INFO: [HLS 200-1995] There were 1,376 instructions in the design after the 'Array/Struct (step 1)' phase of compilation. See the Design Size Report for more details: /home/aa13231/Downloads/code/flash_attention_proj/solution1/syn/report/csynth_design_size.rpt
Execute         send_msg_by_id INFO @200-1995@%s%s%s 876 Array/Struct (step 2) /home/aa13231/Downloads/code/flash_attention_proj/solution1/syn/report/csynth_design_size.rpt 
INFO: [HLS 200-1995] There were 876 instructions in the design after the 'Array/Struct (step 2)' phase of compilation. See the Design Size Report for more details: /home/aa13231/Downloads/code/flash_attention_proj/solution1/syn/report/csynth_design_size.rpt
Execute         send_msg_by_id INFO @200-1995@%s%s%s 876 Array/Struct (step 3) /home/aa13231/Downloads/code/flash_attention_proj/solution1/syn/report/csynth_design_size.rpt 
INFO: [HLS 200-1995] There were 876 instructions in the design after the 'Array/Struct (step 3)' phase of compilation. See the Design Size Report for more details: /home/aa13231/Downloads/code/flash_attention_proj/solution1/syn/report/csynth_design_size.rpt
Execute         send_msg_by_id INFO @200-1995@%s%s%s 876 Array/Struct (step 4) /home/aa13231/Downloads/code/flash_attention_proj/solution1/syn/report/csynth_design_size.rpt 
INFO: [HLS 200-1995] There were 876 instructions in the design after the 'Array/Struct (step 4)' phase of compilation. See the Design Size Report for more details: /home/aa13231/Downloads/code/flash_attention_proj/solution1/syn/report/csynth_design_size.rpt
Execute         send_msg_by_id INFO @200-1995@%s%s%s 895 Array/Struct (step 5) /home/aa13231/Downloads/code/flash_attention_proj/solution1/syn/report/csynth_design_size.rpt 
INFO: [HLS 200-1995] There were 895 instructions in the design after the 'Array/Struct (step 5)' phase of compilation. See the Design Size Report for more details: /home/aa13231/Downloads/code/flash_attention_proj/solution1/syn/report/csynth_design_size.rpt
Execute         send_msg_by_id INFO @200-1995@%s%s%s 898 Performance (step 1) /home/aa13231/Downloads/code/flash_attention_proj/solution1/syn/report/csynth_design_size.rpt 
INFO: [HLS 200-1995] There were 898 instructions in the design after the 'Performance (step 1)' phase of compilation. See the Design Size Report for more details: /home/aa13231/Downloads/code/flash_attention_proj/solution1/syn/report/csynth_design_size.rpt
Execute         send_msg_by_id INFO @200-1995@%s%s%s 889 Performance (step 2) /home/aa13231/Downloads/code/flash_attention_proj/solution1/syn/report/csynth_design_size.rpt 
INFO: [HLS 200-1995] There were 889 instructions in the design after the 'Performance (step 2)' phase of compilation. See the Design Size Report for more details: /home/aa13231/Downloads/code/flash_attention_proj/solution1/syn/report/csynth_design_size.rpt
Execute         send_msg_by_id INFO @200-1995@%s%s%s 889 Performance (step 3) /home/aa13231/Downloads/code/flash_attention_proj/solution1/syn/report/csynth_design_size.rpt 
INFO: [HLS 200-1995] There were 889 instructions in the design after the 'Performance (step 3)' phase of compilation. See the Design Size Report for more details: /home/aa13231/Downloads/code/flash_attention_proj/solution1/syn/report/csynth_design_size.rpt
Execute         send_msg_by_id INFO @200-1995@%s%s%s 889 Performance (step 4) /home/aa13231/Downloads/code/flash_attention_proj/solution1/syn/report/csynth_design_size.rpt 
INFO: [HLS 200-1995] There were 889 instructions in the design after the 'Performance (step 4)' phase of compilation. See the Design Size Report for more details: /home/aa13231/Downloads/code/flash_attention_proj/solution1/syn/report/csynth_design_size.rpt
Execute         send_msg_by_id INFO @200-1995@%s%s%s 914 HW Transforms (step 1) /home/aa13231/Downloads/code/flash_attention_proj/solution1/syn/report/csynth_design_size.rpt 
INFO: [HLS 200-1995] There were 914 instructions in the design after the 'HW Transforms (step 1)' phase of compilation. See the Design Size Report for more details: /home/aa13231/Downloads/code/flash_attention_proj/solution1/syn/report/csynth_design_size.rpt
Execute         send_msg_by_id INFO @200-1995@%s%s%s 938 HW Transforms (step 2) /home/aa13231/Downloads/code/flash_attention_proj/solution1/syn/report/csynth_design_size.rpt 
INFO: [HLS 200-1995] There were 938 instructions in the design after the 'HW Transforms (step 2)' phase of compilation. See the Design Size Report for more details: /home/aa13231/Downloads/code/flash_attention_proj/solution1/syn/report/csynth_design_size.rpt
INFO: [HLS 214-131] Inlining function 'exp_reduce_::exp(float)' into 'hls::expf(float)' (/wrk/ci/prod/2023.2/hls_product/continuous/689/2023.2/src/shared/hls/clib/hlsmath/src/c++/expfloat.cpp:22:9)
INFO: [HLS 214-131] Inlining function 'hls::expf(float)' into 'flash_attention_hls(float*, float*, float*, float*, int, int, int)' (flash_attention.cpp:142:36)
INFO: [HLS 214-131] Inlining function 'hls::expf(float)' into 'flash_attention_hls(float*, float*, float*, float*, int, int, int)' (flash_attention.cpp:158:32)
INFO: [HLS 214-291] Loop 'SCORE_LOOP_X' is marked as complete unroll implied by the pipeline pragma (flash_attention.cpp:110:21)
INFO: [HLS 214-186] Unrolling loop 'SCORE_LOOP_X' (flash_attention.cpp:110:21) in function 'flash_attention_hls' completely with a factor of 32 (flash_attention.cpp:25:0)
INFO: [HLS 214-186] Unrolling loop 'INIT_WEIGHTED' (flash_attention.cpp:151:17) in function 'flash_attention_hls' completely with a factor of 32 (flash_attention.cpp:25:0)
INFO: [HLS 214-188] Unrolling loop 'VITIS_LOOP_160_4' (flash_attention.cpp:160:39) in function 'flash_attention_hls' partially with a factor of 4 (flash_attention.cpp:25:0)
INFO: [HLS 214-188] Unrolling loop 'UPDATE_ACC' (flash_attention.cpp:172:17) in function 'flash_attention_hls' partially with a factor of 4 (flash_attention.cpp:25:0)
INFO: [HLS 214-178] Inlining function 'hls::sqrtf(float)' into 'flash_attention_hls(float*, float*, float*, float*, int, int, int)' (flash_attention.cpp:25:0)
INFO: [HLS 214-248] Applying array_partition to 'Qbuf': Cyclic partitioning with factor 4 on dimension 2. (flash_attention.cpp:47:9)
INFO: [HLS 214-248] Applying array_partition to 'Kbuf': Cyclic partitioning with factor 4 on dimension 2. (flash_attention.cpp:48:12)
INFO: [HLS 214-248] Applying array_partition to 'Vbuf': Cyclic partitioning with factor 4 on dimension 2. (flash_attention.cpp:49:12)
INFO: [HLS 214-248] Applying array_partition to 'acc': Cyclic partitioning with factor 4 on dimension 2. (flash_attention.cpp:51:12)
INFO: [HLS 214-248] Applying array_partition to 'weighted': Cyclic partitioning with factor 4 on dimension 1. (flash_attention.cpp:147:24)
INFO: [HLS 214-376] automatically set the pipeline for Loop< UPDATE_ACC> at flash_attention.cpp:172:17 
INFO: [HLS 214-376] automatically set the pipeline for Loop< VITIS_LOOP_160_4> at flash_attention.cpp:160:39 
INFO: [HLS 214-115] Multiple burst reads of variable length and bit width 32 in loop 'VITIS_LOOP_69_1'(flash_attention.cpp:69:30) has been inferred on bundle 'gmem0'. These burst requests might be further partitioned into multiple requests during RTL generation, based on max_read_burst_length or max_write_burst_length settings. (flash_attention.cpp:69:30)
INFO: [HLS 214-115] Multiple burst reads of variable length and bit width 32 in loop 'VITIS_LOOP_93_3'(flash_attention.cpp:93:34) has been inferred on bundle 'gmem1'. These burst requests might be further partitioned into multiple requests during RTL generation, based on max_read_burst_length or max_write_burst_length settings. (flash_attention.cpp:93:34)
INFO: [HLS 214-115] Multiple burst reads of variable length and bit width 32 in loop 'VITIS_LOOP_93_3'(flash_attention.cpp:93:34) has been inferred on bundle 'gmem2'. These burst requests might be further partitioned into multiple requests during RTL generation, based on max_read_burst_length or max_write_burst_length settings. (flash_attention.cpp:93:34)
INFO: [HLS 214-115] Multiple burst writes of variable length and bit width 32 in loop 'VITIS_LOOP_188_5'(flash_attention.cpp:188:31) has been inferred on bundle 'gmem3'. These burst requests might be further partitioned into multiple requests during RTL generation, based on max_read_burst_length or max_write_burst_length settings. (flash_attention.cpp:188:31)
INFO-FLOW: DBG:PUTS: copy_raw_kernel_xml ap_link_39: kernel.xml not generated: /home/aa13231/Downloads/code/flash_attention_proj/solution1/.autopilot/db/kernel.internal.xml
INFO: [HLS 200-111] Finished Compiling Optimization and Transform: CPU user time: 2.61 seconds. CPU system time: 0.42 seconds. Elapsed time: 7.53 seconds; current allocated memory: 283.988 MB.
INFO: [HLS 200-111] Finished Checking Pragmas: CPU user time: 0 seconds. CPU system time: 0 seconds. Elapsed time: 0 seconds; current allocated memory: 283.988 MB.
Execute         opt_and_import_c a -opt_level=2 -skip_syncheck=0 -ng=0 -keep_printf=0 
Execute           cleanup_all_models 
INFO: [HLS 200-10] Starting code transformations ...
INFO-FLOW: Running Standard Transforms...
Execute           transform -hls -share-std-xform -demangle-name -inline-byval-memcpy -always-inline -promote-dbg-pointer -interface-preproc -mem2reg -scalarrepl -mem2reg -keep-read-access -instcombine -dce -promote-dbg-pointer -bitop-raise -loop-simplify -indvarspre -indvars -loop-simplify -xunroll -constprop -instcombine -simplifycfg -indvars -simplifycfg -dce -globaldce -basicaa -simplifycfg -mem2reg -globalopt -global-constprop -deadargelim -instcombine -simplifycfg -scalarrepl -instcombine -reassociate -licm -simplifycfg -loop-simplify -indvars -instcombine -simplifycfg -mem2reg -loop-simplify -indvars -instcombine -gvn -gvn -instcombine -adce -break-crit-edges -simplifycfg -loop-delete -global-array-opt -dce -dse -adce -find-syn-modules -top flash_attention_hls -deadargelim -mem2reg -instcombine -dce -presyn-prepare -interface-preproc -syn-check -check-rec-only -find-region -simplifycfg -func-extr -function-inline -globaldce -mem2reg -instcombine -dce -gvn -globaldce -adce -adse -constprop -instcombine -bit-constprop -instcombine -dce -simplifycfg -bitop-raise -simplifycfg -dce -loop-delete -reassociate -globalopt -global-privatize -mem2reg -dce -global-constprop -pointer-simplify -constprop -dce -auto-shift-reg-idiom -promote-dbg-pointer -norm-name /home/aa13231/Downloads/code/flash_attention_proj/solution1/.autopilot/db/a.g.0.bc -o /home/aa13231/Downloads/code/flash_attention_proj/solution1/.autopilot/db/a.g.1.bc -f -phase std-opt 
INFO: [HLS 200-111] Finished Standard Transforms: CPU user time: 0.06 seconds. CPU system time: 0 seconds. Elapsed time: 0.09 seconds; current allocated memory: 286.492 MB.
INFO: [HLS 200-10] Checking synthesizability ...
INFO-FLOW: Checking Synthesizability 1/2..
Execute           transform -hls -syn-check -check-rec-only -scalarrepl -norm-name -dce -mem2reg -instcombine -directive-preproc -mem2reg -dse -dce -dce -pag -array-normalize -instcombine -dce -array-seg-normalize -instcombine -dce -data-pack -instcombine -dce -inst-simplify -array-flatten -instcombine -dce -array-burst -dce -deadargelim -promote-global-argument -simplifycfg -mem2reg -globaldce -dce -deadargelim -dce -instcombine -function-inline -globaldce -dce -doublePtrSimplify -doublePtrElim -dce -doublePtrSimplify -promote-dbg-pointer -dce -scalarrepl -dse -adse -instcombine -ptrLegalization -simplifycfg -dce -instcombine -pointer-simplify -ptrArgReplace -dce -instcombine -resolve-double-ptr -scalarrepl -norm-name -dce -mem2reg -instcombine -ptrLegalization -simplifycfg -deadargelim -instcombine -dce -inst-simplify -directive-preproc -mem2reg -dse -dce -globaldce /home/aa13231/Downloads/code/flash_attention_proj/solution1/.autopilot/db/a.g.1.bc -o /home/aa13231/Downloads/code/flash_attention_proj/solution1/.autopilot/db/a.g.2.prechk.bc -f 
INFO-FLOW: Checking Synthesizability 2/2..
Execute           transform -syn-check /home/aa13231/Downloads/code/flash_attention_proj/solution1/.autopilot/db/a.g.2.prechk.bc -o /home/aa13231/Downloads/code/flash_attention_proj/solution1/.autopilot/db/a.g.2.bc -f -phase syn-check 
INFO: [HLS 200-111] Finished Checking Synthesizability: CPU user time: 0.05 seconds. CPU system time: 0.01 seconds. Elapsed time: 0.07 seconds; current allocated memory: 287.668 MB.
INFO-FLOW: Compiler optimizing ...
INFO-FLOW: Share syncheck's 1.bc for syn flow: copy /home/aa13231/Downloads/code/flash_attention_proj/solution1/.autopilot/db/a.g.1.bc to /home/aa13231/Downloads/code/flash_attention_proj/solution1/.autopilot/db/a.o.1.bc
INFO-FLOW: Presyn 1...
Execute           transform -hls -tmp /home/aa13231/Downloads/code/flash_attention_proj/solution1/.autopilot/db -interface-port-rename -directive-preproc -mem2reg -dse -dce -scalarrepl -norm-name -deadargelim -mem2reg -instcombine -dce -simplifycfg -dce -resource-proc -clib-intrinsic-prepare -dce -func-buffer -dce -pag -array-normalize -func-legal -instcombine -gvn -constprop -dce -simplifycfg -mem2reg -globaldce -resolve-double-ptr -dce -deadargelim -dce -instcombine -ptrArgReplace -mem2reg -dce -array-seg-normalize -deadargelim -instcombine -dce -directive-preproc -mem2reg -dse -dce -pointer-simplify -dce -port-alignment -dce -interface-preproc -data-pack -instcombine -dce -basicaa -aggr-aa -aggrmodref-aa -aggr-aa -gvn -gvn -basicaa -aggr-aa -aggrmodref-aa -aggr-aa -dse -adse -adce -loop-simplify -indvars -instcombine -gvn -loop-simplify -mem2reg -dce -find-region -instcombine -inst-simplify -interface-preproc -cfgopt -instcombine -indvars -auto-loop-unroll -loop-simplify -loop-bound -xunroll -constprop -instcombine -simplifycfg -indvars -simplifycfg -dce -globaldce -clean-region -attach-range -gvn -inst-simplify -constprop -simplifycfg -dce -pointer-simplify -dce -globalopt -constprop -dce -array-promote -scalar-auto-dep-elim -constprop -dce -ptrArgReplace -mem2reg -simplifycfg -dce -instcombine -dce -array-transform-check -array-reshape -instcombine -simplifycfg -dce -ptrArgReplace -deadargelim -mem2reg -instcombine -simplifycfg -dce -indvars -loop-simplify -loop-bound -xunroll -constprop -instcombine -simplifycfg -indvars -simplifycfg -dce -globaldce -basicaa -aggr-aa -aggrmodref-aa -aggr-aa -dse -duplicate-dataflow-processes -globaldce -instcombine -array-partition -prepare-dynamic-array-partition -instcombine -simplifycfg -dce -ptrArgReplace -global-constprop -deadargelim -mem2reg -func-legal -dce -global-constprop -deadargelim -mem2reg -simplifycfg -dce -merge-param -deadargelim -globalopt -constprop -dce -array-promote -scalar-auto-dep-elim -constprop -dce -ptrArgReplace -mem2reg -simplifycfg -dce -mem-intrinsic-preproc -dce -global-internalize -global-privatize -mem2reg -globaldce -promote-global-argument -ptrArgReplace -mem2reg -dce -globalopt -mergereturn -simplify-global-access -mem2reg -dce -pointer-simplify -dce -functionattrs -basicaa -aggr-aa -aggrmodref-aa -aggr-aa -gvn -gvn -basicaa -aggr-aa -aggrmodref-aa -aggr-aa -dse -adse -adce -dce -norm-name -basicaa -aggr-aa -aggrmodref-aa -aggr-aa -accesses-merge -function-inline -complex-op-raise -inst-simplify -globaldce -func-legal -dce -loop-bound -arraycheck -bitwidthmin2 -bitwidthmin2 -on-by-dataflow -loop-delete -instcombine -simplifycfg -globaldce -dce -gvn -deadargelim -dce -loop-simplify -clean-region -simplifycfg -propagate-stable-arguments -loop-stream -instcombine -simplifycfg -dce -globaldce -duplicate-dataflow-processes -stream-intrinsic-preproc -dce -check-ap-stream -loop-simplify -eliminate-keepreads -extract-dataflow-in-loop -loop-simplify -dce -gvn -deadargelim -dse -duplicate-dataflow-processes -check-dataflow-syntax -legalize-stream-variable -globaldce -legalize-global -extract-subproc -dce -dead-channel-elimination -canonicalize-gep -globaldce -dce -gvn -hls-dead-arg-elim -deadargelim -directive-preproc -canonicalize-dataflow -dce -globaldce -scalar-preprocessing -scalar-propagation2 -scalar-stream -deadargelim -globaldce -mem2reg -check-dataflow-channels -function-stream -dce -globaldce -prop-fifo-spec -internal-stream-gen -canonicalize-gep -globaldce -dce -gvn -deadargelim -mergereturn -indvars -loop-simplify -instcombine -array-stream -array-seg-normalize -array-partition -clean-array-spec -func-legal -instcombine -simplifycfg -dce -bundle-memfifo-ops -deadargelim -directive-preproc -mem2reg -dse -dce -group-axi-access -licm -simplifycfg -dce -loop-delete -hls-display -norm-name /home/aa13231/Downloads/code/flash_attention_proj/solution1/.autopilot/db/a.o.1.bc -o /home/aa13231/Downloads/code/flash_attention_proj/solution1/.autopilot/db/a.o.1.tmp.bc -f 
Command           transform done; 0.27 sec.
INFO-FLOW: Presyn 2...
Execute           transform -hls -keep-callgraph -scalarrepl -mem2reg -port-alignment -attach-range -dce -pipe-mux-gen -indvars -loop-bound -inst-simplify -instcombine -dce -merge-array-access -mem2reg -dce -clean-region -mergereturn -if-conv -instcombine -dce -constprop -basicaa -aggr-aa -aggrmodref-aa -aggr-aa -gvn -gvn -basicaa -aggr-aa -aggrmodref-aa -aggr-aa -dse -adse -adce -scalarrepl -mem2reg -global-constprop -deadargelim -deadargelim -instcombine -dce -simplifycfg -ptrArgReplace -mem2reg -function-inline -globaldce -mem2reg -instcombine -dce -expr-balance -instcombine -dce -bitwidthmin2 -bitwidthmin2 -interface-preproc -directive-preproc -inst-rectify -instcombine -dce -functionattrs -constprop -instcombine -bit-constprop -simplify-global-access -globalopt -globaldce -inst-simplify -instcombine -elimdeaddata -dce -loop-delete -simplifycfg -loop-simplify -barrier -norm-name /home/aa13231/Downloads/code/flash_attention_proj/solution1/.autopilot/db/a.o.1.tmp.bc -o /home/aa13231/Downloads/code/flash_attention_proj/solution1/.autopilot/db/a.o.2.bc -f -phase presyn 
INFO: [XFORM 203-401] Performing if-conversion on hyperblock from (flash_attention.cpp:107:9) to (flash_attention.cpp:106:17) in function 'flash_attention_hls'... converting 65 basic blocks.
INFO: [HLS 200-111] Finished Loop, function and other optimizations: CPU user time: 0.33 seconds. CPU system time: 0.02 seconds. Elapsed time: 0.38 seconds; current allocated memory: 316.184 MB.
INFO-FLOW: Building ssdm...
Execute           transform -hls -auto-function-inline -globaldce -ptrArgReplace -mem2reg -dce -reset-lda -loop-simplify -indvars -aggr-aa -licm -loop-dep -loop-bound -licm -loop-simplify -loop-sink-hoist -flattenloopnest -array-flatten -gvn -instcombine -dce -array-map -dce -func-legal -gvn -adce -instcombine -cfgopt -simplifycfg-lite -loop-simplify -array-burst -promote-global-argument -dce -array-seg-normalize -basicaa -aggrmodref-aa -globalsmodref-aa -aggr-aa -gvn -gvn -basicaa -aggrmodref-aa -globalsmodref-aa -aggr-aa -dse -adse -adce -licm -inst-simplify -dce -globaldce -instcombine -array-stream -eliminate-keepreads -instcombine -dce -deadargelim -doublePtrSimplify -doublePtrElim -dce -doublePtrSimplify -promote-dbg-pointer -dce -scalarrepl -mem2reg -norm-name -mem2reg -instcombine -dse -adse -adce -ptrLegalization -dce -array-flatten -dce -instcombine -check-doubleptr -loop-rot -constprop -cfgopt -simplifycfg-lite -loop-simplify -indvars -pointer-simplify -dce -loop-bound -loop-simplify -loop-preproc -constprop -global-constprop -gvn -mem2reg -instcombine -dce -loop-bound -loop-merge -dce -deadargelim -dce -canonicalize-dataflow -dce -deadargelim -globaldce -mem2reg -bram-byte-enable -inst-simplify -inst-rectify -instcombine -adce -deadargelim -load-elim -read-loop-dep -loop-simplify -loop-extract-inner -directive-preproc -bitwidthmin2 -bitwidthmin2 -read-loop-dep -interface-preproc -directive-preproc -interface-gen -bram-byte-enable-spec-prop -deadargelim -inst-simplify -dce -mem2reg -instcombine -gvn -dce -adse -loop-bound -instcombine -cfgopt -simplifycfg-lite -loop-simplify -clean-region -io-protocol -find-region -mem2reg -bitop-raise -complex-op-raise -inst-simplify -inst-rectify -instcombine -adce -deadargelim -float-op-raise -loop-simplify -phi-opt -bitop-raise -cfgopt -simplifycfg-lite -strip-dead-prototypes -interface-lower -bitop-lower -intrinsic-lower -auto-function-inline -basicaa -aggrmodref-aa -globalsmodref-aa -aggr-aa -inst-simplify -simplifycfg-lite -loop-simplify -mergereturn -inst-simplify -inst-rectify -globaldce -dce -load-elim -bitop-lower -float-op-raise -fma-raise -loop-rewind -pointer-simplify -dce -cfgopt -dce -loop-bound -loop-dep -read-loop-dep -dce -dyn-mem-reuse -dce -recurrence-min -dce -share-scalar-alloca -deadargelim -dce -check-stream -norm-name -legalize -validate-dataflow -inst-clarity -bitwidth -dce -dump-loop-dep-to-ir -check-all-ssdm -dump-complexity-metric -cdfg-build /home/aa13231/Downloads/code/flash_attention_proj/solution1/.autopilot/db/a.o.2.bc -o /home/aa13231/Downloads/code/flash_attention_proj/solution1/.autopilot/db/a.o.3.bc -f -phase build-ssdm 
INFO: [HLS 200-2061] Successfully converted nested loops 'LOAD_Q'(flash_attention.cpp:68:9) and 'VITIS_LOOP_69_1'(flash_attention.cpp:69:30) in function 'flash_attention_hls' into perfectly nested loops.
INFO: [HLS 200-2060] Failed to convert nested loops 'INIT_STATE'(flash_attention.cpp:77:9) and 'VITIS_LOOP_80_2'(flash_attention.cpp:80:30) in function 'flash_attention_hls' into perfectly nested loops.
INFO: [HLS 200-2061] Successfully converted nested loops 'LOAD_KV'(flash_attention.cpp:92:13) and 'VITIS_LOOP_93_3'(flash_attention.cpp:93:34) in function 'flash_attention_hls' into perfectly nested loops.
INFO: [HLS 200-2061] Successfully converted nested loops 'SCORE_LOOP_I'(flash_attention.cpp:104:13) and 'SCORE_LOOP_J'(flash_attention.cpp:106:17) in function 'flash_attention_hls' into perfectly nested loops.
INFO: [HLS 200-2060] Failed to convert nested loops 'EXP_ACCUM'(flash_attention.cpp:157:17) and 'VITIS_LOOP_160_4'(flash_attention.cpp:160:39) in function 'flash_attention_hls' into perfectly nested loops.
INFO: [HLS 200-2061] Successfully converted nested loops 'STORE_O'(flash_attention.cpp:187:9) and 'VITIS_LOOP_188_5'(flash_attention.cpp:188:31) in function 'flash_attention_hls' into perfectly nested loops.
INFO: [XFORM 203-541] Flattening a loop nest 'LOAD_Q' (flash_attention.cpp:68:9) in function 'flash_attention_hls'.
WARNING: [HLS 200-960] Cannot flatten loop 'INIT_STATE' (flash_attention.cpp:77:9) in function 'flash_attention_hls' the outer loop is not a perfect loop.
INFO: [XFORM 203-541] Flattening a loop nest 'LOAD_KV' (flash_attention.cpp:92:13) in function 'flash_attention_hls'.
INFO: [XFORM 203-541] Flattening a loop nest 'SCORE_LOOP_I' (flash_attention.cpp:104:13) in function 'flash_attention_hls'.
WARNING: [HLS 200-960] Cannot flatten loop 'EXP_ACCUM' (flash_attention.cpp:157:17) in function 'flash_attention_hls' the outer loop is not a perfect loop.
INFO: [XFORM 203-541] Flattening a loop nest 'STORE_O' (flash_attention.cpp:187:9) in function 'flash_attention_hls'.
Execute             auto_get_db
Command           transform done; 0.31 sec.
INFO: [HLS 200-111] Finished Architecture Synthesis: CPU user time: 0.23 seconds. CPU system time: 0.02 seconds. Elapsed time: 0.31 seconds; current allocated memory: 385.520 MB.
INFO-FLOW: Finish building internal data model.
Command         opt_and_import_c done; 0.86 sec.
Command       elaborate done; 28.29 sec.
Execute       ap_eval exec zip -j /home/aa13231/Downloads/code/flash_attention_proj/solution1/.autopilot/db/dut.hcp $dbDir/a.o.3.bc $dbDir/${topname}.rtl_wrap.cfg.tcl $dbDir/apatb_${topname}.cpp $dbDir/apatb_${topname}_util.cpp $dbDir/apatb_${topname}_ir.ll $dbDir/mapper_${topname}.cpp $dbDir/top-io-fe.xml $dbDir/kernel.internal.xml $workdir/../hls.app 
Execute       autosyn -from_csynth_design=1 
INFO: [HLS 200-10] Starting hardware synthesis ...
INFO-FLOW: Synthesizing C/C++ design ...
INFO: [HLS 200-10] Synthesizing 'flash_attention_hls' ...
Execute         ap_set_top_model flash_attention_hls 
Execute         get_model_list flash_attention_hls -filter all-wo-channel -topdown 
Execute         preproc_iomode -model flash_attention_hls 
Execute         preproc_iomode -model flash_attention_hls_Pipeline_STORE_O_VITIS_LOOP_188_5 
Execute         preproc_iomode -model flash_attention_hls_Pipeline_UPDATE_ACC 
Execute         preproc_iomode -model flash_attention_hls_Pipeline_VITIS_LOOP_160_4 
Execute         preproc_iomode -model flash_attention_hls_Pipeline_FIND_MAX 
Execute         preproc_iomode -model flash_attention_hls_Pipeline_SCORE_LOOP_I_SCORE_LOOP_J 
Execute         preproc_iomode -model flash_attention_hls_Pipeline_LOAD_KV_VITIS_LOOP_93_3 
Execute         preproc_iomode -model flash_attention_hls_Pipeline_VITIS_LOOP_80_2 
Execute         preproc_iomode -model flash_attention_hls_Pipeline_LOAD_Q_VITIS_LOOP_69_1 
Execute         get_model_list flash_attention_hls -filter all-wo-channel 
INFO-FLOW: Model list for configure: flash_attention_hls_Pipeline_LOAD_Q_VITIS_LOOP_69_1 flash_attention_hls_Pipeline_VITIS_LOOP_80_2 flash_attention_hls_Pipeline_LOAD_KV_VITIS_LOOP_93_3 flash_attention_hls_Pipeline_SCORE_LOOP_I_SCORE_LOOP_J flash_attention_hls_Pipeline_FIND_MAX flash_attention_hls_Pipeline_VITIS_LOOP_160_4 flash_attention_hls_Pipeline_UPDATE_ACC flash_attention_hls_Pipeline_STORE_O_VITIS_LOOP_188_5 flash_attention_hls
INFO-FLOW: Configuring Module : flash_attention_hls_Pipeline_LOAD_Q_VITIS_LOOP_69_1 ...
Execute         set_default_model flash_attention_hls_Pipeline_LOAD_Q_VITIS_LOOP_69_1 
Execute         apply_spec_resource_limit flash_attention_hls_Pipeline_LOAD_Q_VITIS_LOOP_69_1 
INFO-FLOW: Configuring Module : flash_attention_hls_Pipeline_VITIS_LOOP_80_2 ...
Execute         set_default_model flash_attention_hls_Pipeline_VITIS_LOOP_80_2 
Execute         apply_spec_resource_limit flash_attention_hls_Pipeline_VITIS_LOOP_80_2 
INFO-FLOW: Configuring Module : flash_attention_hls_Pipeline_LOAD_KV_VITIS_LOOP_93_3 ...
Execute         set_default_model flash_attention_hls_Pipeline_LOAD_KV_VITIS_LOOP_93_3 
Execute         apply_spec_resource_limit flash_attention_hls_Pipeline_LOAD_KV_VITIS_LOOP_93_3 
INFO-FLOW: Configuring Module : flash_attention_hls_Pipeline_SCORE_LOOP_I_SCORE_LOOP_J ...
Execute         set_default_model flash_attention_hls_Pipeline_SCORE_LOOP_I_SCORE_LOOP_J 
Execute         apply_spec_resource_limit flash_attention_hls_Pipeline_SCORE_LOOP_I_SCORE_LOOP_J 
INFO-FLOW: Configuring Module : flash_attention_hls_Pipeline_FIND_MAX ...
Execute         set_default_model flash_attention_hls_Pipeline_FIND_MAX 
Execute         apply_spec_resource_limit flash_attention_hls_Pipeline_FIND_MAX 
INFO-FLOW: Configuring Module : flash_attention_hls_Pipeline_VITIS_LOOP_160_4 ...
Execute         set_default_model flash_attention_hls_Pipeline_VITIS_LOOP_160_4 
Execute         apply_spec_resource_limit flash_attention_hls_Pipeline_VITIS_LOOP_160_4 
INFO-FLOW: Configuring Module : flash_attention_hls_Pipeline_UPDATE_ACC ...
Execute         set_default_model flash_attention_hls_Pipeline_UPDATE_ACC 
Execute         apply_spec_resource_limit flash_attention_hls_Pipeline_UPDATE_ACC 
INFO-FLOW: Configuring Module : flash_attention_hls_Pipeline_STORE_O_VITIS_LOOP_188_5 ...
Execute         set_default_model flash_attention_hls_Pipeline_STORE_O_VITIS_LOOP_188_5 
Execute         apply_spec_resource_limit flash_attention_hls_Pipeline_STORE_O_VITIS_LOOP_188_5 
INFO-FLOW: Configuring Module : flash_attention_hls ...
Execute         set_default_model flash_attention_hls 
Execute         apply_spec_resource_limit flash_attention_hls 
INFO-FLOW: Model list for preprocess: flash_attention_hls_Pipeline_LOAD_Q_VITIS_LOOP_69_1 flash_attention_hls_Pipeline_VITIS_LOOP_80_2 flash_attention_hls_Pipeline_LOAD_KV_VITIS_LOOP_93_3 flash_attention_hls_Pipeline_SCORE_LOOP_I_SCORE_LOOP_J flash_attention_hls_Pipeline_FIND_MAX flash_attention_hls_Pipeline_VITIS_LOOP_160_4 flash_attention_hls_Pipeline_UPDATE_ACC flash_attention_hls_Pipeline_STORE_O_VITIS_LOOP_188_5 flash_attention_hls
INFO-FLOW: Preprocessing Module: flash_attention_hls_Pipeline_LOAD_Q_VITIS_LOOP_69_1 ...
Execute         set_default_model flash_attention_hls_Pipeline_LOAD_Q_VITIS_LOOP_69_1 
Execute         cdfg_preprocess -model flash_attention_hls_Pipeline_LOAD_Q_VITIS_LOOP_69_1 
Execute         rtl_gen_preprocess flash_attention_hls_Pipeline_LOAD_Q_VITIS_LOOP_69_1 
INFO-FLOW: Preprocessing Module: flash_attention_hls_Pipeline_VITIS_LOOP_80_2 ...
Execute         set_default_model flash_attention_hls_Pipeline_VITIS_LOOP_80_2 
Execute         cdfg_preprocess -model flash_attention_hls_Pipeline_VITIS_LOOP_80_2 
Execute         rtl_gen_preprocess flash_attention_hls_Pipeline_VITIS_LOOP_80_2 
INFO-FLOW: Preprocessing Module: flash_attention_hls_Pipeline_LOAD_KV_VITIS_LOOP_93_3 ...
Execute         set_default_model flash_attention_hls_Pipeline_LOAD_KV_VITIS_LOOP_93_3 
Execute         cdfg_preprocess -model flash_attention_hls_Pipeline_LOAD_KV_VITIS_LOOP_93_3 
Execute         rtl_gen_preprocess flash_attention_hls_Pipeline_LOAD_KV_VITIS_LOOP_93_3 
INFO-FLOW: Preprocessing Module: flash_attention_hls_Pipeline_SCORE_LOOP_I_SCORE_LOOP_J ...
Execute         set_default_model flash_attention_hls_Pipeline_SCORE_LOOP_I_SCORE_LOOP_J 
Execute         cdfg_preprocess -model flash_attention_hls_Pipeline_SCORE_LOOP_I_SCORE_LOOP_J 
Execute         rtl_gen_preprocess flash_attention_hls_Pipeline_SCORE_LOOP_I_SCORE_LOOP_J 
INFO-FLOW: Preprocessing Module: flash_attention_hls_Pipeline_FIND_MAX ...
Execute         set_default_model flash_attention_hls_Pipeline_FIND_MAX 
Execute         cdfg_preprocess -model flash_attention_hls_Pipeline_FIND_MAX 
Execute         rtl_gen_preprocess flash_attention_hls_Pipeline_FIND_MAX 
INFO-FLOW: Preprocessing Module: flash_attention_hls_Pipeline_VITIS_LOOP_160_4 ...
Execute         set_default_model flash_attention_hls_Pipeline_VITIS_LOOP_160_4 
Execute         cdfg_preprocess -model flash_attention_hls_Pipeline_VITIS_LOOP_160_4 
Execute         rtl_gen_preprocess flash_attention_hls_Pipeline_VITIS_LOOP_160_4 
INFO-FLOW: Preprocessing Module: flash_attention_hls_Pipeline_UPDATE_ACC ...
Execute         set_default_model flash_attention_hls_Pipeline_UPDATE_ACC 
Execute         cdfg_preprocess -model flash_attention_hls_Pipeline_UPDATE_ACC 
Execute         rtl_gen_preprocess flash_attention_hls_Pipeline_UPDATE_ACC 
INFO-FLOW: Preprocessing Module: flash_attention_hls_Pipeline_STORE_O_VITIS_LOOP_188_5 ...
Execute         set_default_model flash_attention_hls_Pipeline_STORE_O_VITIS_LOOP_188_5 
Execute         cdfg_preprocess -model flash_attention_hls_Pipeline_STORE_O_VITIS_LOOP_188_5 
Execute         rtl_gen_preprocess flash_attention_hls_Pipeline_STORE_O_VITIS_LOOP_188_5 
INFO-FLOW: Preprocessing Module: flash_attention_hls ...
Execute         set_default_model flash_attention_hls 
Execute         cdfg_preprocess -model flash_attention_hls 
Execute         rtl_gen_preprocess flash_attention_hls 
INFO-FLOW: Model list for synthesis: flash_attention_hls_Pipeline_LOAD_Q_VITIS_LOOP_69_1 flash_attention_hls_Pipeline_VITIS_LOOP_80_2 flash_attention_hls_Pipeline_LOAD_KV_VITIS_LOOP_93_3 flash_attention_hls_Pipeline_SCORE_LOOP_I_SCORE_LOOP_J flash_attention_hls_Pipeline_FIND_MAX flash_attention_hls_Pipeline_VITIS_LOOP_160_4 flash_attention_hls_Pipeline_UPDATE_ACC flash_attention_hls_Pipeline_STORE_O_VITIS_LOOP_188_5 flash_attention_hls
INFO: [HLS 200-10] ----------------------------------------------------------------
INFO: [HLS 200-42] -- Implementing module 'flash_attention_hls_Pipeline_LOAD_Q_VITIS_LOOP_69_1' 
INFO: [HLS 200-10] ----------------------------------------------------------------
Execute         set_default_model flash_attention_hls_Pipeline_LOAD_Q_VITIS_LOOP_69_1 
Execute         schedule -model flash_attention_hls_Pipeline_LOAD_Q_VITIS_LOOP_69_1 
INFO: [SCHED 204-11] Starting scheduling ...
INFO: [HLS 200-1457] Automatically inferring inferring RAM_1WNR storage type for array 'Qbuf_3'. Use bind_storage pragma to override this type.
INFO: [HLS 200-1457] Automatically inferring inferring RAM_1WNR storage type for array 'Qbuf'. Use bind_storage pragma to override this type.
INFO: [HLS 200-1457] Automatically inferring inferring RAM_1WNR storage type for array 'Qbuf_1'. Use bind_storage pragma to override this type.
INFO: [HLS 200-1457] Automatically inferring inferring RAM_1WNR storage type for array 'Qbuf_2'. Use bind_storage pragma to override this type.
INFO: [SCHED 204-61] Pipelining loop 'LOAD_Q_VITIS_LOOP_69_1'.
INFO: [HLS 200-1470] Pipelining result : Target II = 1, Final II = 1, Depth = 13, loop 'LOAD_Q_VITIS_LOOP_69_1'
WARNING: [HLS 200-871] Estimated clock period (7.396 ns) exceeds the target (target clock period: 10.000 ns, clock uncertainty: 2.700 ns, effective delay budget: 7.300 ns).
WARNING: [HLS 200-1016] The critical path in module 'flash_attention_hls_Pipeline_LOAD_Q_VITIS_LOOP_69_1' consists of the following:
	'load' operation 31 bit ('x', flash_attention.cpp:69) on local variable 'x', flash_attention.cpp:69 [27]  (0.000 ns)
	'icmp' operation 1 bit ('icmp_ln69', flash_attention.cpp:69) [31]  (2.552 ns)
	'select' operation 31 bit ('select_ln68', flash_attention.cpp:68) [41]  (0.733 ns)
	'add' operation 31 bit ('add_ln69', flash_attention.cpp:69) [84]  (2.522 ns)
	'store' operation 0 bit ('x_write_ln69', flash_attention.cpp:69) of variable 'add_ln69', flash_attention.cpp:69 on local variable 'x', flash_attention.cpp:69 [87]  (1.588 ns)

INFO: [SCHED 204-11] Finished scheduling.
INFO: [HLS 200-111] Finished Scheduling: CPU user time: 0.1 seconds. CPU system time: 0.05 seconds. Elapsed time: 0.21 seconds; current allocated memory: 386.355 MB.
Execute         syn_report -verbosereport -o /home/aa13231/Downloads/code/flash_attention_proj/solution1/.autopilot/db/flash_attention_hls_Pipeline_LOAD_Q_VITIS_LOOP_69_1.verbose.sched.rpt 
Execute           list_part -family xc7z020-clg400-1 
Execute             ap_family_info -name xc7z020-clg400-1 -data names 
Execute             ap_part_info -quiet -name xc7z020-clg400-1 -data family 
Execute         db_write -o /home/aa13231/Downloads/code/flash_attention_proj/solution1/.autopilot/db/flash_attention_hls_Pipeline_LOAD_Q_VITIS_LOOP_69_1.sched.adb -f 
INFO-FLOW: Finish scheduling flash_attention_hls_Pipeline_LOAD_Q_VITIS_LOOP_69_1.
Execute         set_default_model flash_attention_hls_Pipeline_LOAD_Q_VITIS_LOOP_69_1 
Execute         bind -model flash_attention_hls_Pipeline_LOAD_Q_VITIS_LOOP_69_1 
INFO: [BIND 205-100] Starting micro-architecture generation ...
INFO: [BIND 205-101] Performing variable lifetime analysis.
INFO: [BIND 205-101] Exploring resource sharing.
INFO: [BIND 205-101] Binding ...
INFO: [BIND 205-100] Finished micro-architecture generation.
INFO: [HLS 200-111] Finished Binding: CPU user time: 0.04 seconds. CPU system time: 0.02 seconds. Elapsed time: 0.1 seconds; current allocated memory: 386.488 MB.
Execute         syn_report -verbosereport -o /home/aa13231/Downloads/code/flash_attention_proj/solution1/.autopilot/db/flash_attention_hls_Pipeline_LOAD_Q_VITIS_LOOP_69_1.verbose.bind.rpt 
Execute           list_part -family xc7z020-clg400-1 
Execute             ap_family_info -name xc7z020-clg400-1 -data names 
Execute             ap_part_info -quiet -name xc7z020-clg400-1 -data family 
Execute         db_write -o /home/aa13231/Downloads/code/flash_attention_proj/solution1/.autopilot/db/flash_attention_hls_Pipeline_LOAD_Q_VITIS_LOOP_69_1.bind.adb -f 
INFO-FLOW: Finish binding flash_attention_hls_Pipeline_LOAD_Q_VITIS_LOOP_69_1.
INFO: [HLS 200-10] ----------------------------------------------------------------
INFO: [HLS 200-42] -- Implementing module 'flash_attention_hls_Pipeline_VITIS_LOOP_80_2' 
INFO: [HLS 200-10] ----------------------------------------------------------------
Execute         set_default_model flash_attention_hls_Pipeline_VITIS_LOOP_80_2 
Execute         schedule -model flash_attention_hls_Pipeline_VITIS_LOOP_80_2 
INFO: [SCHED 204-11] Starting scheduling ...
INFO: [SCHED 204-61] Pipelining loop 'VITIS_LOOP_80_2'.
INFO: [HLS 200-1470] Pipelining result : Target II = 1, Final II = 1, Depth = 1, loop 'VITIS_LOOP_80_2'
WARNING: [HLS 200-871] Estimated clock period (7.394 ns) exceeds the target (target clock period: 10.000 ns, clock uncertainty: 2.700 ns, effective delay budget: 7.300 ns).
WARNING: [HLS 200-1016] The critical path in module 'flash_attention_hls_Pipeline_VITIS_LOOP_80_2' consists of the following:
	'store' operation 0 bit ('x_write_ln80', flash_attention.cpp:80) of constant 0 on local variable 'x', flash_attention.cpp:80 [10]  (1.588 ns)
	'load' operation 31 bit ('x', flash_attention.cpp:80) on local variable 'x', flash_attention.cpp:80 [13]  (0.000 ns)
	'icmp' operation 1 bit ('icmp_ln80', flash_attention.cpp:80) [15]  (2.552 ns)
	'store' operation 0 bit ('acc_3_addr_write_ln82', flash_attention.cpp:82) of constant 0 on array 'acc_3' [40]  (3.254 ns)

INFO: [SCHED 204-11] Finished scheduling.
INFO: [HLS 200-111] Finished Scheduling: CPU user time: 0.04 seconds. CPU system time: 0.01 seconds. Elapsed time: 0.09 seconds; current allocated memory: 386.648 MB.
Execute         syn_report -verbosereport -o /home/aa13231/Downloads/code/flash_attention_proj/solution1/.autopilot/db/flash_attention_hls_Pipeline_VITIS_LOOP_80_2.verbose.sched.rpt 
Execute           list_part -family xc7z020-clg400-1 
Execute             ap_family_info -name xc7z020-clg400-1 -data names 
Execute             ap_part_info -quiet -name xc7z020-clg400-1 -data family 
Execute         db_write -o /home/aa13231/Downloads/code/flash_attention_proj/solution1/.autopilot/db/flash_attention_hls_Pipeline_VITIS_LOOP_80_2.sched.adb -f 
INFO-FLOW: Finish scheduling flash_attention_hls_Pipeline_VITIS_LOOP_80_2.
Execute         set_default_model flash_attention_hls_Pipeline_VITIS_LOOP_80_2 
Execute         bind -model flash_attention_hls_Pipeline_VITIS_LOOP_80_2 
INFO: [BIND 205-100] Starting micro-architecture generation ...
INFO: [BIND 205-101] Performing variable lifetime analysis.
INFO: [BIND 205-101] Exploring resource sharing.
INFO: [BIND 205-101] Binding ...
INFO: [BIND 205-100] Finished micro-architecture generation.
INFO: [HLS 200-111] Finished Binding: CPU user time: 0.02 seconds. CPU system time: 0 seconds. Elapsed time: 0.05 seconds; current allocated memory: 386.785 MB.
Execute         syn_report -verbosereport -o /home/aa13231/Downloads/code/flash_attention_proj/solution1/.autopilot/db/flash_attention_hls_Pipeline_VITIS_LOOP_80_2.verbose.bind.rpt 
Execute           list_part -family xc7z020-clg400-1 
Execute             ap_family_info -name xc7z020-clg400-1 -data names 
Execute             ap_part_info -quiet -name xc7z020-clg400-1 -data family 
Execute         db_write -o /home/aa13231/Downloads/code/flash_attention_proj/solution1/.autopilot/db/flash_attention_hls_Pipeline_VITIS_LOOP_80_2.bind.adb -f 
INFO-FLOW: Finish binding flash_attention_hls_Pipeline_VITIS_LOOP_80_2.
INFO: [HLS 200-10] ----------------------------------------------------------------
INFO: [HLS 200-42] -- Implementing module 'flash_attention_hls_Pipeline_LOAD_KV_VITIS_LOOP_93_3' 
INFO: [HLS 200-10] ----------------------------------------------------------------
Execute         set_default_model flash_attention_hls_Pipeline_LOAD_KV_VITIS_LOOP_93_3 
Execute         schedule -model flash_attention_hls_Pipeline_LOAD_KV_VITIS_LOOP_93_3 
INFO: [SCHED 204-11] Starting scheduling ...
INFO: [HLS 200-1457] Automatically inferring inferring RAM_1WNR storage type for array 'Kbuf_3'. Use bind_storage pragma to override this type.
INFO: [HLS 200-1457] Automatically inferring inferring RAM_1WNR storage type for array 'Kbuf'. Use bind_storage pragma to override this type.
INFO: [HLS 200-1457] Automatically inferring inferring RAM_1WNR storage type for array 'Kbuf_1'. Use bind_storage pragma to override this type.
INFO: [HLS 200-1457] Automatically inferring inferring RAM_1WNR storage type for array 'Kbuf_2'. Use bind_storage pragma to override this type.
INFO: [SCHED 204-61] Pipelining loop 'LOAD_KV_VITIS_LOOP_93_3'.
INFO: [HLS 200-1470] Pipelining result : Target II = 1, Final II = 1, Depth = 13, loop 'LOAD_KV_VITIS_LOOP_93_3'
WARNING: [HLS 200-871] Estimated clock period (7.396 ns) exceeds the target (target clock period: 10.000 ns, clock uncertainty: 2.700 ns, effective delay budget: 7.300 ns).
WARNING: [HLS 200-1016] The critical path in module 'flash_attention_hls_Pipeline_LOAD_KV_VITIS_LOOP_93_3' consists of the following:
	'load' operation 31 bit ('x', flash_attention.cpp:93) on local variable 'x', flash_attention.cpp:93 [35]  (0.000 ns)
	'icmp' operation 1 bit ('icmp_ln93', flash_attention.cpp:93) [40]  (2.552 ns)
	'select' operation 31 bit ('select_ln92', flash_attention.cpp:92) [50]  (0.733 ns)
	'add' operation 31 bit ('add_ln93', flash_attention.cpp:93) [108]  (2.522 ns)
	'store' operation 0 bit ('x_3_write_ln93', flash_attention.cpp:93) of variable 'add_ln93', flash_attention.cpp:93 on local variable 'x', flash_attention.cpp:93 [111]  (1.588 ns)

INFO: [SCHED 204-11] Finished scheduling.
INFO: [HLS 200-111] Finished Scheduling: CPU user time: 0.06 seconds. CPU system time: 0 seconds. Elapsed time: 0.1 seconds; current allocated memory: 387.625 MB.
Execute         syn_report -verbosereport -o /home/aa13231/Downloads/code/flash_attention_proj/solution1/.autopilot/db/flash_attention_hls_Pipeline_LOAD_KV_VITIS_LOOP_93_3.verbose.sched.rpt 
Execute           list_part -family xc7z020-clg400-1 
Execute             ap_family_info -name xc7z020-clg400-1 -data names 
Execute             ap_part_info -quiet -name xc7z020-clg400-1 -data family 
Execute         db_write -o /home/aa13231/Downloads/code/flash_attention_proj/solution1/.autopilot/db/flash_attention_hls_Pipeline_LOAD_KV_VITIS_LOOP_93_3.sched.adb -f 
INFO-FLOW: Finish scheduling flash_attention_hls_Pipeline_LOAD_KV_VITIS_LOOP_93_3.
Execute         set_default_model flash_attention_hls_Pipeline_LOAD_KV_VITIS_LOOP_93_3 
Execute         bind -model flash_attention_hls_Pipeline_LOAD_KV_VITIS_LOOP_93_3 
INFO: [BIND 205-100] Starting micro-architecture generation ...
INFO: [BIND 205-101] Performing variable lifetime analysis.
INFO: [BIND 205-101] Exploring resource sharing.
INFO: [BIND 205-101] Binding ...
INFO: [BIND 205-100] Finished micro-architecture generation.
INFO: [HLS 200-111] Finished Binding: CPU user time: 0.02 seconds. CPU system time: 0.01 seconds. Elapsed time: 0.05 seconds; current allocated memory: 387.699 MB.
Execute         syn_report -verbosereport -o /home/aa13231/Downloads/code/flash_attention_proj/solution1/.autopilot/db/flash_attention_hls_Pipeline_LOAD_KV_VITIS_LOOP_93_3.verbose.bind.rpt 
Execute           list_part -family xc7z020-clg400-1 
Execute             ap_family_info -name xc7z020-clg400-1 -data names 
Execute             ap_part_info -quiet -name xc7z020-clg400-1 -data family 
Execute         db_write -o /home/aa13231/Downloads/code/flash_attention_proj/solution1/.autopilot/db/flash_attention_hls_Pipeline_LOAD_KV_VITIS_LOOP_93_3.bind.adb -f 
INFO-FLOW: Finish binding flash_attention_hls_Pipeline_LOAD_KV_VITIS_LOOP_93_3.
INFO: [HLS 200-10] ----------------------------------------------------------------
INFO: [HLS 200-42] -- Implementing module 'flash_attention_hls_Pipeline_SCORE_LOOP_I_SCORE_LOOP_J' 
INFO: [HLS 200-10] ----------------------------------------------------------------
Execute         set_default_model flash_attention_hls_Pipeline_SCORE_LOOP_I_SCORE_LOOP_J 
Execute         schedule -model flash_attention_hls_Pipeline_SCORE_LOOP_I_SCORE_LOOP_J 
INFO: [SCHED 204-11] Starting scheduling ...
INFO: [HLS 200-1457] Automatically inferring inferring RAM_1WNR storage type for array 'Kbuf_3'. Use bind_storage pragma to override this type.
INFO: [HLS 200-1457] Automatically inferring inferring RAM_1WNR storage type for array 'Kbuf_2'. Use bind_storage pragma to override this type.
INFO: [HLS 200-1457] Automatically inferring inferring RAM_1WNR storage type for array 'Kbuf_1'. Use bind_storage pragma to override this type.
INFO: [HLS 200-1457] Automatically inferring inferring RAM_1WNR storage type for array 'Kbuf'. Use bind_storage pragma to override this type.
INFO: [HLS 200-1457] Automatically inferring inferring RAM_1WNR storage type for array 'Qbuf_3'. Use bind_storage pragma to override this type.
INFO: [HLS 200-1457] Automatically inferring inferring RAM_1WNR storage type for array 'Qbuf_2'. Use bind_storage pragma to override this type.
INFO: [HLS 200-1457] Automatically inferring inferring RAM_1WNR storage type for array 'Qbuf_1'. Use bind_storage pragma to override this type.
INFO: [HLS 200-1457] Automatically inferring inferring RAM_1WNR storage type for array 'Qbuf'. Use bind_storage pragma to override this type.
INFO: [SCHED 204-61] Pipelining loop 'SCORE_LOOP_I_SCORE_LOOP_J'.
INFO: [HLS 200-1470] Pipelining result : Target II = 1, Final II = 1, Depth = 203, loop 'SCORE_LOOP_I_SCORE_LOOP_J'
INFO: [SCHED 204-11] Finished scheduling.
Command         schedule done; 0.23 sec.
INFO: [HLS 200-111] Finished Scheduling: CPU user time: 0.23 seconds. CPU system time: 0.01 seconds. Elapsed time: 0.27 seconds; current allocated memory: 391.051 MB.
Execute         syn_report -verbosereport -o /home/aa13231/Downloads/code/flash_attention_proj/solution1/.autopilot/db/flash_attention_hls_Pipeline_SCORE_LOOP_I_SCORE_LOOP_J.verbose.sched.rpt 
Execute           list_part -family xc7z020-clg400-1 
Execute             ap_family_info -name xc7z020-clg400-1 -data names 
Execute             ap_part_info -quiet -name xc7z020-clg400-1 -data family 
Execute         db_write -o /home/aa13231/Downloads/code/flash_attention_proj/solution1/.autopilot/db/flash_attention_hls_Pipeline_SCORE_LOOP_I_SCORE_LOOP_J.sched.adb -f 
INFO-FLOW: Finish scheduling flash_attention_hls_Pipeline_SCORE_LOOP_I_SCORE_LOOP_J.
Execute         set_default_model flash_attention_hls_Pipeline_SCORE_LOOP_I_SCORE_LOOP_J 
Execute         bind -model flash_attention_hls_Pipeline_SCORE_LOOP_I_SCORE_LOOP_J 
INFO: [BIND 205-100] Starting micro-architecture generation ...
INFO: [BIND 205-101] Performing variable lifetime analysis.
INFO: [BIND 205-101] Exploring resource sharing.
INFO: [BIND 205-101] Binding ...
INFO: [BIND 205-100] Finished micro-architecture generation.
INFO: [HLS 200-111] Finished Binding: CPU user time: 0.08 seconds. CPU system time: 0.01 seconds. Elapsed time: 0.11 seconds; current allocated memory: 391.117 MB.
Execute         syn_report -verbosereport -o /home/aa13231/Downloads/code/flash_attention_proj/solution1/.autopilot/db/flash_attention_hls_Pipeline_SCORE_LOOP_I_SCORE_LOOP_J.verbose.bind.rpt 
Execute           list_part -family xc7z020-clg400-1 
Execute             ap_family_info -name xc7z020-clg400-1 -data names 
Execute             ap_part_info -quiet -name xc7z020-clg400-1 -data family 
Execute         db_write -o /home/aa13231/Downloads/code/flash_attention_proj/solution1/.autopilot/db/flash_attention_hls_Pipeline_SCORE_LOOP_I_SCORE_LOOP_J.bind.adb -f 
INFO-FLOW: Finish binding flash_attention_hls_Pipeline_SCORE_LOOP_I_SCORE_LOOP_J.
INFO: [HLS 200-10] ----------------------------------------------------------------
INFO: [HLS 200-42] -- Implementing module 'flash_attention_hls_Pipeline_FIND_MAX' 
INFO: [HLS 200-10] ----------------------------------------------------------------
Execute         set_default_model flash_attention_hls_Pipeline_FIND_MAX 
Execute         schedule -model flash_attention_hls_Pipeline_FIND_MAX 
INFO: [SCHED 204-11] Starting scheduling ...
INFO: [SCHED 204-61] Pipelining loop 'FIND_MAX'.
INFO: [HLS 200-1470] Pipelining result : Target II = 1, Final II = 1, Depth = 3, loop 'FIND_MAX'
WARNING: [HLS 200-871] Estimated clock period (8.695 ns) exceeds the target (target clock period: 10.000 ns, clock uncertainty: 2.700 ns, effective delay budget: 7.300 ns).
WARNING: [HLS 200-1016] The critical path in module 'flash_attention_hls_Pipeline_FIND_MAX' consists of the following:
	'fcmp' operation 1 bit ('tmp_4', flash_attention.cpp:138) [39]  (5.431 ns)
	'and' operation 1 bit ('and_ln138', flash_attention.cpp:138) [40]  (0.000 ns)
	'and' operation 1 bit ('and_ln138_1', flash_attention.cpp:138) [41]  (0.978 ns)
	'select' operation 32 bit ('tile_max', flash_attention.cpp:138) [42]  (0.698 ns)
	'store' operation 0 bit ('tile_max_write_ln134', flash_attention.cpp:134) of variable 'tile_max', flash_attention.cpp:138 on local variable 'tile_max', flash_attention.cpp:134 [44]  (1.588 ns)

INFO: [SCHED 204-11] Finished scheduling.
INFO: [HLS 200-111] Finished Scheduling: CPU user time: 0.09 seconds. CPU system time: 0.02 seconds. Elapsed time: 0.14 seconds; current allocated memory: 392.582 MB.
Execute         syn_report -verbosereport -o /home/aa13231/Downloads/code/flash_attention_proj/solution1/.autopilot/db/flash_attention_hls_Pipeline_FIND_MAX.verbose.sched.rpt 
Execute           list_part -family xc7z020-clg400-1 
Execute             ap_family_info -name xc7z020-clg400-1 -data names 
Execute             ap_part_info -quiet -name xc7z020-clg400-1 -data family 
Execute         db_write -o /home/aa13231/Downloads/code/flash_attention_proj/solution1/.autopilot/db/flash_attention_hls_Pipeline_FIND_MAX.sched.adb -f 
INFO-FLOW: Finish scheduling flash_attention_hls_Pipeline_FIND_MAX.
Execute         set_default_model flash_attention_hls_Pipeline_FIND_MAX 
Execute         bind -model flash_attention_hls_Pipeline_FIND_MAX 
INFO: [BIND 205-100] Starting micro-architecture generation ...
INFO: [BIND 205-101] Performing variable lifetime analysis.
INFO: [BIND 205-101] Exploring resource sharing.
INFO: [BIND 205-101] Binding ...
INFO: [BIND 205-100] Finished micro-architecture generation.
INFO: [HLS 200-111] Finished Binding: CPU user time: 0.03 seconds. CPU system time: 0 seconds. Elapsed time: 0.04 seconds; current allocated memory: 392.727 MB.
Execute         syn_report -verbosereport -o /home/aa13231/Downloads/code/flash_attention_proj/solution1/.autopilot/db/flash_attention_hls_Pipeline_FIND_MAX.verbose.bind.rpt 
Execute           list_part -family xc7z020-clg400-1 
Execute             ap_family_info -name xc7z020-clg400-1 -data names 
Execute             ap_part_info -quiet -name xc7z020-clg400-1 -data family 
Execute         db_write -o /home/aa13231/Downloads/code/flash_attention_proj/solution1/.autopilot/db/flash_attention_hls_Pipeline_FIND_MAX.bind.adb -f 
INFO-FLOW: Finish binding flash_attention_hls_Pipeline_FIND_MAX.
INFO: [HLS 200-10] ----------------------------------------------------------------
INFO: [HLS 200-42] -- Implementing module 'flash_attention_hls_Pipeline_VITIS_LOOP_160_4' 
INFO: [HLS 200-10] ----------------------------------------------------------------
Execute         set_default_model flash_attention_hls_Pipeline_VITIS_LOOP_160_4 
Execute         schedule -model flash_attention_hls_Pipeline_VITIS_LOOP_160_4 
INFO: [SCHED 204-11] Starting scheduling ...
INFO: [SCHED 204-61] Pipelining loop 'VITIS_LOOP_160_4'.
INFO: [HLS 200-1470] Pipelining result : Target II = NA, Final II = 1, Depth = 12, loop 'VITIS_LOOP_160_4'
INFO: [SCHED 204-11] Finished scheduling.
INFO: [HLS 200-111] Finished Scheduling: CPU user time: 0.04 seconds. CPU system time: 0 seconds. Elapsed time: 0.06 seconds; current allocated memory: 393.203 MB.
Execute         syn_report -verbosereport -o /home/aa13231/Downloads/code/flash_attention_proj/solution1/.autopilot/db/flash_attention_hls_Pipeline_VITIS_LOOP_160_4.verbose.sched.rpt 
Execute           list_part -family xc7z020-clg400-1 
Execute             ap_family_info -name xc7z020-clg400-1 -data names 
Execute             ap_part_info -quiet -name xc7z020-clg400-1 -data family 
Execute         db_write -o /home/aa13231/Downloads/code/flash_attention_proj/solution1/.autopilot/db/flash_attention_hls_Pipeline_VITIS_LOOP_160_4.sched.adb -f 
INFO-FLOW: Finish scheduling flash_attention_hls_Pipeline_VITIS_LOOP_160_4.
Execute         set_default_model flash_attention_hls_Pipeline_VITIS_LOOP_160_4 
Execute         bind -model flash_attention_hls_Pipeline_VITIS_LOOP_160_4 
INFO: [BIND 205-100] Starting micro-architecture generation ...
INFO: [BIND 205-101] Performing variable lifetime analysis.
INFO: [BIND 205-101] Exploring resource sharing.
INFO: [BIND 205-101] Binding ...
INFO: [BIND 205-100] Finished micro-architecture generation.
INFO: [HLS 200-111] Finished Binding: CPU user time: 0.03 seconds. CPU system time: 0.01 seconds. Elapsed time: 0.05 seconds; current allocated memory: 393.551 MB.
Execute         syn_report -verbosereport -o /home/aa13231/Downloads/code/flash_attention_proj/solution1/.autopilot/db/flash_attention_hls_Pipeline_VITIS_LOOP_160_4.verbose.bind.rpt 
Execute           list_part -family xc7z020-clg400-1 
Execute             ap_family_info -name xc7z020-clg400-1 -data names 
Execute             ap_part_info -quiet -name xc7z020-clg400-1 -data family 
Execute         db_write -o /home/aa13231/Downloads/code/flash_attention_proj/solution1/.autopilot/db/flash_attention_hls_Pipeline_VITIS_LOOP_160_4.bind.adb -f 
INFO-FLOW: Finish binding flash_attention_hls_Pipeline_VITIS_LOOP_160_4.
INFO: [HLS 200-10] ----------------------------------------------------------------
INFO: [HLS 200-42] -- Implementing module 'flash_attention_hls_Pipeline_UPDATE_ACC' 
INFO: [HLS 200-10] ----------------------------------------------------------------
Execute         set_default_model flash_attention_hls_Pipeline_UPDATE_ACC 
Execute         schedule -model flash_attention_hls_Pipeline_UPDATE_ACC 
INFO: [SCHED 204-11] Starting scheduling ...
INFO: [SCHED 204-61] Pipelining loop 'UPDATE_ACC'.
INFO: [HLS 200-1470] Pipelining result : Target II = NA, Final II = 1, Depth = 28, loop 'UPDATE_ACC'
INFO: [SCHED 204-11] Finished scheduling.
INFO: [HLS 200-111] Finished Scheduling: CPU user time: 0.05 seconds. CPU system time: 0 seconds. Elapsed time: 0.08 seconds; current allocated memory: 394.047 MB.
Execute         syn_report -verbosereport -o /home/aa13231/Downloads/code/flash_attention_proj/solution1/.autopilot/db/flash_attention_hls_Pipeline_UPDATE_ACC.verbose.sched.rpt 
Execute           list_part -family xc7z020-clg400-1 
Execute             ap_family_info -name xc7z020-clg400-1 -data names 
Execute             ap_part_info -quiet -name xc7z020-clg400-1 -data family 
Execute         db_write -o /home/aa13231/Downloads/code/flash_attention_proj/solution1/.autopilot/db/flash_attention_hls_Pipeline_UPDATE_ACC.sched.adb -f 
INFO-FLOW: Finish scheduling flash_attention_hls_Pipeline_UPDATE_ACC.
Execute         set_default_model flash_attention_hls_Pipeline_UPDATE_ACC 
Execute         bind -model flash_attention_hls_Pipeline_UPDATE_ACC 
INFO: [BIND 205-100] Starting micro-architecture generation ...
INFO: [BIND 205-101] Performing variable lifetime analysis.
INFO: [BIND 205-101] Exploring resource sharing.
INFO: [BIND 205-101] Binding ...
INFO: [BIND 205-100] Finished micro-architecture generation.
INFO: [HLS 200-111] Finished Binding: CPU user time: 0.04 seconds. CPU system time: 0 seconds. Elapsed time: 0.06 seconds; current allocated memory: 394.547 MB.
Execute         syn_report -verbosereport -o /home/aa13231/Downloads/code/flash_attention_proj/solution1/.autopilot/db/flash_attention_hls_Pipeline_UPDATE_ACC.verbose.bind.rpt 
Execute           list_part -family xc7z020-clg400-1 
Execute             ap_family_info -name xc7z020-clg400-1 -data names 
Execute             ap_part_info -quiet -name xc7z020-clg400-1 -data family 
Execute         db_write -o /home/aa13231/Downloads/code/flash_attention_proj/solution1/.autopilot/db/flash_attention_hls_Pipeline_UPDATE_ACC.bind.adb -f 
INFO-FLOW: Finish binding flash_attention_hls_Pipeline_UPDATE_ACC.
INFO: [HLS 200-10] ----------------------------------------------------------------
INFO: [HLS 200-42] -- Implementing module 'flash_attention_hls_Pipeline_STORE_O_VITIS_LOOP_188_5' 
INFO: [HLS 200-10] ----------------------------------------------------------------
Execute         set_default_model flash_attention_hls_Pipeline_STORE_O_VITIS_LOOP_188_5 
Execute         schedule -model flash_attention_hls_Pipeline_STORE_O_VITIS_LOOP_188_5 
INFO: [SCHED 204-11] Starting scheduling ...
INFO: [SCHED 204-61] Pipelining loop 'STORE_O_VITIS_LOOP_188_5'.
INFO: [HLS 200-1470] Pipelining result : Target II = 1, Final II = 1, Depth = 10, loop 'STORE_O_VITIS_LOOP_188_5'
WARNING: [HLS 200-871] Estimated clock period (7.396 ns) exceeds the target (target clock period: 10.000 ns, clock uncertainty: 2.700 ns, effective delay budget: 7.300 ns).
WARNING: [HLS 200-1016] The critical path in module 'flash_attention_hls_Pipeline_STORE_O_VITIS_LOOP_188_5' consists of the following:
	'load' operation 31 bit ('x', flash_attention.cpp:188) on local variable 'x', flash_attention.cpp:188 [27]  (0.000 ns)
	'icmp' operation 1 bit ('icmp_ln188', flash_attention.cpp:188) [31]  (2.552 ns)
	'select' operation 31 bit ('select_ln187', flash_attention.cpp:187) [41]  (0.733 ns)
	'add' operation 31 bit ('add_ln188', flash_attention.cpp:188) [76]  (2.522 ns)
	'store' operation 0 bit ('x_2_write_ln188', flash_attention.cpp:188) of variable 'add_ln188', flash_attention.cpp:188 on local variable 'x', flash_attention.cpp:188 [86]  (1.588 ns)

INFO: [SCHED 204-11] Finished scheduling.
INFO: [HLS 200-111] Finished Scheduling: CPU user time: 0.07 seconds. CPU system time: 0 seconds. Elapsed time: 0.11 seconds; current allocated memory: 395.059 MB.
Execute         syn_report -verbosereport -o /home/aa13231/Downloads/code/flash_attention_proj/solution1/.autopilot/db/flash_attention_hls_Pipeline_STORE_O_VITIS_LOOP_188_5.verbose.sched.rpt 
Execute           list_part -family xc7z020-clg400-1 
Execute             ap_family_info -name xc7z020-clg400-1 -data names 
Execute             ap_part_info -quiet -name xc7z020-clg400-1 -data family 
Execute         db_write -o /home/aa13231/Downloads/code/flash_attention_proj/solution1/.autopilot/db/flash_attention_hls_Pipeline_STORE_O_VITIS_LOOP_188_5.sched.adb -f 
INFO-FLOW: Finish scheduling flash_attention_hls_Pipeline_STORE_O_VITIS_LOOP_188_5.
Execute         set_default_model flash_attention_hls_Pipeline_STORE_O_VITIS_LOOP_188_5 
Execute         bind -model flash_attention_hls_Pipeline_STORE_O_VITIS_LOOP_188_5 
INFO: [BIND 205-100] Starting micro-architecture generation ...
INFO: [BIND 205-101] Performing variable lifetime analysis.
INFO: [BIND 205-101] Exploring resource sharing.
INFO: [BIND 205-101] Binding ...
INFO: [BIND 205-100] Finished micro-architecture generation.
INFO: [HLS 200-111] Finished Binding: CPU user time: 0.03 seconds. CPU system time: 0 seconds. Elapsed time: 0.05 seconds; current allocated memory: 395.445 MB.
Execute         syn_report -verbosereport -o /home/aa13231/Downloads/code/flash_attention_proj/solution1/.autopilot/db/flash_attention_hls_Pipeline_STORE_O_VITIS_LOOP_188_5.verbose.bind.rpt 
Execute           list_part -family xc7z020-clg400-1 
Execute             ap_family_info -name xc7z020-clg400-1 -data names 
Execute             ap_part_info -quiet -name xc7z020-clg400-1 -data family 
Execute         db_write -o /home/aa13231/Downloads/code/flash_attention_proj/solution1/.autopilot/db/flash_attention_hls_Pipeline_STORE_O_VITIS_LOOP_188_5.bind.adb -f 
INFO-FLOW: Finish binding flash_attention_hls_Pipeline_STORE_O_VITIS_LOOP_188_5.
INFO: [HLS 200-10] ----------------------------------------------------------------
INFO: [HLS 200-42] -- Implementing module 'flash_attention_hls' 
INFO: [HLS 200-10] ----------------------------------------------------------------
Execute         set_default_model flash_attention_hls 
Execute         schedule -model flash_attention_hls 
INFO: [SCHED 204-11] Starting scheduling ...
INFO: [SCHED 204-11] Finished scheduling.
Command         schedule done; 0.13 sec.
INFO: [HLS 200-111] Finished Scheduling: CPU user time: 0.15 seconds. CPU system time: 0 seconds. Elapsed time: 0.17 seconds; current allocated memory: 398.527 MB.
Execute         syn_report -verbosereport -o /home/aa13231/Downloads/code/flash_attention_proj/solution1/.autopilot/db/flash_attention_hls.verbose.sched.rpt 
Execute           list_part -family xc7z020-clg400-1 
Execute             ap_family_info -name xc7z020-clg400-1 -data names 
Execute             ap_part_info -quiet -name xc7z020-clg400-1 -data family 
Execute         db_write -o /home/aa13231/Downloads/code/flash_attention_proj/solution1/.autopilot/db/flash_attention_hls.sched.adb -f 
INFO-FLOW: Finish scheduling flash_attention_hls.
Execute         set_default_model flash_attention_hls 
Execute         bind -model flash_attention_hls 
INFO: [BIND 205-100] Starting micro-architecture generation ...
INFO: [BIND 205-101] Performing variable lifetime analysis.
INFO: [BIND 205-101] Exploring resource sharing.
INFO: [BIND 205-101] Binding ...
INFO: [BIND 205-100] Finished micro-architecture generation.
INFO: [HLS 200-111] Finished Binding: CPU user time: 0.07 seconds. CPU system time: 0.01 seconds. Elapsed time: 0.09 seconds; current allocated memory: 398.527 MB.
Execute         syn_report -verbosereport -o /home/aa13231/Downloads/code/flash_attention_proj/solution1/.autopilot/db/flash_attention_hls.verbose.bind.rpt 
Execute           list_part -family xc7z020-clg400-1 
Execute             ap_family_info -name xc7z020-clg400-1 -data names 
Execute             ap_part_info -quiet -name xc7z020-clg400-1 -data family 
Execute         db_write -o /home/aa13231/Downloads/code/flash_attention_proj/solution1/.autopilot/db/flash_attention_hls.bind.adb -f 
INFO-FLOW: Finish binding flash_attention_hls.
Execute         get_model_list flash_attention_hls -filter all-wo-channel 
INFO-FLOW: Preprocessing for RTLGen ...
Execute         rtl_gen_preprocess flash_attention_hls_Pipeline_LOAD_Q_VITIS_LOOP_69_1 
Execute         rtl_gen_preprocess flash_attention_hls_Pipeline_VITIS_LOOP_80_2 
Execute         rtl_gen_preprocess flash_attention_hls_Pipeline_LOAD_KV_VITIS_LOOP_93_3 
Execute         rtl_gen_preprocess flash_attention_hls_Pipeline_SCORE_LOOP_I_SCORE_LOOP_J 
Execute         rtl_gen_preprocess flash_attention_hls_Pipeline_FIND_MAX 
Execute         rtl_gen_preprocess flash_attention_hls_Pipeline_VITIS_LOOP_160_4 
Execute         rtl_gen_preprocess flash_attention_hls_Pipeline_UPDATE_ACC 
Execute         rtl_gen_preprocess flash_attention_hls_Pipeline_STORE_O_VITIS_LOOP_188_5 
Execute         rtl_gen_preprocess flash_attention_hls 
INFO-FLOW: Model list for RTL generation: flash_attention_hls_Pipeline_LOAD_Q_VITIS_LOOP_69_1 flash_attention_hls_Pipeline_VITIS_LOOP_80_2 flash_attention_hls_Pipeline_LOAD_KV_VITIS_LOOP_93_3 flash_attention_hls_Pipeline_SCORE_LOOP_I_SCORE_LOOP_J flash_attention_hls_Pipeline_FIND_MAX flash_attention_hls_Pipeline_VITIS_LOOP_160_4 flash_attention_hls_Pipeline_UPDATE_ACC flash_attention_hls_Pipeline_STORE_O_VITIS_LOOP_188_5 flash_attention_hls
INFO: [HLS 200-10] ----------------------------------------------------------------
INFO: [HLS 200-10] -- Generating RTL for module 'flash_attention_hls_Pipeline_LOAD_Q_VITIS_LOOP_69_1' 
INFO: [HLS 200-10] ----------------------------------------------------------------
Execute         create_rtl_model flash_attention_hls_Pipeline_LOAD_Q_VITIS_LOOP_69_1 -top_prefix flash_attention_hls_ -sub_prefix flash_attention_hls_ -mg_file /home/aa13231/Downloads/code/flash_attention_proj/solution1/.autopilot/db/flash_attention_hls_Pipeline_LOAD_Q_VITIS_LOOP_69_1.compgen.tcl 
INFO: [HLS 200-1030] Apply Unified Pipeline Control on module 'flash_attention_hls_Pipeline_LOAD_Q_VITIS_LOOP_69_1' pipeline 'LOAD_Q_VITIS_LOOP_69_1' pipeline type 'loop pipeline'
INFO: [RTGEN 206-100] Finished creating RTL model for 'flash_attention_hls_Pipeline_LOAD_Q_VITIS_LOOP_69_1'.
INFO: [HLS 200-111] Finished Creating RTL model: CPU user time: 0.09 seconds. CPU system time: 0.01 seconds. Elapsed time: 0.12 seconds; current allocated memory: 398.527 MB.
Execute         source /home/aa13231/Downloads/code/flash_attention_proj/solution1/.autopilot/db/flash_attention_hls.rtl_wrap.cfg.tcl 
Execute         gen_rtl flash_attention_hls_Pipeline_LOAD_Q_VITIS_LOOP_69_1 -style xilinx -f -lang vhdl -o /home/aa13231/Downloads/code/flash_attention_proj/solution1/syn/vhdl/flash_attention_hls_flash_attention_hls_Pipeline_LOAD_Q_VITIS_LOOP_69_1 
Execute         gen_rtl flash_attention_hls_Pipeline_LOAD_Q_VITIS_LOOP_69_1 -style xilinx -f -lang vlog -o /home/aa13231/Downloads/code/flash_attention_proj/solution1/syn/verilog/flash_attention_hls_flash_attention_hls_Pipeline_LOAD_Q_VITIS_LOOP_69_1 
Execute         syn_report -csynth -model flash_attention_hls_Pipeline_LOAD_Q_VITIS_LOOP_69_1 -o /home/aa13231/Downloads/code/flash_attention_proj/solution1/syn/report/flash_attention_hls_Pipeline_LOAD_Q_VITIS_LOOP_69_1_csynth.rpt 
Execute           list_part -family xc7z020-clg400-1 
Execute             ap_family_info -name xc7z020-clg400-1 -data names 
Execute             ap_part_info -quiet -name xc7z020-clg400-1 -data family 
Execute         syn_report -rtlxml -model flash_attention_hls_Pipeline_LOAD_Q_VITIS_LOOP_69_1 -o /home/aa13231/Downloads/code/flash_attention_proj/solution1/syn/report/flash_attention_hls_Pipeline_LOAD_Q_VITIS_LOOP_69_1_csynth.xml 
Execute           list_part -family xc7z020-clg400-1 
Execute             ap_family_info -name xc7z020-clg400-1 -data names 
Execute             ap_part_info -quiet -name xc7z020-clg400-1 -data family 
Execute         syn_report -verbosereport -model flash_attention_hls_Pipeline_LOAD_Q_VITIS_LOOP_69_1 -o /home/aa13231/Downloads/code/flash_attention_proj/solution1/.autopilot/db/flash_attention_hls_Pipeline_LOAD_Q_VITIS_LOOP_69_1.verbose.rpt 
Execute           list_part -family xc7z020-clg400-1 
Execute             ap_family_info -name xc7z020-clg400-1 -data names 
Execute             ap_part_info -quiet -name xc7z020-clg400-1 -data family 
Execute         db_write -model flash_attention_hls_Pipeline_LOAD_Q_VITIS_LOOP_69_1 -f -o /home/aa13231/Downloads/code/flash_attention_proj/solution1/.autopilot/db/flash_attention_hls_Pipeline_LOAD_Q_VITIS_LOOP_69_1.adb 
Execute         db_write -model flash_attention_hls_Pipeline_LOAD_Q_VITIS_LOOP_69_1 -bindview -o /home/aa13231/Downloads/code/flash_attention_proj/solution1/.autopilot/db/design.bindinfo.xml 
Execute         gen_tb_info flash_attention_hls_Pipeline_LOAD_Q_VITIS_LOOP_69_1 -p /home/aa13231/Downloads/code/flash_attention_proj/solution1/.autopilot/db -o /home/aa13231/Downloads/code/flash_attention_proj/solution1/.autopilot/db/flash_attention_hls_Pipeline_LOAD_Q_VITIS_LOOP_69_1 
INFO: [HLS 200-10] ----------------------------------------------------------------
INFO: [HLS 200-10] -- Generating RTL for module 'flash_attention_hls_Pipeline_VITIS_LOOP_80_2' 
INFO: [HLS 200-10] ----------------------------------------------------------------
Execute         create_rtl_model flash_attention_hls_Pipeline_VITIS_LOOP_80_2 -top_prefix flash_attention_hls_ -sub_prefix flash_attention_hls_ -mg_file /home/aa13231/Downloads/code/flash_attention_proj/solution1/.autopilot/db/flash_attention_hls_Pipeline_VITIS_LOOP_80_2.compgen.tcl 
INFO: [RTGEN 206-100] Finished creating RTL model for 'flash_attention_hls_Pipeline_VITIS_LOOP_80_2'.
INFO: [HLS 200-111] Finished Creating RTL model: CPU user time: 0.08 seconds. CPU system time: 0.01 seconds. Elapsed time: 0.12 seconds; current allocated memory: 399.836 MB.
Execute         source /home/aa13231/Downloads/code/flash_attention_proj/solution1/.autopilot/db/flash_attention_hls.rtl_wrap.cfg.tcl 
Execute         gen_rtl flash_attention_hls_Pipeline_VITIS_LOOP_80_2 -style xilinx -f -lang vhdl -o /home/aa13231/Downloads/code/flash_attention_proj/solution1/syn/vhdl/flash_attention_hls_flash_attention_hls_Pipeline_VITIS_LOOP_80_2 
Execute         gen_rtl flash_attention_hls_Pipeline_VITIS_LOOP_80_2 -style xilinx -f -lang vlog -o /home/aa13231/Downloads/code/flash_attention_proj/solution1/syn/verilog/flash_attention_hls_flash_attention_hls_Pipeline_VITIS_LOOP_80_2 
Execute         syn_report -csynth -model flash_attention_hls_Pipeline_VITIS_LOOP_80_2 -o /home/aa13231/Downloads/code/flash_attention_proj/solution1/syn/report/flash_attention_hls_Pipeline_VITIS_LOOP_80_2_csynth.rpt 
Execute           list_part -family xc7z020-clg400-1 
Execute             ap_family_info -name xc7z020-clg400-1 -data names 
Execute             ap_part_info -quiet -name xc7z020-clg400-1 -data family 
Execute         syn_report -rtlxml -model flash_attention_hls_Pipeline_VITIS_LOOP_80_2 -o /home/aa13231/Downloads/code/flash_attention_proj/solution1/syn/report/flash_attention_hls_Pipeline_VITIS_LOOP_80_2_csynth.xml 
Execute           list_part -family xc7z020-clg400-1 
Execute             ap_family_info -name xc7z020-clg400-1 -data names 
Execute             ap_part_info -quiet -name xc7z020-clg400-1 -data family 
Execute         syn_report -verbosereport -model flash_attention_hls_Pipeline_VITIS_LOOP_80_2 -o /home/aa13231/Downloads/code/flash_attention_proj/solution1/.autopilot/db/flash_attention_hls_Pipeline_VITIS_LOOP_80_2.verbose.rpt 
Execute           list_part -family xc7z020-clg400-1 
Execute             ap_family_info -name xc7z020-clg400-1 -data names 
Execute             ap_part_info -quiet -name xc7z020-clg400-1 -data family 
Execute         db_write -model flash_attention_hls_Pipeline_VITIS_LOOP_80_2 -f -o /home/aa13231/Downloads/code/flash_attention_proj/solution1/.autopilot/db/flash_attention_hls_Pipeline_VITIS_LOOP_80_2.adb 
Execute         db_write -model flash_attention_hls_Pipeline_VITIS_LOOP_80_2 -bindview -o /home/aa13231/Downloads/code/flash_attention_proj/solution1/.autopilot/db/design.bindinfo.xml 
Execute         gen_tb_info flash_attention_hls_Pipeline_VITIS_LOOP_80_2 -p /home/aa13231/Downloads/code/flash_attention_proj/solution1/.autopilot/db -o /home/aa13231/Downloads/code/flash_attention_proj/solution1/.autopilot/db/flash_attention_hls_Pipeline_VITIS_LOOP_80_2 
INFO: [HLS 200-10] ----------------------------------------------------------------
INFO: [HLS 200-10] -- Generating RTL for module 'flash_attention_hls_Pipeline_LOAD_KV_VITIS_LOOP_93_3' 
INFO: [HLS 200-10] ----------------------------------------------------------------
Execute         create_rtl_model flash_attention_hls_Pipeline_LOAD_KV_VITIS_LOOP_93_3 -top_prefix flash_attention_hls_ -sub_prefix flash_attention_hls_ -mg_file /home/aa13231/Downloads/code/flash_attention_proj/solution1/.autopilot/db/flash_attention_hls_Pipeline_LOAD_KV_VITIS_LOOP_93_3.compgen.tcl 
INFO: [HLS 200-1030] Apply Unified Pipeline Control on module 'flash_attention_hls_Pipeline_LOAD_KV_VITIS_LOOP_93_3' pipeline 'LOAD_KV_VITIS_LOOP_93_3' pipeline type 'loop pipeline'
INFO: [RTGEN 206-100] Finished creating RTL model for 'flash_attention_hls_Pipeline_LOAD_KV_VITIS_LOOP_93_3'.
INFO: [HLS 200-111] Finished Creating RTL model: CPU user time: 0.07 seconds. CPU system time: 0.01 seconds. Elapsed time: 0.11 seconds; current allocated memory: 401.418 MB.
Execute         source /home/aa13231/Downloads/code/flash_attention_proj/solution1/.autopilot/db/flash_attention_hls.rtl_wrap.cfg.tcl 
Execute         gen_rtl flash_attention_hls_Pipeline_LOAD_KV_VITIS_LOOP_93_3 -style xilinx -f -lang vhdl -o /home/aa13231/Downloads/code/flash_attention_proj/solution1/syn/vhdl/flash_attention_hls_flash_attention_hls_Pipeline_LOAD_KV_VITIS_LOOP_93_3 
Execute         gen_rtl flash_attention_hls_Pipeline_LOAD_KV_VITIS_LOOP_93_3 -style xilinx -f -lang vlog -o /home/aa13231/Downloads/code/flash_attention_proj/solution1/syn/verilog/flash_attention_hls_flash_attention_hls_Pipeline_LOAD_KV_VITIS_LOOP_93_3 
Execute         syn_report -csynth -model flash_attention_hls_Pipeline_LOAD_KV_VITIS_LOOP_93_3 -o /home/aa13231/Downloads/code/flash_attention_proj/solution1/syn/report/flash_attention_hls_Pipeline_LOAD_KV_VITIS_LOOP_93_3_csynth.rpt 
Execute           list_part -family xc7z020-clg400-1 
Execute             ap_family_info -name xc7z020-clg400-1 -data names 
Execute             ap_part_info -quiet -name xc7z020-clg400-1 -data family 
Execute         syn_report -rtlxml -model flash_attention_hls_Pipeline_LOAD_KV_VITIS_LOOP_93_3 -o /home/aa13231/Downloads/code/flash_attention_proj/solution1/syn/report/flash_attention_hls_Pipeline_LOAD_KV_VITIS_LOOP_93_3_csynth.xml 
Execute           list_part -family xc7z020-clg400-1 
Execute             ap_family_info -name xc7z020-clg400-1 -data names 
Execute             ap_part_info -quiet -name xc7z020-clg400-1 -data family 
Execute         syn_report -verbosereport -model flash_attention_hls_Pipeline_LOAD_KV_VITIS_LOOP_93_3 -o /home/aa13231/Downloads/code/flash_attention_proj/solution1/.autopilot/db/flash_attention_hls_Pipeline_LOAD_KV_VITIS_LOOP_93_3.verbose.rpt 
Execute           list_part -family xc7z020-clg400-1 
Execute             ap_family_info -name xc7z020-clg400-1 -data names 
Execute             ap_part_info -quiet -name xc7z020-clg400-1 -data family 
Execute         db_write -model flash_attention_hls_Pipeline_LOAD_KV_VITIS_LOOP_93_3 -f -o /home/aa13231/Downloads/code/flash_attention_proj/solution1/.autopilot/db/flash_attention_hls_Pipeline_LOAD_KV_VITIS_LOOP_93_3.adb 
Execute         db_write -model flash_attention_hls_Pipeline_LOAD_KV_VITIS_LOOP_93_3 -bindview -o /home/aa13231/Downloads/code/flash_attention_proj/solution1/.autopilot/db/design.bindinfo.xml 
Execute         gen_tb_info flash_attention_hls_Pipeline_LOAD_KV_VITIS_LOOP_93_3 -p /home/aa13231/Downloads/code/flash_attention_proj/solution1/.autopilot/db -o /home/aa13231/Downloads/code/flash_attention_proj/solution1/.autopilot/db/flash_attention_hls_Pipeline_LOAD_KV_VITIS_LOOP_93_3 
INFO: [HLS 200-10] ----------------------------------------------------------------
INFO: [HLS 200-10] -- Generating RTL for module 'flash_attention_hls_Pipeline_SCORE_LOOP_I_SCORE_LOOP_J' 
INFO: [HLS 200-10] ----------------------------------------------------------------
Execute         create_rtl_model flash_attention_hls_Pipeline_SCORE_LOOP_I_SCORE_LOOP_J -top_prefix flash_attention_hls_ -sub_prefix flash_attention_hls_ -mg_file /home/aa13231/Downloads/code/flash_attention_proj/solution1/.autopilot/db/flash_attention_hls_Pipeline_SCORE_LOOP_I_SCORE_LOOP_J.compgen.tcl 
INFO: [HLS 200-1030] Apply Unified Pipeline Control on module 'flash_attention_hls_Pipeline_SCORE_LOOP_I_SCORE_LOOP_J' pipeline 'SCORE_LOOP_I_SCORE_LOOP_J' pipeline type 'loop pipeline'
INFO: [RTGEN 206-104] Estimated max fanout for 'flash_attention_hls_Pipeline_SCORE_LOOP_I_SCORE_LOOP_J' is 104862 from HDL expression: (1'b0 == ap_block_pp0_stage0_11001)
INFO: [RTGEN 206-100] Generating core module 'fadd_32ns_32ns_32_5_full_dsp_1': 31 instance(s).
INFO: [RTGEN 206-100] Generating core module 'faddfsub_32ns_32ns_32_5_full_dsp_1': 1 instance(s).
INFO: [RTGEN 206-100] Generating core module 'fmul_32ns_32ns_32_4_max_dsp_1': 33 instance(s).
INFO: [RTGEN 206-100] Finished creating RTL model for 'flash_attention_hls_Pipeline_SCORE_LOOP_I_SCORE_LOOP_J'.
Command         create_rtl_model done; 0.45 sec.
INFO: [HLS 200-111] Finished Creating RTL model: CPU user time: 0.48 seconds. CPU system time: 0.03 seconds. Elapsed time: 0.58 seconds; current allocated memory: 424.074 MB.
Execute         source /home/aa13231/Downloads/code/flash_attention_proj/solution1/.autopilot/db/flash_attention_hls.rtl_wrap.cfg.tcl 
Execute         gen_rtl flash_attention_hls_Pipeline_SCORE_LOOP_I_SCORE_LOOP_J -style xilinx -f -lang vhdl -o /home/aa13231/Downloads/code/flash_attention_proj/solution1/syn/vhdl/flash_attention_hls_flash_attention_hls_Pipeline_SCORE_LOOP_I_SCORE_LOOP_J 
Execute         gen_rtl flash_attention_hls_Pipeline_SCORE_LOOP_I_SCORE_LOOP_J -style xilinx -f -lang vlog -o /home/aa13231/Downloads/code/flash_attention_proj/solution1/syn/verilog/flash_attention_hls_flash_attention_hls_Pipeline_SCORE_LOOP_I_SCORE_LOOP_J 
Execute         syn_report -csynth -model flash_attention_hls_Pipeline_SCORE_LOOP_I_SCORE_LOOP_J -o /home/aa13231/Downloads/code/flash_attention_proj/solution1/syn/report/flash_attention_hls_Pipeline_SCORE_LOOP_I_SCORE_LOOP_J_csynth.rpt 
Execute           list_part -family xc7z020-clg400-1 
Execute             ap_family_info -name xc7z020-clg400-1 -data names 
Execute             ap_part_info -quiet -name xc7z020-clg400-1 -data family 
Execute         syn_report -rtlxml -model flash_attention_hls_Pipeline_SCORE_LOOP_I_SCORE_LOOP_J -o /home/aa13231/Downloads/code/flash_attention_proj/solution1/syn/report/flash_attention_hls_Pipeline_SCORE_LOOP_I_SCORE_LOOP_J_csynth.xml 
Execute           list_part -family xc7z020-clg400-1 
Execute             ap_family_info -name xc7z020-clg400-1 -data names 
Execute             ap_part_info -quiet -name xc7z020-clg400-1 -data family 
Execute         syn_report -verbosereport -model flash_attention_hls_Pipeline_SCORE_LOOP_I_SCORE_LOOP_J -o /home/aa13231/Downloads/code/flash_attention_proj/solution1/.autopilot/db/flash_attention_hls_Pipeline_SCORE_LOOP_I_SCORE_LOOP_J.verbose.rpt 
Execute           list_part -family xc7z020-clg400-1 
Execute             ap_family_info -name xc7z020-clg400-1 -data names 
Execute             ap_part_info -quiet -name xc7z020-clg400-1 -data family 
Execute         db_write -model flash_attention_hls_Pipeline_SCORE_LOOP_I_SCORE_LOOP_J -f -o /home/aa13231/Downloads/code/flash_attention_proj/solution1/.autopilot/db/flash_attention_hls_Pipeline_SCORE_LOOP_I_SCORE_LOOP_J.adb 
Execute         db_write -model flash_attention_hls_Pipeline_SCORE_LOOP_I_SCORE_LOOP_J -bindview -o /home/aa13231/Downloads/code/flash_attention_proj/solution1/.autopilot/db/design.bindinfo.xml 
Execute         gen_tb_info flash_attention_hls_Pipeline_SCORE_LOOP_I_SCORE_LOOP_J -p /home/aa13231/Downloads/code/flash_attention_proj/solution1/.autopilot/db -o /home/aa13231/Downloads/code/flash_attention_proj/solution1/.autopilot/db/flash_attention_hls_Pipeline_SCORE_LOOP_I_SCORE_LOOP_J 
INFO: [HLS 200-10] ----------------------------------------------------------------
INFO: [HLS 200-10] -- Generating RTL for module 'flash_attention_hls_Pipeline_FIND_MAX' 
INFO: [HLS 200-10] ----------------------------------------------------------------
Execute         create_rtl_model flash_attention_hls_Pipeline_FIND_MAX -top_prefix flash_attention_hls_ -sub_prefix flash_attention_hls_ -mg_file /home/aa13231/Downloads/code/flash_attention_proj/solution1/.autopilot/db/flash_attention_hls_Pipeline_FIND_MAX.compgen.tcl 
INFO: [HLS 200-1030] Apply Unified Pipeline Control on module 'flash_attention_hls_Pipeline_FIND_MAX' pipeline 'FIND_MAX' pipeline type 'loop pipeline'
INFO: [RTGEN 206-100] Generating core module 'fcmp_32ns_32ns_1_2_no_dsp_1': 1 instance(s).
INFO: [RTGEN 206-100] Finished creating RTL model for 'flash_attention_hls_Pipeline_FIND_MAX'.
INFO: [HLS 200-111] Finished Creating RTL model: CPU user time: 0.36 seconds. CPU system time: 0.03 seconds. Elapsed time: 0.45 seconds; current allocated memory: 430.805 MB.
Execute         source /home/aa13231/Downloads/code/flash_attention_proj/solution1/.autopilot/db/flash_attention_hls.rtl_wrap.cfg.tcl 
Execute         gen_rtl flash_attention_hls_Pipeline_FIND_MAX -style xilinx -f -lang vhdl -o /home/aa13231/Downloads/code/flash_attention_proj/solution1/syn/vhdl/flash_attention_hls_flash_attention_hls_Pipeline_FIND_MAX 
Execute         gen_rtl flash_attention_hls_Pipeline_FIND_MAX -style xilinx -f -lang vlog -o /home/aa13231/Downloads/code/flash_attention_proj/solution1/syn/verilog/flash_attention_hls_flash_attention_hls_Pipeline_FIND_MAX 
Execute         syn_report -csynth -model flash_attention_hls_Pipeline_FIND_MAX -o /home/aa13231/Downloads/code/flash_attention_proj/solution1/syn/report/flash_attention_hls_Pipeline_FIND_MAX_csynth.rpt 
Execute           list_part -family xc7z020-clg400-1 
Execute             ap_family_info -name xc7z020-clg400-1 -data names 
Execute             ap_part_info -quiet -name xc7z020-clg400-1 -data family 
Execute         syn_report -rtlxml -model flash_attention_hls_Pipeline_FIND_MAX -o /home/aa13231/Downloads/code/flash_attention_proj/solution1/syn/report/flash_attention_hls_Pipeline_FIND_MAX_csynth.xml 
Execute           list_part -family xc7z020-clg400-1 
Execute             ap_family_info -name xc7z020-clg400-1 -data names 
Execute             ap_part_info -quiet -name xc7z020-clg400-1 -data family 
Execute         syn_report -verbosereport -model flash_attention_hls_Pipeline_FIND_MAX -o /home/aa13231/Downloads/code/flash_attention_proj/solution1/.autopilot/db/flash_attention_hls_Pipeline_FIND_MAX.verbose.rpt 
Execute           list_part -family xc7z020-clg400-1 
Execute             ap_family_info -name xc7z020-clg400-1 -data names 
Execute             ap_part_info -quiet -name xc7z020-clg400-1 -data family 
Execute         db_write -model flash_attention_hls_Pipeline_FIND_MAX -f -o /home/aa13231/Downloads/code/flash_attention_proj/solution1/.autopilot/db/flash_attention_hls_Pipeline_FIND_MAX.adb 
Execute         db_write -model flash_attention_hls_Pipeline_FIND_MAX -bindview -o /home/aa13231/Downloads/code/flash_attention_proj/solution1/.autopilot/db/design.bindinfo.xml 
Execute         gen_tb_info flash_attention_hls_Pipeline_FIND_MAX -p /home/aa13231/Downloads/code/flash_attention_proj/solution1/.autopilot/db -o /home/aa13231/Downloads/code/flash_attention_proj/solution1/.autopilot/db/flash_attention_hls_Pipeline_FIND_MAX 
INFO: [HLS 200-10] ----------------------------------------------------------------
INFO: [HLS 200-10] -- Generating RTL for module 'flash_attention_hls_Pipeline_VITIS_LOOP_160_4' 
INFO: [HLS 200-10] ----------------------------------------------------------------
Execute         create_rtl_model flash_attention_hls_Pipeline_VITIS_LOOP_160_4 -top_prefix flash_attention_hls_ -sub_prefix flash_attention_hls_ -mg_file /home/aa13231/Downloads/code/flash_attention_proj/solution1/.autopilot/db/flash_attention_hls_Pipeline_VITIS_LOOP_160_4.compgen.tcl 
INFO: [HLS 200-1030] Apply Unified Pipeline Control on module 'flash_attention_hls_Pipeline_VITIS_LOOP_160_4' pipeline 'VITIS_LOOP_160_4' pipeline type 'loop pipeline'
INFO: [RTGEN 206-100] Generating core module 'fadd_32ns_32ns_32_5_full_dsp_1': 4 instance(s).
INFO: [RTGEN 206-100] Generating core module 'fmul_32ns_32ns_32_4_max_dsp_1': 4 instance(s).
INFO: [RTGEN 206-100] Finished creating RTL model for 'flash_attention_hls_Pipeline_VITIS_LOOP_160_4'.
INFO: [HLS 200-111] Finished Creating RTL model: CPU user time: 0.09 seconds. CPU system time: 0.01 seconds. Elapsed time: 0.14 seconds; current allocated memory: 430.805 MB.
Execute         source /home/aa13231/Downloads/code/flash_attention_proj/solution1/.autopilot/db/flash_attention_hls.rtl_wrap.cfg.tcl 
Execute         gen_rtl flash_attention_hls_Pipeline_VITIS_LOOP_160_4 -style xilinx -f -lang vhdl -o /home/aa13231/Downloads/code/flash_attention_proj/solution1/syn/vhdl/flash_attention_hls_flash_attention_hls_Pipeline_VITIS_LOOP_160_4 
Execute         gen_rtl flash_attention_hls_Pipeline_VITIS_LOOP_160_4 -style xilinx -f -lang vlog -o /home/aa13231/Downloads/code/flash_attention_proj/solution1/syn/verilog/flash_attention_hls_flash_attention_hls_Pipeline_VITIS_LOOP_160_4 
Execute         syn_report -csynth -model flash_attention_hls_Pipeline_VITIS_LOOP_160_4 -o /home/aa13231/Downloads/code/flash_attention_proj/solution1/syn/report/flash_attention_hls_Pipeline_VITIS_LOOP_160_4_csynth.rpt 
Execute           list_part -family xc7z020-clg400-1 
Execute             ap_family_info -name xc7z020-clg400-1 -data names 
Execute             ap_part_info -quiet -name xc7z020-clg400-1 -data family 
Execute         syn_report -rtlxml -model flash_attention_hls_Pipeline_VITIS_LOOP_160_4 -o /home/aa13231/Downloads/code/flash_attention_proj/solution1/syn/report/flash_attention_hls_Pipeline_VITIS_LOOP_160_4_csynth.xml 
Execute           list_part -family xc7z020-clg400-1 
Execute             ap_family_info -name xc7z020-clg400-1 -data names 
Execute             ap_part_info -quiet -name xc7z020-clg400-1 -data family 
Execute         syn_report -verbosereport -model flash_attention_hls_Pipeline_VITIS_LOOP_160_4 -o /home/aa13231/Downloads/code/flash_attention_proj/solution1/.autopilot/db/flash_attention_hls_Pipeline_VITIS_LOOP_160_4.verbose.rpt 
Execute           list_part -family xc7z020-clg400-1 
Execute             ap_family_info -name xc7z020-clg400-1 -data names 
Execute             ap_part_info -quiet -name xc7z020-clg400-1 -data family 
Execute         db_write -model flash_attention_hls_Pipeline_VITIS_LOOP_160_4 -f -o /home/aa13231/Downloads/code/flash_attention_proj/solution1/.autopilot/db/flash_attention_hls_Pipeline_VITIS_LOOP_160_4.adb 
Execute         db_write -model flash_attention_hls_Pipeline_VITIS_LOOP_160_4 -bindview -o /home/aa13231/Downloads/code/flash_attention_proj/solution1/.autopilot/db/design.bindinfo.xml 
Execute         gen_tb_info flash_attention_hls_Pipeline_VITIS_LOOP_160_4 -p /home/aa13231/Downloads/code/flash_attention_proj/solution1/.autopilot/db -o /home/aa13231/Downloads/code/flash_attention_proj/solution1/.autopilot/db/flash_attention_hls_Pipeline_VITIS_LOOP_160_4 
INFO: [HLS 200-10] ----------------------------------------------------------------
INFO: [HLS 200-10] -- Generating RTL for module 'flash_attention_hls_Pipeline_UPDATE_ACC' 
INFO: [HLS 200-10] ----------------------------------------------------------------
Execute         create_rtl_model flash_attention_hls_Pipeline_UPDATE_ACC -top_prefix flash_attention_hls_ -sub_prefix flash_attention_hls_ -mg_file /home/aa13231/Downloads/code/flash_attention_proj/solution1/.autopilot/db/flash_attention_hls_Pipeline_UPDATE_ACC.compgen.tcl 
INFO: [HLS 200-1030] Apply Unified Pipeline Control on module 'flash_attention_hls_Pipeline_UPDATE_ACC' pipeline 'UPDATE_ACC' pipeline type 'loop pipeline'
INFO: [RTGEN 206-100] Generating core module 'fadd_32ns_32ns_32_5_full_dsp_1': 4 instance(s).
INFO: [RTGEN 206-100] Generating core module 'fdiv_32ns_32ns_32_16_no_dsp_1': 4 instance(s).
INFO: [RTGEN 206-100] Generating core module 'fmul_32ns_32ns_32_4_max_dsp_1': 4 instance(s).
INFO: [RTGEN 206-100] Finished creating RTL model for 'flash_attention_hls_Pipeline_UPDATE_ACC'.
INFO: [HLS 200-111] Finished Creating RTL model: CPU user time: 0.1 seconds. CPU system time: 0.02 seconds. Elapsed time: 0.16 seconds; current allocated memory: 433.125 MB.
Execute         source /home/aa13231/Downloads/code/flash_attention_proj/solution1/.autopilot/db/flash_attention_hls.rtl_wrap.cfg.tcl 
Execute         gen_rtl flash_attention_hls_Pipeline_UPDATE_ACC -style xilinx -f -lang vhdl -o /home/aa13231/Downloads/code/flash_attention_proj/solution1/syn/vhdl/flash_attention_hls_flash_attention_hls_Pipeline_UPDATE_ACC 
Execute         gen_rtl flash_attention_hls_Pipeline_UPDATE_ACC -style xilinx -f -lang vlog -o /home/aa13231/Downloads/code/flash_attention_proj/solution1/syn/verilog/flash_attention_hls_flash_attention_hls_Pipeline_UPDATE_ACC 
Execute         syn_report -csynth -model flash_attention_hls_Pipeline_UPDATE_ACC -o /home/aa13231/Downloads/code/flash_attention_proj/solution1/syn/report/flash_attention_hls_Pipeline_UPDATE_ACC_csynth.rpt 
Execute           list_part -family xc7z020-clg400-1 
Execute             ap_family_info -name xc7z020-clg400-1 -data names 
Execute             ap_part_info -quiet -name xc7z020-clg400-1 -data family 
Execute         syn_report -rtlxml -model flash_attention_hls_Pipeline_UPDATE_ACC -o /home/aa13231/Downloads/code/flash_attention_proj/solution1/syn/report/flash_attention_hls_Pipeline_UPDATE_ACC_csynth.xml 
Execute           list_part -family xc7z020-clg400-1 
Execute             ap_family_info -name xc7z020-clg400-1 -data names 
Execute             ap_part_info -quiet -name xc7z020-clg400-1 -data family 
Execute         syn_report -verbosereport -model flash_attention_hls_Pipeline_UPDATE_ACC -o /home/aa13231/Downloads/code/flash_attention_proj/solution1/.autopilot/db/flash_attention_hls_Pipeline_UPDATE_ACC.verbose.rpt 
Execute           list_part -family xc7z020-clg400-1 
Execute             ap_family_info -name xc7z020-clg400-1 -data names 
Execute             ap_part_info -quiet -name xc7z020-clg400-1 -data family 
Execute         db_write -model flash_attention_hls_Pipeline_UPDATE_ACC -f -o /home/aa13231/Downloads/code/flash_attention_proj/solution1/.autopilot/db/flash_attention_hls_Pipeline_UPDATE_ACC.adb 
Execute         db_write -model flash_attention_hls_Pipeline_UPDATE_ACC -bindview -o /home/aa13231/Downloads/code/flash_attention_proj/solution1/.autopilot/db/design.bindinfo.xml 
Execute         gen_tb_info flash_attention_hls_Pipeline_UPDATE_ACC -p /home/aa13231/Downloads/code/flash_attention_proj/solution1/.autopilot/db -o /home/aa13231/Downloads/code/flash_attention_proj/solution1/.autopilot/db/flash_attention_hls_Pipeline_UPDATE_ACC 
INFO: [HLS 200-10] ----------------------------------------------------------------
INFO: [HLS 200-10] -- Generating RTL for module 'flash_attention_hls_Pipeline_STORE_O_VITIS_LOOP_188_5' 
INFO: [HLS 200-10] ----------------------------------------------------------------
Execute         create_rtl_model flash_attention_hls_Pipeline_STORE_O_VITIS_LOOP_188_5 -top_prefix flash_attention_hls_ -sub_prefix flash_attention_hls_ -mg_file /home/aa13231/Downloads/code/flash_attention_proj/solution1/.autopilot/db/flash_attention_hls_Pipeline_STORE_O_VITIS_LOOP_188_5.compgen.tcl 
INFO: [HLS 200-1030] Apply Unified Pipeline Control on module 'flash_attention_hls_Pipeline_STORE_O_VITIS_LOOP_188_5' pipeline 'STORE_O_VITIS_LOOP_188_5' pipeline type 'loop pipeline'
INFO: [RTGEN 206-100] Generating core module 'sparsemux_9_2_32_1_1': 1 instance(s).
INFO: [RTGEN 206-100] Finished creating RTL model for 'flash_attention_hls_Pipeline_STORE_O_VITIS_LOOP_188_5'.
INFO: [HLS 200-111] Finished Creating RTL model: CPU user time: 0.1 seconds. CPU system time: 0.02 seconds. Elapsed time: 0.16 seconds; current allocated memory: 435.461 MB.
Execute         source /home/aa13231/Downloads/code/flash_attention_proj/solution1/.autopilot/db/flash_attention_hls.rtl_wrap.cfg.tcl 
Execute         gen_rtl flash_attention_hls_Pipeline_STORE_O_VITIS_LOOP_188_5 -style xilinx -f -lang vhdl -o /home/aa13231/Downloads/code/flash_attention_proj/solution1/syn/vhdl/flash_attention_hls_flash_attention_hls_Pipeline_STORE_O_VITIS_LOOP_188_5 
Execute         gen_rtl flash_attention_hls_Pipeline_STORE_O_VITIS_LOOP_188_5 -style xilinx -f -lang vlog -o /home/aa13231/Downloads/code/flash_attention_proj/solution1/syn/verilog/flash_attention_hls_flash_attention_hls_Pipeline_STORE_O_VITIS_LOOP_188_5 
Execute         syn_report -csynth -model flash_attention_hls_Pipeline_STORE_O_VITIS_LOOP_188_5 -o /home/aa13231/Downloads/code/flash_attention_proj/solution1/syn/report/flash_attention_hls_Pipeline_STORE_O_VITIS_LOOP_188_5_csynth.rpt 
Execute           list_part -family xc7z020-clg400-1 
Execute             ap_family_info -name xc7z020-clg400-1 -data names 
Execute             ap_part_info -quiet -name xc7z020-clg400-1 -data family 
Execute         syn_report -rtlxml -model flash_attention_hls_Pipeline_STORE_O_VITIS_LOOP_188_5 -o /home/aa13231/Downloads/code/flash_attention_proj/solution1/syn/report/flash_attention_hls_Pipeline_STORE_O_VITIS_LOOP_188_5_csynth.xml 
Execute           list_part -family xc7z020-clg400-1 
Execute             ap_family_info -name xc7z020-clg400-1 -data names 
Execute             ap_part_info -quiet -name xc7z020-clg400-1 -data family 
Execute         syn_report -verbosereport -model flash_attention_hls_Pipeline_STORE_O_VITIS_LOOP_188_5 -o /home/aa13231/Downloads/code/flash_attention_proj/solution1/.autopilot/db/flash_attention_hls_Pipeline_STORE_O_VITIS_LOOP_188_5.verbose.rpt 
Execute           list_part -family xc7z020-clg400-1 
Execute             ap_family_info -name xc7z020-clg400-1 -data names 
Execute             ap_part_info -quiet -name xc7z020-clg400-1 -data family 
Execute         db_write -model flash_attention_hls_Pipeline_STORE_O_VITIS_LOOP_188_5 -f -o /home/aa13231/Downloads/code/flash_attention_proj/solution1/.autopilot/db/flash_attention_hls_Pipeline_STORE_O_VITIS_LOOP_188_5.adb 
Execute         db_write -model flash_attention_hls_Pipeline_STORE_O_VITIS_LOOP_188_5 -bindview -o /home/aa13231/Downloads/code/flash_attention_proj/solution1/.autopilot/db/design.bindinfo.xml 
Execute         gen_tb_info flash_attention_hls_Pipeline_STORE_O_VITIS_LOOP_188_5 -p /home/aa13231/Downloads/code/flash_attention_proj/solution1/.autopilot/db -o /home/aa13231/Downloads/code/flash_attention_proj/solution1/.autopilot/db/flash_attention_hls_Pipeline_STORE_O_VITIS_LOOP_188_5 
INFO: [HLS 200-10] ----------------------------------------------------------------
INFO: [HLS 200-10] -- Generating RTL for module 'flash_attention_hls' 
INFO: [HLS 200-10] ----------------------------------------------------------------
Execute         create_rtl_model flash_attention_hls -top_prefix  -sub_prefix flash_attention_hls_ -mg_file /home/aa13231/Downloads/code/flash_attention_proj/solution1/.autopilot/db/flash_attention_hls.compgen.tcl 
WARNING: [RTGEN 206-101] Design contains AXI ports. Reset is fixed to synchronous and active low.
INFO: [RTGEN 206-500] Setting interface mode on port 'flash_attention_hls/gmem0' to 'm_axi'.
INFO: [RTGEN 206-500] Setting interface mode on port 'flash_attention_hls/gmem1' to 'm_axi'.
INFO: [RTGEN 206-500] Setting interface mode on port 'flash_attention_hls/gmem2' to 'm_axi'.
INFO: [RTGEN 206-500] Setting interface mode on port 'flash_attention_hls/gmem3' to 'm_axi'.
INFO: [RTGEN 206-500] Setting interface mode on port 'flash_attention_hls/Q' to 's_axilite & ap_none'.
INFO: [RTGEN 206-500] Setting interface mode on port 'flash_attention_hls/K' to 's_axilite & ap_none'.
INFO: [RTGEN 206-500] Setting interface mode on port 'flash_attention_hls/V' to 's_axilite & ap_none'.
INFO: [RTGEN 206-500] Setting interface mode on port 'flash_attention_hls/O' to 's_axilite & ap_none'.
INFO: [RTGEN 206-500] Setting interface mode on port 'flash_attention_hls/N' to 's_axilite & ap_none'.
INFO: [RTGEN 206-500] Setting interface mode on port 'flash_attention_hls/d' to 's_axilite & ap_none'.
INFO: [RTGEN 206-500] Setting interface mode on port 'flash_attention_hls/causal' to 's_axilite & ap_none'.
INFO: [RTGEN 206-500] Setting interface mode on function 'flash_attention_hls' to 's_axilite & ap_ctrl_hs'.
INFO: [RTGEN 206-100] Bundling port 'Q', 'K', 'V', 'O', 'N', 'd', 'causal' to AXI-Lite port ctrl.
INFO: [RTGEN 206-100] Generating core module 'fadd_32ns_32ns_32_5_full_dsp_1': 4 instance(s).
INFO: [RTGEN 206-100] Generating core module 'faddfsub_32ns_32ns_32_5_full_dsp_1': 1 instance(s).
INFO: [RTGEN 206-100] Generating core module 'fcmp_32ns_32ns_1_2_no_dsp_1': 1 instance(s).
INFO: [RTGEN 206-100] Generating core module 'fdiv_32ns_32ns_32_16_no_dsp_1': 1 instance(s).
INFO: [RTGEN 206-100] Generating core module 'fexp_32ns_32ns_32_10_full_dsp_1': 1 instance(s).
INFO: [RTGEN 206-100] Generating core module 'fmul_32ns_32ns_32_4_max_dsp_1': 4 instance(s).
INFO: [RTGEN 206-100] Generating core module 'fsqrt_32ns_32ns_32_16_no_dsp_1': 1 instance(s).
INFO: [RTGEN 206-100] Generating core module 'mul_32ns_32ns_63_2_1': 1 instance(s).
INFO: [RTGEN 206-100] Generating core module 'mul_32ns_32ns_64_2_1': 1 instance(s).
INFO: [RTGEN 206-100] Generating core module 'sitofp_32ns_32_6_no_dsp_1': 1 instance(s).
INFO: [RTGEN 206-100] Finished creating RTL model for 'flash_attention_hls'.
INFO: [RTMG 210-278] Implementing memory 'flash_attention_hls_Qbuf_RAM_1WNR_AUTO_1R1W' using auto RAMs.
INFO: [RTMG 210-278] Implementing memory 'flash_attention_hls_Vbuf_RAM_AUTO_1R1W' using auto RAMs.
INFO: [RTMG 210-278] Implementing memory 'flash_attention_hls_acc_RAM_AUTO_1R1W' using auto RAMs.
INFO: [RTMG 210-278] Implementing memory 'flash_attention_hls_m_RAM_AUTO_1R1W' using auto RAMs.
INFO: [RTMG 210-278] Implementing memory 'flash_attention_hls_weighted_RAM_AUTO_1R1W' using auto RAMs.
Command         create_rtl_model done; 0.43 sec.
INFO: [HLS 200-111] Finished Creating RTL model: CPU user time: 0.27 seconds. CPU system time: 0.05 seconds. Elapsed time: 0.53 seconds; current allocated memory: 444.949 MB.
Execute         source /home/aa13231/Downloads/code/flash_attention_proj/solution1/.autopilot/db/flash_attention_hls.rtl_wrap.cfg.tcl 
Execute         gen_rtl flash_attention_hls -istop -style xilinx -f -lang vhdl -o /home/aa13231/Downloads/code/flash_attention_proj/solution1/syn/vhdl/flash_attention_hls 
Execute         gen_rtl flash_attention_hls -istop -style xilinx -f -lang vlog -o /home/aa13231/Downloads/code/flash_attention_proj/solution1/syn/verilog/flash_attention_hls 
Execute         syn_report -csynth -model flash_attention_hls -o /home/aa13231/Downloads/code/flash_attention_proj/solution1/syn/report/flash_attention_hls_csynth.rpt 
Execute           list_part -family xc7z020-clg400-1 
Execute             ap_family_info -name xc7z020-clg400-1 -data names 
Execute             ap_part_info -quiet -name xc7z020-clg400-1 -data family 
Execute         syn_report -rtlxml -model flash_attention_hls -o /home/aa13231/Downloads/code/flash_attention_proj/solution1/syn/report/flash_attention_hls_csynth.xml 
Execute           list_part -family xc7z020-clg400-1 
Execute             ap_family_info -name xc7z020-clg400-1 -data names 
Execute             ap_part_info -quiet -name xc7z020-clg400-1 -data family 
Execute         syn_report -verbosereport -model flash_attention_hls -o /home/aa13231/Downloads/code/flash_attention_proj/solution1/.autopilot/db/flash_attention_hls.verbose.rpt 
Execute           list_part -family xc7z020-clg400-1 
Execute             ap_family_info -name xc7z020-clg400-1 -data names 
Execute             ap_part_info -quiet -name xc7z020-clg400-1 -data family 
Execute         db_write -model flash_attention_hls -f -o /home/aa13231/Downloads/code/flash_attention_proj/solution1/.autopilot/db/flash_attention_hls.adb 
Execute         db_write -model flash_attention_hls -bindview -o /home/aa13231/Downloads/code/flash_attention_proj/solution1/.autopilot/db/design.bindinfo.xml 
Execute         gen_tb_info flash_attention_hls -p /home/aa13231/Downloads/code/flash_attention_proj/solution1/.autopilot/db -o /home/aa13231/Downloads/code/flash_attention_proj/solution1/.autopilot/db/flash_attention_hls 
Execute         export_constraint_db -f -tool general -o /home/aa13231/Downloads/code/flash_attention_proj/solution1/.autopilot/db/flash_attention_hls.constraint.tcl 
Execute         syn_report -designview -model flash_attention_hls -o /home/aa13231/Downloads/code/flash_attention_proj/solution1/.autopilot/db/flash_attention_hls.design.xml 
Execute         syn_report -csynthDesign -model flash_attention_hls -o /home/aa13231/Downloads/code/flash_attention_proj/solution1/syn/report/csynth.rpt -MHOut /home/aa13231/Downloads/code/flash_attention_proj/solution1/.autopilot/db/kernel_module_hierarchy.tcl 
Execute           list_part -family xc7z020-clg400-1 
Execute             ap_family_info -name xc7z020-clg400-1 -data names 
Execute             ap_part_info -quiet -name xc7z020-clg400-1 -data family 
Execute         syn_report -wcfg -model flash_attention_hls -o /home/aa13231/Downloads/code/flash_attention_proj/solution1/.autopilot/db/flash_attention_hls_dataflow_ana.wcfg 
Execute         syn_report -protoinst -model flash_attention_hls -o /home/aa13231/Downloads/code/flash_attention_proj/solution1/.autopilot/db/flash_attention_hls.protoinst 
Execute         sc_get_clocks flash_attention_hls 
Execute         sc_get_portdomain flash_attention_hls 
INFO-FLOW: Model list for RTL component generation: flash_attention_hls_Pipeline_LOAD_Q_VITIS_LOOP_69_1 flash_attention_hls_Pipeline_VITIS_LOOP_80_2 flash_attention_hls_Pipeline_LOAD_KV_VITIS_LOOP_93_3 flash_attention_hls_Pipeline_SCORE_LOOP_I_SCORE_LOOP_J flash_attention_hls_Pipeline_FIND_MAX flash_attention_hls_Pipeline_VITIS_LOOP_160_4 flash_attention_hls_Pipeline_UPDATE_ACC flash_attention_hls_Pipeline_STORE_O_VITIS_LOOP_188_5 flash_attention_hls
INFO-FLOW: Handling components in module [flash_attention_hls_Pipeline_LOAD_Q_VITIS_LOOP_69_1] ... 
Execute         source /home/aa13231/Downloads/code/flash_attention_proj/solution1/.autopilot/db/flash_attention_hls_Pipeline_LOAD_Q_VITIS_LOOP_69_1.compgen.tcl 
INFO-FLOW: Found component flash_attention_hls_flow_control_loop_pipe_sequential_init.
INFO-FLOW: Append model flash_attention_hls_flow_control_loop_pipe_sequential_init
INFO-FLOW: Handling components in module [flash_attention_hls_Pipeline_VITIS_LOOP_80_2] ... 
Execute         source /home/aa13231/Downloads/code/flash_attention_proj/solution1/.autopilot/db/flash_attention_hls_Pipeline_VITIS_LOOP_80_2.compgen.tcl 
INFO-FLOW: Found component flash_attention_hls_flow_control_loop_pipe_sequential_init.
INFO-FLOW: Append model flash_attention_hls_flow_control_loop_pipe_sequential_init
INFO-FLOW: Handling components in module [flash_attention_hls_Pipeline_LOAD_KV_VITIS_LOOP_93_3] ... 
Execute         source /home/aa13231/Downloads/code/flash_attention_proj/solution1/.autopilot/db/flash_attention_hls_Pipeline_LOAD_KV_VITIS_LOOP_93_3.compgen.tcl 
INFO-FLOW: Found component flash_attention_hls_flow_control_loop_pipe_sequential_init.
INFO-FLOW: Append model flash_attention_hls_flow_control_loop_pipe_sequential_init
INFO-FLOW: Handling components in module [flash_attention_hls_Pipeline_SCORE_LOOP_I_SCORE_LOOP_J] ... 
Execute         source /home/aa13231/Downloads/code/flash_attention_proj/solution1/.autopilot/db/flash_attention_hls_Pipeline_SCORE_LOOP_I_SCORE_LOOP_J.compgen.tcl 
INFO-FLOW: Found component flash_attention_hls_fadd_32ns_32ns_32_5_full_dsp_1.
INFO-FLOW: Append model flash_attention_hls_fadd_32ns_32ns_32_5_full_dsp_1
INFO-FLOW: Found component flash_attention_hls_fmul_32ns_32ns_32_4_max_dsp_1.
INFO-FLOW: Append model flash_attention_hls_fmul_32ns_32ns_32_4_max_dsp_1
INFO-FLOW: Found component flash_attention_hls_flow_control_loop_pipe_sequential_init.
INFO-FLOW: Append model flash_attention_hls_flow_control_loop_pipe_sequential_init
INFO-FLOW: Handling components in module [flash_attention_hls_Pipeline_FIND_MAX] ... 
Execute         source /home/aa13231/Downloads/code/flash_attention_proj/solution1/.autopilot/db/flash_attention_hls_Pipeline_FIND_MAX.compgen.tcl 
INFO-FLOW: Found component flash_attention_hls_flow_control_loop_pipe_sequential_init.
INFO-FLOW: Append model flash_attention_hls_flow_control_loop_pipe_sequential_init
INFO-FLOW: Handling components in module [flash_attention_hls_Pipeline_VITIS_LOOP_160_4] ... 
Execute         source /home/aa13231/Downloads/code/flash_attention_proj/solution1/.autopilot/db/flash_attention_hls_Pipeline_VITIS_LOOP_160_4.compgen.tcl 
INFO-FLOW: Found component flash_attention_hls_flow_control_loop_pipe_sequential_init.
INFO-FLOW: Append model flash_attention_hls_flow_control_loop_pipe_sequential_init
INFO-FLOW: Handling components in module [flash_attention_hls_Pipeline_UPDATE_ACC] ... 
Execute         source /home/aa13231/Downloads/code/flash_attention_proj/solution1/.autopilot/db/flash_attention_hls_Pipeline_UPDATE_ACC.compgen.tcl 
INFO-FLOW: Found component flash_attention_hls_fdiv_32ns_32ns_32_16_no_dsp_1.
INFO-FLOW: Append model flash_attention_hls_fdiv_32ns_32ns_32_16_no_dsp_1
INFO-FLOW: Found component flash_attention_hls_flow_control_loop_pipe_sequential_init.
INFO-FLOW: Append model flash_attention_hls_flow_control_loop_pipe_sequential_init
INFO-FLOW: Handling components in module [flash_attention_hls_Pipeline_STORE_O_VITIS_LOOP_188_5] ... 
Execute         source /home/aa13231/Downloads/code/flash_attention_proj/solution1/.autopilot/db/flash_attention_hls_Pipeline_STORE_O_VITIS_LOOP_188_5.compgen.tcl 
INFO-FLOW: Found component flash_attention_hls_sparsemux_9_2_32_1_1.
INFO-FLOW: Append model flash_attention_hls_sparsemux_9_2_32_1_1
INFO-FLOW: Found component flash_attention_hls_flow_control_loop_pipe_sequential_init.
INFO-FLOW: Append model flash_attention_hls_flow_control_loop_pipe_sequential_init
INFO-FLOW: Handling components in module [flash_attention_hls] ... 
Execute         source /home/aa13231/Downloads/code/flash_attention_proj/solution1/.autopilot/db/flash_attention_hls.compgen.tcl 
INFO-FLOW: Found component flash_attention_hls_faddfsub_32ns_32ns_32_5_full_dsp_1.
INFO-FLOW: Append model flash_attention_hls_faddfsub_32ns_32ns_32_5_full_dsp_1
INFO-FLOW: Found component flash_attention_hls_fmul_32ns_32ns_32_4_max_dsp_1.
INFO-FLOW: Append model flash_attention_hls_fmul_32ns_32ns_32_4_max_dsp_1
INFO-FLOW: Found component flash_attention_hls_fdiv_32ns_32ns_32_16_no_dsp_1.
INFO-FLOW: Append model flash_attention_hls_fdiv_32ns_32ns_32_16_no_dsp_1
INFO-FLOW: Found component flash_attention_hls_sitofp_32ns_32_6_no_dsp_1.
INFO-FLOW: Append model flash_attention_hls_sitofp_32ns_32_6_no_dsp_1
INFO-FLOW: Found component flash_attention_hls_fcmp_32ns_32ns_1_2_no_dsp_1.
INFO-FLOW: Append model flash_attention_hls_fcmp_32ns_32ns_1_2_no_dsp_1
INFO-FLOW: Found component flash_attention_hls_fsqrt_32ns_32ns_32_16_no_dsp_1.
INFO-FLOW: Append model flash_attention_hls_fsqrt_32ns_32ns_32_16_no_dsp_1
INFO-FLOW: Found component flash_attention_hls_fexp_32ns_32ns_32_10_full_dsp_1.
INFO-FLOW: Append model flash_attention_hls_fexp_32ns_32ns_32_10_full_dsp_1
INFO-FLOW: Found component flash_attention_hls_mul_32ns_32ns_63_2_1.
INFO-FLOW: Append model flash_attention_hls_mul_32ns_32ns_63_2_1
INFO-FLOW: Found component flash_attention_hls_mul_32ns_32ns_64_2_1.
INFO-FLOW: Append model flash_attention_hls_mul_32ns_32ns_64_2_1
INFO-FLOW: Found component flash_attention_hls_fadd_32ns_32ns_32_5_full_dsp_1.
INFO-FLOW: Append model flash_attention_hls_fadd_32ns_32ns_32_5_full_dsp_1
INFO-FLOW: Found component flash_attention_hls_fadd_32ns_32ns_32_5_full_dsp_1.
INFO-FLOW: Append model flash_attention_hls_fadd_32ns_32ns_32_5_full_dsp_1
INFO-FLOW: Found component flash_attention_hls_fadd_32ns_32ns_32_5_full_dsp_1.
INFO-FLOW: Append model flash_attention_hls_fadd_32ns_32ns_32_5_full_dsp_1
INFO-FLOW: Found component flash_attention_hls_fadd_32ns_32ns_32_5_full_dsp_1.
INFO-FLOW: Append model flash_attention_hls_fadd_32ns_32ns_32_5_full_dsp_1
INFO-FLOW: Found component flash_attention_hls_fmul_32ns_32ns_32_4_max_dsp_1.
INFO-FLOW: Append model flash_attention_hls_fmul_32ns_32ns_32_4_max_dsp_1
INFO-FLOW: Found component flash_attention_hls_fmul_32ns_32ns_32_4_max_dsp_1.
INFO-FLOW: Append model flash_attention_hls_fmul_32ns_32ns_32_4_max_dsp_1
INFO-FLOW: Found component flash_attention_hls_fmul_32ns_32ns_32_4_max_dsp_1.
INFO-FLOW: Append model flash_attention_hls_fmul_32ns_32ns_32_4_max_dsp_1
INFO-FLOW: Found component flash_attention_hls_Qbuf_RAM_1WNR_AUTO_1R1W.
INFO-FLOW: Append model flash_attention_hls_Qbuf_RAM_1WNR_AUTO_1R1W
INFO-FLOW: Found component flash_attention_hls_Vbuf_RAM_AUTO_1R1W.
INFO-FLOW: Append model flash_attention_hls_Vbuf_RAM_AUTO_1R1W
INFO-FLOW: Found component flash_attention_hls_acc_RAM_AUTO_1R1W.
INFO-FLOW: Append model flash_attention_hls_acc_RAM_AUTO_1R1W
INFO-FLOW: Found component flash_attention_hls_m_RAM_AUTO_1R1W.
INFO-FLOW: Append model flash_attention_hls_m_RAM_AUTO_1R1W
INFO-FLOW: Found component flash_attention_hls_weighted_RAM_AUTO_1R1W.
INFO-FLOW: Append model flash_attention_hls_weighted_RAM_AUTO_1R1W
INFO-FLOW: Found component flash_attention_hls_gmem0_m_axi.
INFO-FLOW: Append model flash_attention_hls_gmem0_m_axi
INFO-FLOW: Found component flash_attention_hls_gmem1_m_axi.
INFO-FLOW: Append model flash_attention_hls_gmem1_m_axi
INFO-FLOW: Found component flash_attention_hls_gmem2_m_axi.
INFO-FLOW: Append model flash_attention_hls_gmem2_m_axi
INFO-FLOW: Found component flash_attention_hls_gmem3_m_axi.
INFO-FLOW: Append model flash_attention_hls_gmem3_m_axi
INFO-FLOW: Found component flash_attention_hls_ctrl_s_axi.
INFO-FLOW: Append model flash_attention_hls_ctrl_s_axi
INFO-FLOW: Append model flash_attention_hls_Pipeline_LOAD_Q_VITIS_LOOP_69_1
INFO-FLOW: Append model flash_attention_hls_Pipeline_VITIS_LOOP_80_2
INFO-FLOW: Append model flash_attention_hls_Pipeline_LOAD_KV_VITIS_LOOP_93_3
INFO-FLOW: Append model flash_attention_hls_Pipeline_SCORE_LOOP_I_SCORE_LOOP_J
INFO-FLOW: Append model flash_attention_hls_Pipeline_FIND_MAX
INFO-FLOW: Append model flash_attention_hls_Pipeline_VITIS_LOOP_160_4
INFO-FLOW: Append model flash_attention_hls_Pipeline_UPDATE_ACC
INFO-FLOW: Append model flash_attention_hls_Pipeline_STORE_O_VITIS_LOOP_188_5
INFO-FLOW: Append model flash_attention_hls
INFO-FLOW: Generating RTL model list ...
INFO-FLOW: All models in this session: flash_attention_hls_flow_control_loop_pipe_sequential_init flash_attention_hls_flow_control_loop_pipe_sequential_init flash_attention_hls_flow_control_loop_pipe_sequential_init flash_attention_hls_fadd_32ns_32ns_32_5_full_dsp_1 flash_attention_hls_fmul_32ns_32ns_32_4_max_dsp_1 flash_attention_hls_flow_control_loop_pipe_sequential_init flash_attention_hls_flow_control_loop_pipe_sequential_init flash_attention_hls_flow_control_loop_pipe_sequential_init flash_attention_hls_fdiv_32ns_32ns_32_16_no_dsp_1 flash_attention_hls_flow_control_loop_pipe_sequential_init flash_attention_hls_sparsemux_9_2_32_1_1 flash_attention_hls_flow_control_loop_pipe_sequential_init flash_attention_hls_faddfsub_32ns_32ns_32_5_full_dsp_1 flash_attention_hls_fmul_32ns_32ns_32_4_max_dsp_1 flash_attention_hls_fdiv_32ns_32ns_32_16_no_dsp_1 flash_attention_hls_sitofp_32ns_32_6_no_dsp_1 flash_attention_hls_fcmp_32ns_32ns_1_2_no_dsp_1 flash_attention_hls_fsqrt_32ns_32ns_32_16_no_dsp_1 flash_attention_hls_fexp_32ns_32ns_32_10_full_dsp_1 flash_attention_hls_mul_32ns_32ns_63_2_1 flash_attention_hls_mul_32ns_32ns_64_2_1 flash_attention_hls_fadd_32ns_32ns_32_5_full_dsp_1 flash_attention_hls_fadd_32ns_32ns_32_5_full_dsp_1 flash_attention_hls_fadd_32ns_32ns_32_5_full_dsp_1 flash_attention_hls_fadd_32ns_32ns_32_5_full_dsp_1 flash_attention_hls_fmul_32ns_32ns_32_4_max_dsp_1 flash_attention_hls_fmul_32ns_32ns_32_4_max_dsp_1 flash_attention_hls_fmul_32ns_32ns_32_4_max_dsp_1 flash_attention_hls_Qbuf_RAM_1WNR_AUTO_1R1W flash_attention_hls_Vbuf_RAM_AUTO_1R1W flash_attention_hls_acc_RAM_AUTO_1R1W flash_attention_hls_m_RAM_AUTO_1R1W flash_attention_hls_weighted_RAM_AUTO_1R1W flash_attention_hls_gmem0_m_axi flash_attention_hls_gmem1_m_axi flash_attention_hls_gmem2_m_axi flash_attention_hls_gmem3_m_axi flash_attention_hls_ctrl_s_axi flash_attention_hls_Pipeline_LOAD_Q_VITIS_LOOP_69_1 flash_attention_hls_Pipeline_VITIS_LOOP_80_2 flash_attention_hls_Pipeline_LOAD_KV_VITIS_LOOP_93_3 flash_attention_hls_Pipeline_SCORE_LOOP_I_SCORE_LOOP_J flash_attention_hls_Pipeline_FIND_MAX flash_attention_hls_Pipeline_VITIS_LOOP_160_4 flash_attention_hls_Pipeline_UPDATE_ACC flash_attention_hls_Pipeline_STORE_O_VITIS_LOOP_188_5 flash_attention_hls
INFO-FLOW: Generating /home/aa13231/Downloads/code/flash_attention_proj/solution1/.autopilot/db/autopilot.rtl.models.txt file...
INFO-FLOW: To file: write model flash_attention_hls_flow_control_loop_pipe_sequential_init
INFO-FLOW: To file: write model flash_attention_hls_flow_control_loop_pipe_sequential_init
INFO-FLOW: To file: write model flash_attention_hls_flow_control_loop_pipe_sequential_init
INFO-FLOW: To file: write model flash_attention_hls_fadd_32ns_32ns_32_5_full_dsp_1
INFO-FLOW: To file: write model flash_attention_hls_fmul_32ns_32ns_32_4_max_dsp_1
INFO-FLOW: To file: write model flash_attention_hls_flow_control_loop_pipe_sequential_init
INFO-FLOW: To file: write model flash_attention_hls_flow_control_loop_pipe_sequential_init
INFO-FLOW: To file: write model flash_attention_hls_flow_control_loop_pipe_sequential_init
INFO-FLOW: To file: write model flash_attention_hls_fdiv_32ns_32ns_32_16_no_dsp_1
INFO-FLOW: To file: write model flash_attention_hls_flow_control_loop_pipe_sequential_init
INFO-FLOW: To file: write model flash_attention_hls_sparsemux_9_2_32_1_1
INFO-FLOW: To file: write model flash_attention_hls_flow_control_loop_pipe_sequential_init
INFO-FLOW: To file: write model flash_attention_hls_faddfsub_32ns_32ns_32_5_full_dsp_1
INFO-FLOW: To file: write model flash_attention_hls_fmul_32ns_32ns_32_4_max_dsp_1
INFO-FLOW: To file: write model flash_attention_hls_fdiv_32ns_32ns_32_16_no_dsp_1
INFO-FLOW: To file: write model flash_attention_hls_sitofp_32ns_32_6_no_dsp_1
INFO-FLOW: To file: write model flash_attention_hls_fcmp_32ns_32ns_1_2_no_dsp_1
INFO-FLOW: To file: write model flash_attention_hls_fsqrt_32ns_32ns_32_16_no_dsp_1
INFO-FLOW: To file: write model flash_attention_hls_fexp_32ns_32ns_32_10_full_dsp_1
INFO-FLOW: To file: write model flash_attention_hls_mul_32ns_32ns_63_2_1
INFO-FLOW: To file: write model flash_attention_hls_mul_32ns_32ns_64_2_1
INFO-FLOW: To file: write model flash_attention_hls_fadd_32ns_32ns_32_5_full_dsp_1
INFO-FLOW: To file: write model flash_attention_hls_fadd_32ns_32ns_32_5_full_dsp_1
INFO-FLOW: To file: write model flash_attention_hls_fadd_32ns_32ns_32_5_full_dsp_1
INFO-FLOW: To file: write model flash_attention_hls_fadd_32ns_32ns_32_5_full_dsp_1
INFO-FLOW: To file: write model flash_attention_hls_fmul_32ns_32ns_32_4_max_dsp_1
INFO-FLOW: To file: write model flash_attention_hls_fmul_32ns_32ns_32_4_max_dsp_1
INFO-FLOW: To file: write model flash_attention_hls_fmul_32ns_32ns_32_4_max_dsp_1
INFO-FLOW: To file: write model flash_attention_hls_Qbuf_RAM_1WNR_AUTO_1R1W
INFO-FLOW: To file: write model flash_attention_hls_Vbuf_RAM_AUTO_1R1W
INFO-FLOW: To file: write model flash_attention_hls_acc_RAM_AUTO_1R1W
INFO-FLOW: To file: write model flash_attention_hls_m_RAM_AUTO_1R1W
INFO-FLOW: To file: write model flash_attention_hls_weighted_RAM_AUTO_1R1W
INFO-FLOW: To file: write model flash_attention_hls_gmem0_m_axi
INFO-FLOW: To file: write model flash_attention_hls_gmem1_m_axi
INFO-FLOW: To file: write model flash_attention_hls_gmem2_m_axi
INFO-FLOW: To file: write model flash_attention_hls_gmem3_m_axi
INFO-FLOW: To file: write model flash_attention_hls_ctrl_s_axi
INFO-FLOW: To file: write model flash_attention_hls_Pipeline_LOAD_Q_VITIS_LOOP_69_1
INFO-FLOW: To file: write model flash_attention_hls_Pipeline_VITIS_LOOP_80_2
INFO-FLOW: To file: write model flash_attention_hls_Pipeline_LOAD_KV_VITIS_LOOP_93_3
INFO-FLOW: To file: write model flash_attention_hls_Pipeline_SCORE_LOOP_I_SCORE_LOOP_J
INFO-FLOW: To file: write model flash_attention_hls_Pipeline_FIND_MAX
INFO-FLOW: To file: write model flash_attention_hls_Pipeline_VITIS_LOOP_160_4
INFO-FLOW: To file: write model flash_attention_hls_Pipeline_UPDATE_ACC
INFO-FLOW: To file: write model flash_attention_hls_Pipeline_STORE_O_VITIS_LOOP_188_5
INFO-FLOW: To file: write model flash_attention_hls
INFO-FLOW: Generating /home/aa13231/Downloads/code/flash_attention_proj/solution1/.autopilot/db/autopilot.rtl.models.tcl file...
INFO-FLOW: Finished generating RTL model list.


INFO-FLOW: RTL Generation done.
INFO-FLOW: CAS Generation done.
INFO-FLOW: CBC Generation done.
INFO-FLOW: DBG:PROC: ::AESL_AUTOMG::auto_generate_csynth_design
INFO-FLOW: DBG:PUTS: read_platform_lib /home/aa13231/Downloads/code/flash_attention_proj/solution1/.autopilot/db/global.setting.tcl
Execute         source /eda/xilinx/Vitis_HLS/2023.2/common/technology/generic/autopilot/common.gen 
Execute           source /eda/xilinx/Vitis_HLS/2023.2/common/technology/generic/autopilot/APCoreGen.gen 
Execute         source /eda/xilinx/Vitis_HLS/2023.2/common/technology/generic/autopilot/op.gen 
Execute         source /eda/xilinx/Vitis_HLS/2023.2/common/technology/generic/autopilot/op_simcore.gen 
Execute         source /eda/xilinx/Vitis_HLS/2023.2/common/technology/generic/autopilot/interface.gen 
Execute         source /home/aa13231/Downloads/code/flash_attention_proj/solution1/.autopilot/db/global.setting.tcl 
Execute         source /eda/xilinx/Vitis_HLS/2023.2/common/technology/xilinx/common/xilinx.gen 
Execute           source /eda/xilinx/Vitis_HLS/2023.2/common/technology/xilinx/interface/plb46.gen 
Execute           source /eda/xilinx/Vitis_HLS/2023.2/common/technology/xilinx/interface/axi4.gen 
Execute           source /eda/xilinx/Vitis_HLS/2023.2/common/technology/xilinx/interface/nativeAXI4.gen 
Execute             source /eda/xilinx/Vitis_HLS/2023.2/common/technology/xilinx/interface/saxilite.gen 
Execute           source /eda/xilinx/Vitis_HLS/2023.2/common/technology/xilinx/scripts/xilinxcoregen.gen 
Execute           source /eda/xilinx/Vitis_HLS/2023.2/common/technology/xilinx/interface/XilEDKCoreGen.gen 
Execute           source /eda/xilinx/Vitis_HLS/2023.2/common/technology/xilinx/ip/dds_compiler.gen 
Execute           source /eda/xilinx/Vitis_HLS/2023.2/common/technology/xilinx/ip/util.gen 
Execute           source /eda/xilinx/Vitis_HLS/2023.2/common/technology/xilinx/ip/xfft.gen 
Execute           source /eda/xilinx/Vitis_HLS/2023.2/common/technology/xilinx/ip/xfir.gen 
Execute           source /eda/xilinx/Vitis_HLS/2023.2/common/technology/xilinx/DSP48/dsp48.gen 
INFO-FLOW: DBG:PUTS:   using AESL_AUTOCG::g_clock_period=10.000 (was NA)
INFO-FLOW: DBG:PROC: ::AESL_AUTOMG::generate_ip_cores gen_sim_model='1' gen_fp_models='0' gen_for_export='0' dstSCDir='' dstVhdlDir='/home/aa13231/Downloads/code/flash_attention_proj/solution1/.autopilot/db/vhdl' dstVlogDir='/home/aa13231/Downloads/code/flash_attention_proj/solution1/.autopilot/db/vlog' tclDir='/home/aa13231/Downloads/code/flash_attention_proj/solution1/.autopilot/db' modelList='flash_attention_hls_flow_control_loop_pipe_sequential_init
flash_attention_hls_flow_control_loop_pipe_sequential_init
flash_attention_hls_flow_control_loop_pipe_sequential_init
flash_attention_hls_fadd_32ns_32ns_32_5_full_dsp_1
flash_attention_hls_fmul_32ns_32ns_32_4_max_dsp_1
flash_attention_hls_flow_control_loop_pipe_sequential_init
flash_attention_hls_flow_control_loop_pipe_sequential_init
flash_attention_hls_flow_control_loop_pipe_sequential_init
flash_attention_hls_fdiv_32ns_32ns_32_16_no_dsp_1
flash_attention_hls_flow_control_loop_pipe_sequential_init
flash_attention_hls_sparsemux_9_2_32_1_1
flash_attention_hls_flow_control_loop_pipe_sequential_init
flash_attention_hls_faddfsub_32ns_32ns_32_5_full_dsp_1
flash_attention_hls_fmul_32ns_32ns_32_4_max_dsp_1
flash_attention_hls_fdiv_32ns_32ns_32_16_no_dsp_1
flash_attention_hls_sitofp_32ns_32_6_no_dsp_1
flash_attention_hls_fcmp_32ns_32ns_1_2_no_dsp_1
flash_attention_hls_fsqrt_32ns_32ns_32_16_no_dsp_1
flash_attention_hls_fexp_32ns_32ns_32_10_full_dsp_1
flash_attention_hls_mul_32ns_32ns_63_2_1
flash_attention_hls_mul_32ns_32ns_64_2_1
flash_attention_hls_fadd_32ns_32ns_32_5_full_dsp_1
flash_attention_hls_fadd_32ns_32ns_32_5_full_dsp_1
flash_attention_hls_fadd_32ns_32ns_32_5_full_dsp_1
flash_attention_hls_fadd_32ns_32ns_32_5_full_dsp_1
flash_attention_hls_fmul_32ns_32ns_32_4_max_dsp_1
flash_attention_hls_fmul_32ns_32ns_32_4_max_dsp_1
flash_attention_hls_fmul_32ns_32ns_32_4_max_dsp_1
flash_attention_hls_Qbuf_RAM_1WNR_AUTO_1R1W
flash_attention_hls_Vbuf_RAM_AUTO_1R1W
flash_attention_hls_acc_RAM_AUTO_1R1W
flash_attention_hls_m_RAM_AUTO_1R1W
flash_attention_hls_weighted_RAM_AUTO_1R1W
flash_attention_hls_gmem0_m_axi
flash_attention_hls_gmem1_m_axi
flash_attention_hls_gmem2_m_axi
flash_attention_hls_gmem3_m_axi
flash_attention_hls_ctrl_s_axi
flash_attention_hls_Pipeline_LOAD_Q_VITIS_LOOP_69_1
flash_attention_hls_Pipeline_VITIS_LOOP_80_2
flash_attention_hls_Pipeline_LOAD_KV_VITIS_LOOP_93_3
flash_attention_hls_Pipeline_SCORE_LOOP_I_SCORE_LOOP_J
flash_attention_hls_Pipeline_FIND_MAX
flash_attention_hls_Pipeline_VITIS_LOOP_160_4
flash_attention_hls_Pipeline_UPDATE_ACC
flash_attention_hls_Pipeline_STORE_O_VITIS_LOOP_188_5
flash_attention_hls
' expOnly='0'
Execute         source /home/aa13231/Downloads/code/flash_attention_proj/solution1/.autopilot/db/global.setting.tcl 
Execute         ap_part_info -name xc7z020-clg400-1 -data names -quiet 
Execute         ap_part_info -name xc7z020-clg400-1 -data info -quiet 
Execute         source /home/aa13231/Downloads/code/flash_attention_proj/solution1/.autopilot/db/global.setting.tcl 
Execute         source /home/aa13231/Downloads/code/flash_attention_proj/solution1/.autopilot/db/global.setting.tcl 
Execute         source /home/aa13231/Downloads/code/flash_attention_proj/solution1/.autopilot/db/flash_attention_hls_Pipeline_LOAD_Q_VITIS_LOOP_69_1.compgen.tcl 
Execute         source /home/aa13231/Downloads/code/flash_attention_proj/solution1/.autopilot/db/flash_attention_hls_Pipeline_VITIS_LOOP_80_2.compgen.tcl 
Execute         source /home/aa13231/Downloads/code/flash_attention_proj/solution1/.autopilot/db/flash_attention_hls_Pipeline_LOAD_KV_VITIS_LOOP_93_3.compgen.tcl 
Execute         source /home/aa13231/Downloads/code/flash_attention_proj/solution1/.autopilot/db/flash_attention_hls_Pipeline_SCORE_LOOP_I_SCORE_LOOP_J.compgen.tcl 
Execute         source /home/aa13231/Downloads/code/flash_attention_proj/solution1/.autopilot/db/flash_attention_hls_Pipeline_FIND_MAX.compgen.tcl 
Execute         source /home/aa13231/Downloads/code/flash_attention_proj/solution1/.autopilot/db/flash_attention_hls_Pipeline_VITIS_LOOP_160_4.compgen.tcl 
Execute         source /home/aa13231/Downloads/code/flash_attention_proj/solution1/.autopilot/db/flash_attention_hls_Pipeline_UPDATE_ACC.compgen.tcl 
Execute         source /home/aa13231/Downloads/code/flash_attention_proj/solution1/.autopilot/db/flash_attention_hls_Pipeline_STORE_O_VITIS_LOOP_188_5.compgen.tcl 
Execute         source /home/aa13231/Downloads/code/flash_attention_proj/solution1/.autopilot/db/flash_attention_hls.compgen.tcl 
Execute           source ./ctrl.slave.tcl 
INFO: [HLS 200-111] Finished Generating all RTL models: CPU user time: 0.51 seconds. CPU system time: 0.17 seconds. Elapsed time: 1.37 seconds; current allocated memory: 453.387 MB.
INFO-FLOW: DBG:PROC: ::HLSREPORTS::create_csynth_xml bind_info_var='bind_info' RtlSubPrefix='flash_attention_hls_' outfile=''
INFO-FLOW: Running: create_csynth_xml read xml data
INFO-FLOW: Done: create_csynth_xml read xml data time: 0 seconds per iteration
INFO-FLOW: Running: create_csynth_xml bind info
INFO-FLOW: Done: create_csynth_xml bind info time: 0 seconds per iteration
INFO-FLOW: Running: create_csynth_xml config info
INFO-FLOW: Done: create_csynth_xml config info time: 0.1 seconds per iteration
INFO-FLOW: Running: create_csynth_xml write xml
INFO-FLOW: Done: create_csynth_xml write xml time: 0 seconds per iteration
INFO-FLOW: DBG:PUTS:      create_csynth_xml wrote csynth_xml=/home/aa13231/Downloads/code/flash_attention_proj/solution1/syn/report/csynth.xml
INFO-FLOW: DBG:PROC: ::AP::DESIGN_DATA::generate_json generate_bd_files='0' generate_xo_files='0' modelList='flash_attention_hls_flow_control_loop_pipe_sequential_init
flash_attention_hls_flow_control_loop_pipe_sequential_init
flash_attention_hls_flow_control_loop_pipe_sequential_init
flash_attention_hls_fadd_32ns_32ns_32_5_full_dsp_1
flash_attention_hls_fmul_32ns_32ns_32_4_max_dsp_1
flash_attention_hls_flow_control_loop_pipe_sequential_init
flash_attention_hls_flow_control_loop_pipe_sequential_init
flash_attention_hls_flow_control_loop_pipe_sequential_init
flash_attention_hls_fdiv_32ns_32ns_32_16_no_dsp_1
flash_attention_hls_flow_control_loop_pipe_sequential_init
flash_attention_hls_sparsemux_9_2_32_1_1
flash_attention_hls_flow_control_loop_pipe_sequential_init
flash_attention_hls_faddfsub_32ns_32ns_32_5_full_dsp_1
flash_attention_hls_fmul_32ns_32ns_32_4_max_dsp_1
flash_attention_hls_fdiv_32ns_32ns_32_16_no_dsp_1
flash_attention_hls_sitofp_32ns_32_6_no_dsp_1
flash_attention_hls_fcmp_32ns_32ns_1_2_no_dsp_1
flash_attention_hls_fsqrt_32ns_32ns_32_16_no_dsp_1
flash_attention_hls_fexp_32ns_32ns_32_10_full_dsp_1
flash_attention_hls_mul_32ns_32ns_63_2_1
flash_attention_hls_mul_32ns_32ns_64_2_1
flash_attention_hls_fadd_32ns_32ns_32_5_full_dsp_1
flash_attention_hls_fadd_32ns_32ns_32_5_full_dsp_1
flash_attention_hls_fadd_32ns_32ns_32_5_full_dsp_1
flash_attention_hls_fadd_32ns_32ns_32_5_full_dsp_1
flash_attention_hls_fmul_32ns_32ns_32_4_max_dsp_1
flash_attention_hls_fmul_32ns_32ns_32_4_max_dsp_1
flash_attention_hls_fmul_32ns_32ns_32_4_max_dsp_1
flash_attention_hls_Qbuf_RAM_1WNR_AUTO_1R1W
flash_attention_hls_Vbuf_RAM_AUTO_1R1W
flash_attention_hls_acc_RAM_AUTO_1R1W
flash_attention_hls_m_RAM_AUTO_1R1W
flash_attention_hls_weighted_RAM_AUTO_1R1W
flash_attention_hls_gmem0_m_axi
flash_attention_hls_gmem1_m_axi
flash_attention_hls_gmem2_m_axi
flash_attention_hls_gmem3_m_axi
flash_attention_hls_ctrl_s_axi
flash_attention_hls_Pipeline_LOAD_Q_VITIS_LOOP_69_1
flash_attention_hls_Pipeline_VITIS_LOOP_80_2
flash_attention_hls_Pipeline_LOAD_KV_VITIS_LOOP_93_3
flash_attention_hls_Pipeline_SCORE_LOOP_I_SCORE_LOOP_J
flash_attention_hls_Pipeline_FIND_MAX
flash_attention_hls_Pipeline_VITIS_LOOP_160_4
flash_attention_hls_Pipeline_UPDATE_ACC
flash_attention_hls_Pipeline_STORE_O_VITIS_LOOP_188_5
flash_attention_hls
' rtl_lang='both' bootstrap_tcl='false' outdir='' outfilename=''
Execute         source /home/aa13231/Downloads/code/flash_attention_proj/solution1/.autopilot/db/global.setting.tcl 
Execute         source /home/aa13231/Downloads/code/flash_attention_proj/solution1/.autopilot/db/global.setting.tcl 
Execute         source /home/aa13231/Downloads/code/flash_attention_proj/solution1/.autopilot/db/top-io-be.tcl 
Execute         source /home/aa13231/Downloads/code/flash_attention_proj/solution1/.autopilot/db/flash_attention_hls.tbgen.tcl 
Execute         source /home/aa13231/Downloads/code/flash_attention_proj/solution1/.autopilot/db/flash_attention_hls.compgen.dataonly.tcl 
Execute         source /home/aa13231/Downloads/code/flash_attention_proj/solution1/.autopilot/db/flash_attention_hls.compgen.dataonly.tcl 
Execute         source /home/aa13231/Downloads/code/flash_attention_proj/solution1/.autopilot/db/flash_attention_hls.rtl_wrap.cfg.tcl 
Execute         source /home/aa13231/Downloads/code/flash_attention_proj/solution1/.autopilot/db/flash_attention_hls.compgen.dataonly.tcl 
Execute         source /home/aa13231/Downloads/code/flash_attention_proj/solution1/.autopilot/db/flash_attention_hls_Pipeline_LOAD_Q_VITIS_LOOP_69_1.tbgen.tcl 
Execute         source /home/aa13231/Downloads/code/flash_attention_proj/solution1/.autopilot/db/flash_attention_hls_Pipeline_VITIS_LOOP_80_2.tbgen.tcl 
Execute         source /home/aa13231/Downloads/code/flash_attention_proj/solution1/.autopilot/db/flash_attention_hls_Pipeline_LOAD_KV_VITIS_LOOP_93_3.tbgen.tcl 
Execute         source /home/aa13231/Downloads/code/flash_attention_proj/solution1/.autopilot/db/flash_attention_hls_Pipeline_SCORE_LOOP_I_SCORE_LOOP_J.tbgen.tcl 
Execute         source /home/aa13231/Downloads/code/flash_attention_proj/solution1/.autopilot/db/flash_attention_hls_Pipeline_FIND_MAX.tbgen.tcl 
Execute         source /home/aa13231/Downloads/code/flash_attention_proj/solution1/.autopilot/db/flash_attention_hls_Pipeline_VITIS_LOOP_160_4.tbgen.tcl 
Execute         source /home/aa13231/Downloads/code/flash_attention_proj/solution1/.autopilot/db/flash_attention_hls_Pipeline_UPDATE_ACC.tbgen.tcl 
Execute         source /home/aa13231/Downloads/code/flash_attention_proj/solution1/.autopilot/db/flash_attention_hls_Pipeline_STORE_O_VITIS_LOOP_188_5.tbgen.tcl 
Execute         source /home/aa13231/Downloads/code/flash_attention_proj/solution1/.autopilot/db/flash_attention_hls.tbgen.tcl 
Execute         source /home/aa13231/Downloads/code/flash_attention_proj/solution1/.autopilot/db/global.setting.tcl 
Execute         ap_part_info -name xc7z020-clg400-1 -data names -quiet 
Execute         ap_part_info -name xc7z020-clg400-1 -data info -quiet 
Execute         source /home/aa13231/Downloads/code/flash_attention_proj/solution1/.autopilot/db/flash_attention_hls.constraint.tcl 
Execute         sc_get_clocks flash_attention_hls 
Execute         source /home/aa13231/Downloads/code/flash_attention_proj/solution1/.autopilot/db/global.setting.tcl 
Execute         source /home/aa13231/Downloads/code/flash_attention_proj/solution1/impl/misc/flash_attention_hls_fadd_32ns_32ns_32_5_full_dsp_1_ip.tcl 
Execute         source /home/aa13231/Downloads/code/flash_attention_proj/solution1/impl/misc/flash_attention_hls_faddfsub_32ns_32ns_32_5_full_dsp_1_ip.tcl 
Execute         source /home/aa13231/Downloads/code/flash_attention_proj/solution1/impl/misc/flash_attention_hls_fcmp_32ns_32ns_1_2_no_dsp_1_ip.tcl 
Execute         source /home/aa13231/Downloads/code/flash_attention_proj/solution1/impl/misc/flash_attention_hls_fdiv_32ns_32ns_32_16_no_dsp_1_ip.tcl 
Execute         source /home/aa13231/Downloads/code/flash_attention_proj/solution1/impl/misc/flash_attention_hls_fexp_32ns_32ns_32_10_full_dsp_1_ip.tcl 
Execute         source /home/aa13231/Downloads/code/flash_attention_proj/solution1/impl/misc/flash_attention_hls_fmul_32ns_32ns_32_4_max_dsp_1_ip.tcl 
Execute         source /home/aa13231/Downloads/code/flash_attention_proj/solution1/impl/misc/flash_attention_hls_fsqrt_32ns_32ns_32_16_no_dsp_1_ip.tcl 
Execute         source /home/aa13231/Downloads/code/flash_attention_proj/solution1/impl/misc/flash_attention_hls_sitofp_32ns_32_6_no_dsp_1_ip.tcl 
INFO-FLOW: DBG:PROC: ::HLSREPORTS::add_csynth_report_sections bind_info_dict='adapter_nodes {{BINDTYPE adapter ID {} IMPL {} LATENCY {} OPTYPE {} PRAGMA {} RTLNAME ctrl_s_axi_U SOURCE {} VARIABLE {} LOOP {} BUNDLEDNAME ctrl DSP 0 BRAM 0 URAM 0 STORAGESUBTYPE s_axilite STORAGESIZE {} STORAGEUSAGE interface DISPNAME {bind_adapter }} {BINDTYPE adapter ID {} IMPL {} LATENCY {} OPTYPE {} PRAGMA {} RTLNAME gmem0_m_axi_U SOURCE {} VARIABLE {} LOOP {} BUNDLEDNAME gmem0 DSP 0 BRAM 4 URAM 0 STORAGESUBTYPE m_axi STORAGESIZE {} STORAGEUSAGE interface DISPNAME {bind_adapter }} {BINDTYPE adapter ID {} IMPL {} LATENCY {} OPTYPE {} PRAGMA {} RTLNAME gmem1_m_axi_U SOURCE {} VARIABLE {} LOOP {} BUNDLEDNAME gmem1 DSP 0 BRAM 4 URAM 0 STORAGESUBTYPE m_axi STORAGESIZE {} STORAGEUSAGE interface DISPNAME {bind_adapter }} {BINDTYPE adapter ID {} IMPL {} LATENCY {} OPTYPE {} PRAGMA {} RTLNAME gmem2_m_axi_U SOURCE {} VARIABLE {} LOOP {} BUNDLEDNAME gmem2 DSP 0 BRAM 4 URAM 0 STORAGESUBTYPE m_axi STORAGESIZE {} STORAGEUSAGE interface DISPNAME {bind_adapter }} {BINDTYPE adapter ID {} IMPL {} LATENCY {} OPTYPE {} PRAGMA {} RTLNAME gmem3_m_axi_U SOURCE {} VARIABLE {} LOOP {} BUNDLEDNAME gmem3 DSP 0 BRAM 4 URAM 0 STORAGESUBTYPE m_axi STORAGESIZE {} STORAGEUSAGE interface DISPNAME {bind_adapter }}} report_dict {TOPINST flash_attention_hls MODULE2INSTS {flash_attention_hls flash_attention_hls flash_attention_hls_Pipeline_LOAD_Q_VITIS_LOOP_69_1 grp_flash_attention_hls_Pipeline_LOAD_Q_VITIS_LOOP_69_1_fu_777 flash_attention_hls_Pipeline_VITIS_LOOP_80_2 grp_flash_attention_hls_Pipeline_VITIS_LOOP_80_2_fu_792 flash_attention_hls_Pipeline_LOAD_KV_VITIS_LOOP_93_3 grp_flash_attention_hls_Pipeline_LOAD_KV_VITIS_LOOP_93_3_fu_802 flash_attention_hls_Pipeline_SCORE_LOOP_I_SCORE_LOOP_J grp_flash_attention_hls_Pipeline_SCORE_LOOP_I_SCORE_LOOP_J_fu_824 flash_attention_hls_Pipeline_FIND_MAX grp_flash_attention_hls_Pipeline_FIND_MAX_fu_876 flash_attention_hls_Pipeline_VITIS_LOOP_160_4 grp_flash_attention_hls_Pipeline_VITIS_LOOP_160_4_fu_884 flash_attention_hls_Pipeline_UPDATE_ACC grp_flash_attention_hls_Pipeline_UPDATE_ACC_fu_899 flash_attention_hls_Pipeline_STORE_O_VITIS_LOOP_188_5 grp_flash_attention_hls_Pipeline_STORE_O_VITIS_LOOP_188_5_fu_915} INST2MODULE {flash_attention_hls flash_attention_hls grp_flash_attention_hls_Pipeline_LOAD_Q_VITIS_LOOP_69_1_fu_777 flash_attention_hls_Pipeline_LOAD_Q_VITIS_LOOP_69_1 grp_flash_attention_hls_Pipeline_VITIS_LOOP_80_2_fu_792 flash_attention_hls_Pipeline_VITIS_LOOP_80_2 grp_flash_attention_hls_Pipeline_LOAD_KV_VITIS_LOOP_93_3_fu_802 flash_attention_hls_Pipeline_LOAD_KV_VITIS_LOOP_93_3 grp_flash_attention_hls_Pipeline_SCORE_LOOP_I_SCORE_LOOP_J_fu_824 flash_attention_hls_Pipeline_SCORE_LOOP_I_SCORE_LOOP_J grp_flash_attention_hls_Pipeline_FIND_MAX_fu_876 flash_attention_hls_Pipeline_FIND_MAX grp_flash_attention_hls_Pipeline_VITIS_LOOP_160_4_fu_884 flash_attention_hls_Pipeline_VITIS_LOOP_160_4 grp_flash_attention_hls_Pipeline_UPDATE_ACC_fu_899 flash_attention_hls_Pipeline_UPDATE_ACC grp_flash_attention_hls_Pipeline_STORE_O_VITIS_LOOP_188_5_fu_915 flash_attention_hls_Pipeline_STORE_O_VITIS_LOOP_188_5} INSTDATA {flash_attention_hls {DEPTH 1 CHILDREN {grp_flash_attention_hls_Pipeline_LOAD_Q_VITIS_LOOP_69_1_fu_777 grp_flash_attention_hls_Pipeline_VITIS_LOOP_80_2_fu_792 grp_flash_attention_hls_Pipeline_LOAD_KV_VITIS_LOOP_93_3_fu_802 grp_flash_attention_hls_Pipeline_SCORE_LOOP_I_SCORE_LOOP_J_fu_824 grp_flash_attention_hls_Pipeline_FIND_MAX_fu_876 grp_flash_attention_hls_Pipeline_VITIS_LOOP_160_4_fu_884 grp_flash_attention_hls_Pipeline_UPDATE_ACC_fu_899 grp_flash_attention_hls_Pipeline_STORE_O_VITIS_LOOP_188_5_fu_915}} grp_flash_attention_hls_Pipeline_LOAD_Q_VITIS_LOOP_69_1_fu_777 {DEPTH 2 CHILDREN {}} grp_flash_attention_hls_Pipeline_VITIS_LOOP_80_2_fu_792 {DEPTH 2 CHILDREN {}} grp_flash_attention_hls_Pipeline_LOAD_KV_VITIS_LOOP_93_3_fu_802 {DEPTH 2 CHILDREN {}} grp_flash_attention_hls_Pipeline_SCORE_LOOP_I_SCORE_LOOP_J_fu_824 {DEPTH 2 CHILDREN {}} grp_flash_attention_hls_Pipeline_FIND_MAX_fu_876 {DEPTH 2 CHILDREN {}} grp_flash_attention_hls_Pipeline_VITIS_LOOP_160_4_fu_884 {DEPTH 2 CHILDREN {}} grp_flash_attention_hls_Pipeline_UPDATE_ACC_fu_899 {DEPTH 2 CHILDREN {}} grp_flash_attention_hls_Pipeline_STORE_O_VITIS_LOOP_188_5_fu_915 {DEPTH 2 CHILDREN {}}} MODULEDATA {flash_attention_hls_Pipeline_LOAD_Q_VITIS_LOOP_69_1 {BINDINFO {{BINDTYPE op ID {} IMPL fabric LATENCY 0 OPTYPE add PRAGMA {} RTLNAME add_ln68_3_fu_256_p2 SOURCE flash_attention.cpp:68 VARIABLE add_ln68_3 LOOP LOAD_Q_VITIS_LOOP_69_1 BUNDLEDNAME {} DSP 0 BRAM 0 URAM 0 STORAGESUBTYPE {} DISPNAME {bind_op add}} {BINDTYPE op ID {} IMPL fabric LATENCY 0 OPTYPE add PRAGMA {} RTLNAME add_ln68_2_fu_265_p2 SOURCE flash_attention.cpp:68 VARIABLE add_ln68_2 LOOP LOAD_Q_VITIS_LOOP_69_1 BUNDLEDNAME {} DSP 0 BRAM 0 URAM 0 STORAGESUBTYPE {} DISPNAME {bind_op add}} {BINDTYPE op ID {} IMPL fabric LATENCY 0 OPTYPE add PRAGMA {} RTLNAME add_ln68_fu_363_p2 SOURCE flash_attention.cpp:68 VARIABLE add_ln68 LOOP LOAD_Q_VITIS_LOOP_69_1 BUNDLEDNAME {} DSP 0 BRAM 0 URAM 0 STORAGESUBTYPE {} DISPNAME {bind_op add}} {BINDTYPE op ID {} IMPL fabric LATENCY 0 OPTYPE add PRAGMA {} RTLNAME add_ln68_1_fu_380_p2 SOURCE flash_attention.cpp:68 VARIABLE add_ln68_1 LOOP LOAD_Q_VITIS_LOOP_69_1 BUNDLEDNAME {} DSP 0 BRAM 0 URAM 0 STORAGESUBTYPE {} DISPNAME {bind_op add}} {BINDTYPE op ID {} IMPL fabric LATENCY 0 OPTYPE add PRAGMA {} RTLNAME add_ln71_fu_329_p2 SOURCE flash_attention.cpp:71 VARIABLE add_ln71 LOOP LOAD_Q_VITIS_LOOP_69_1 BUNDLEDNAME {} DSP 0 BRAM 0 URAM 0 STORAGESUBTYPE {} DISPNAME {bind_op add}} {BINDTYPE op ID {} IMPL fabric LATENCY 0 OPTYPE add PRAGMA {} RTLNAME add_ln69_fu_335_p2 SOURCE flash_attention.cpp:69 VARIABLE add_ln69 LOOP LOAD_Q_VITIS_LOOP_69_1 BUNDLEDNAME {} DSP 0 BRAM 0 URAM 0 STORAGESUBTYPE {} DISPNAME {bind_op add}}} AREA {DSP 0 BRAM 0 URAM 0}} flash_attention_hls_Pipeline_VITIS_LOOP_80_2 {BINDINFO {{BINDTYPE op ID {} IMPL fabric LATENCY 0 OPTYPE add PRAGMA {} RTLNAME add_ln80_fu_138_p2 SOURCE flash_attention.cpp:80 VARIABLE add_ln80 LOOP VITIS_LOOP_80_2 BUNDLEDNAME {} DSP 0 BRAM 0 URAM 0 STORAGESUBTYPE {} DISPNAME {bind_op add}} {BINDTYPE op ID {} IMPL fabric LATENCY 0 OPTYPE add PRAGMA {} RTLNAME add_ln82_fu_158_p2 SOURCE flash_attention.cpp:82 VARIABLE add_ln82 LOOP VITIS_LOOP_80_2 BUNDLEDNAME {} DSP 0 BRAM 0 URAM 0 STORAGESUBTYPE {} DISPNAME {bind_op add}}} AREA {DSP 0 BRAM 0 URAM 0}} flash_attention_hls_Pipeline_LOAD_KV_VITIS_LOOP_93_3 {BINDINFO {{BINDTYPE op ID {} IMPL fabric LATENCY 0 OPTYPE add PRAGMA {} RTLNAME add_ln92_4_fu_335_p2 SOURCE flash_attention.cpp:92 VARIABLE add_ln92_4 LOOP LOAD_KV_VITIS_LOOP_93_3 BUNDLEDNAME {} DSP 0 BRAM 0 URAM 0 STORAGESUBTYPE {} DISPNAME {bind_op add}} {BINDTYPE op ID {} IMPL fabric LATENCY 0 OPTYPE add PRAGMA {} RTLNAME add_ln92_3_fu_344_p2 SOURCE flash_attention.cpp:92 VARIABLE add_ln92_3 LOOP LOAD_KV_VITIS_LOOP_93_3 BUNDLEDNAME {} DSP 0 BRAM 0 URAM 0 STORAGESUBTYPE {} DISPNAME {bind_op add}} {BINDTYPE op ID {} IMPL fabric LATENCY 0 OPTYPE add PRAGMA {} RTLNAME add_ln92_fu_442_p2 SOURCE flash_attention.cpp:92 VARIABLE add_ln92 LOOP LOAD_KV_VITIS_LOOP_93_3 BUNDLEDNAME {} DSP 0 BRAM 0 URAM 0 STORAGESUBTYPE {} DISPNAME {bind_op add}} {BINDTYPE op ID {} IMPL fabric LATENCY 0 OPTYPE add PRAGMA {} RTLNAME add_ln92_1_fu_459_p2 SOURCE flash_attention.cpp:92 VARIABLE add_ln92_1 LOOP LOAD_KV_VITIS_LOOP_93_3 BUNDLEDNAME {} DSP 0 BRAM 0 URAM 0 STORAGESUBTYPE {} DISPNAME {bind_op add}} {BINDTYPE op ID {} IMPL fabric LATENCY 0 OPTYPE add PRAGMA {} RTLNAME add_ln92_2_fu_464_p2 SOURCE flash_attention.cpp:92 VARIABLE add_ln92_2 LOOP LOAD_KV_VITIS_LOOP_93_3 BUNDLEDNAME {} DSP 0 BRAM 0 URAM 0 STORAGESUBTYPE {} DISPNAME {bind_op add}} {BINDTYPE op ID {} IMPL fabric LATENCY 0 OPTYPE add PRAGMA {} RTLNAME add_ln95_fu_408_p2 SOURCE flash_attention.cpp:95 VARIABLE add_ln95 LOOP LOAD_KV_VITIS_LOOP_93_3 BUNDLEDNAME {} DSP 0 BRAM 0 URAM 0 STORAGESUBTYPE {} DISPNAME {bind_op add}} {BINDTYPE op ID {} IMPL fabric LATENCY 0 OPTYPE add PRAGMA {} RTLNAME add_ln93_fu_414_p2 SOURCE flash_attention.cpp:93 VARIABLE add_ln93 LOOP LOAD_KV_VITIS_LOOP_93_3 BUNDLEDNAME {} DSP 0 BRAM 0 URAM 0 STORAGESUBTYPE {} DISPNAME {bind_op add}}} AREA {DSP 0 BRAM 0 URAM 0}} flash_attention_hls_Pipeline_SCORE_LOOP_I_SCORE_LOOP_J {BINDINFO {{BINDTYPE op ID {} IMPL fabric LATENCY 0 OPTYPE add PRAGMA {} RTLNAME add_ln104_1_fu_1475_p2 SOURCE flash_attention.cpp:104 VARIABLE add_ln104_1 LOOP SCORE_LOOP_I_SCORE_LOOP_J BUNDLEDNAME {} DSP 0 BRAM 0 URAM 0 STORAGESUBTYPE {} DISPNAME {bind_op add}} {BINDTYPE op ID {} IMPL fabric LATENCY 0 OPTYPE add PRAGMA {} RTLNAME add_ln104_fu_1484_p2 SOURCE flash_attention.cpp:104 VARIABLE add_ln104 LOOP SCORE_LOOP_I_SCORE_LOOP_J BUNDLEDNAME {} DSP 0 BRAM 0 URAM 0 STORAGESUBTYPE {} DISPNAME {bind_op add}} {BINDTYPE op ID {} IMPL fabric LATENCY 0 OPTYPE add PRAGMA {} RTLNAME empty_fu_1779_p2 SOURCE flash_attention.cpp:104 VARIABLE empty LOOP SCORE_LOOP_I_SCORE_LOOP_J BUNDLEDNAME {} DSP 0 BRAM 0 URAM 0 STORAGESUBTYPE {} DISPNAME {bind_op add}} {BINDTYPE op ID {} IMPL fabric LATENCY 0 OPTYPE add PRAGMA {} RTLNAME add_ln123_fu_1746_p2 SOURCE flash_attention.cpp:123 VARIABLE add_ln123 LOOP SCORE_LOOP_I_SCORE_LOOP_J BUNDLEDNAME {} DSP 0 BRAM 0 URAM 0 STORAGESUBTYPE {} DISPNAME {bind_op add}} {BINDTYPE op ID {} IMPL maxdsp LATENCY 3 OPTYPE fmul PRAGMA {} RTLNAME fmul_32ns_32ns_32_4_max_dsp_1_U69 SOURCE flash_attention.cpp:112 VARIABLE mul111_4 LOOP SCORE_LOOP_I_SCORE_LOOP_J BUNDLEDNAME {} DSP 3 BRAM 0 URAM 0 STORAGESUBTYPE {} DISPNAME {bind_op fmul}} {BINDTYPE op ID {} IMPL maxdsp LATENCY 3 OPTYPE fmul PRAGMA {} RTLNAME fmul_32ns_32ns_32_4_max_dsp_1_U70 SOURCE flash_attention.cpp:112 VARIABLE mul111_5 LOOP SCORE_LOOP_I_SCORE_LOOP_J BUNDLEDNAME {} DSP 3 BRAM 0 URAM 0 STORAGESUBTYPE {} DISPNAME {bind_op fmul}} {BINDTYPE op ID {} IMPL fulldsp LATENCY 4 OPTYPE fadd PRAGMA {} RTLNAME fadd_32ns_32ns_32_5_full_dsp_1_U38 SOURCE flash_attention.cpp:112 VARIABLE dot_10 LOOP SCORE_LOOP_I_SCORE_LOOP_J BUNDLEDNAME {} DSP 2 BRAM 0 URAM 0 STORAGESUBTYPE {} DISPNAME {bind_op fadd}} {BINDTYPE op ID {} IMPL maxdsp LATENCY 3 OPTYPE fmul PRAGMA {} RTLNAME fmul_32ns_32ns_32_4_max_dsp_1_U71 SOURCE flash_attention.cpp:112 VARIABLE mul111_6 LOOP SCORE_LOOP_I_SCORE_LOOP_J BUNDLEDNAME {} DSP 3 BRAM 0 URAM 0 STORAGESUBTYPE {} DISPNAME {bind_op fmul}} {BINDTYPE op ID {} IMPL fulldsp LATENCY 4 OPTYPE fadd PRAGMA {} RTLNAME fadd_32ns_32ns_32_5_full_dsp_1_U39 SOURCE flash_attention.cpp:112 VARIABLE dot_12 LOOP SCORE_LOOP_I_SCORE_LOOP_J BUNDLEDNAME {} DSP 2 BRAM 0 URAM 0 STORAGESUBTYPE {} DISPNAME {bind_op fadd}} {BINDTYPE op ID {} IMPL maxdsp LATENCY 3 OPTYPE fmul PRAGMA {} RTLNAME fmul_32ns_32ns_32_4_max_dsp_1_U72 SOURCE flash_attention.cpp:112 VARIABLE mul111_7 LOOP SCORE_LOOP_I_SCORE_LOOP_J BUNDLEDNAME {} DSP 3 BRAM 0 URAM 0 STORAGESUBTYPE {} DISPNAME {bind_op fmul}} {BINDTYPE op ID {} IMPL fulldsp LATENCY 4 OPTYPE fadd PRAGMA {} RTLNAME fadd_32ns_32ns_32_5_full_dsp_1_U40 SOURCE flash_attention.cpp:112 VARIABLE dot_14 LOOP SCORE_LOOP_I_SCORE_LOOP_J BUNDLEDNAME {} DSP 2 BRAM 0 URAM 0 STORAGESUBTYPE {} DISPNAME {bind_op fadd}} {BINDTYPE op ID {} IMPL maxdsp LATENCY 3 OPTYPE fmul PRAGMA {} RTLNAME fmul_32ns_32ns_32_4_max_dsp_1_U73 SOURCE flash_attention.cpp:112 VARIABLE mul111_8 LOOP SCORE_LOOP_I_SCORE_LOOP_J BUNDLEDNAME {} DSP 3 BRAM 0 URAM 0 STORAGESUBTYPE {} DISPNAME {bind_op fmul}} {BINDTYPE op ID {} IMPL fulldsp LATENCY 4 OPTYPE fadd PRAGMA {} RTLNAME fadd_32ns_32ns_32_5_full_dsp_1_U41 SOURCE flash_attention.cpp:112 VARIABLE dot_16 LOOP SCORE_LOOP_I_SCORE_LOOP_J BUNDLEDNAME {} DSP 2 BRAM 0 URAM 0 STORAGESUBTYPE {} DISPNAME {bind_op fadd}} {BINDTYPE op ID {} IMPL maxdsp LATENCY 3 OPTYPE fmul PRAGMA {} RTLNAME fmul_32ns_32ns_32_4_max_dsp_1_U74 SOURCE flash_attention.cpp:112 VARIABLE mul111_9 LOOP SCORE_LOOP_I_SCORE_LOOP_J BUNDLEDNAME {} DSP 3 BRAM 0 URAM 0 STORAGESUBTYPE {} DISPNAME {bind_op fmul}} {BINDTYPE op ID {} IMPL fulldsp LATENCY 4 OPTYPE fadd PRAGMA {} RTLNAME fadd_32ns_32ns_32_5_full_dsp_1_U42 SOURCE flash_attention.cpp:112 VARIABLE dot_18 LOOP SCORE_LOOP_I_SCORE_LOOP_J BUNDLEDNAME {} DSP 2 BRAM 0 URAM 0 STORAGESUBTYPE {} DISPNAME {bind_op fadd}} {BINDTYPE op ID {} IMPL maxdsp LATENCY 3 OPTYPE fmul PRAGMA {} RTLNAME fmul_32ns_32ns_32_4_max_dsp_1_U75 SOURCE flash_attention.cpp:112 VARIABLE mul111_s LOOP SCORE_LOOP_I_SCORE_LOOP_J BUNDLEDNAME {} DSP 3 BRAM 0 URAM 0 STORAGESUBTYPE {} DISPNAME {bind_op fmul}} {BINDTYPE op ID {} IMPL fulldsp LATENCY 4 OPTYPE fadd PRAGMA {} RTLNAME fadd_32ns_32ns_32_5_full_dsp_1_U43 SOURCE flash_attention.cpp:112 VARIABLE dot_20 LOOP SCORE_LOOP_I_SCORE_LOOP_J BUNDLEDNAME {} DSP 2 BRAM 0 URAM 0 STORAGESUBTYPE {} DISPNAME {bind_op fadd}} {BINDTYPE op ID {} IMPL maxdsp LATENCY 3 OPTYPE fmul PRAGMA {} RTLNAME fmul_32ns_32ns_32_4_max_dsp_1_U76 SOURCE flash_attention.cpp:112 VARIABLE mul111_10 LOOP SCORE_LOOP_I_SCORE_LOOP_J BUNDLEDNAME {} DSP 3 BRAM 0 URAM 0 STORAGESUBTYPE {} DISPNAME {bind_op fmul}} {BINDTYPE op ID {} IMPL fulldsp LATENCY 4 OPTYPE fadd PRAGMA {} RTLNAME fadd_32ns_32ns_32_5_full_dsp_1_U44 SOURCE flash_attention.cpp:112 VARIABLE dot_22 LOOP SCORE_LOOP_I_SCORE_LOOP_J BUNDLEDNAME {} DSP 2 BRAM 0 URAM 0 STORAGESUBTYPE {} DISPNAME {bind_op fadd}} {BINDTYPE op ID {} IMPL maxdsp LATENCY 3 OPTYPE fmul PRAGMA {} RTLNAME fmul_32ns_32ns_32_4_max_dsp_1_U77 SOURCE flash_attention.cpp:112 VARIABLE mul111_11 LOOP SCORE_LOOP_I_SCORE_LOOP_J BUNDLEDNAME {} DSP 3 BRAM 0 URAM 0 STORAGESUBTYPE {} DISPNAME {bind_op fmul}} {BINDTYPE op ID {} IMPL fulldsp LATENCY 4 OPTYPE fadd PRAGMA {} RTLNAME fadd_32ns_32ns_32_5_full_dsp_1_U45 SOURCE flash_attention.cpp:112 VARIABLE dot_24 LOOP SCORE_LOOP_I_SCORE_LOOP_J BUNDLEDNAME {} DSP 2 BRAM 0 URAM 0 STORAGESUBTYPE {} DISPNAME {bind_op fadd}} {BINDTYPE op ID {} IMPL maxdsp LATENCY 3 OPTYPE fmul PRAGMA {} RTLNAME fmul_32ns_32ns_32_4_max_dsp_1_U78 SOURCE flash_attention.cpp:112 VARIABLE mul111_12 LOOP SCORE_LOOP_I_SCORE_LOOP_J BUNDLEDNAME {} DSP 3 BRAM 0 URAM 0 STORAGESUBTYPE {} DISPNAME {bind_op fmul}} {BINDTYPE op ID {} IMPL fulldsp LATENCY 4 OPTYPE fadd PRAGMA {} RTLNAME fadd_32ns_32ns_32_5_full_dsp_1_U46 SOURCE flash_attention.cpp:112 VARIABLE dot_26 LOOP SCORE_LOOP_I_SCORE_LOOP_J BUNDLEDNAME {} DSP 2 BRAM 0 URAM 0 STORAGESUBTYPE {} DISPNAME {bind_op fadd}} {BINDTYPE op ID {} IMPL maxdsp LATENCY 3 OPTYPE fmul PRAGMA {} RTLNAME fmul_32ns_32ns_32_4_max_dsp_1_U79 SOURCE flash_attention.cpp:112 VARIABLE mul111_13 LOOP SCORE_LOOP_I_SCORE_LOOP_J BUNDLEDNAME {} DSP 3 BRAM 0 URAM 0 STORAGESUBTYPE {} DISPNAME {bind_op fmul}} {BINDTYPE op ID {} IMPL fulldsp LATENCY 4 OPTYPE fadd PRAGMA {} RTLNAME fadd_32ns_32ns_32_5_full_dsp_1_U47 SOURCE flash_attention.cpp:112 VARIABLE dot_28 LOOP SCORE_LOOP_I_SCORE_LOOP_J BUNDLEDNAME {} DSP 2 BRAM 0 URAM 0 STORAGESUBTYPE {} DISPNAME {bind_op fadd}} {BINDTYPE op ID {} IMPL maxdsp LATENCY 3 OPTYPE fmul PRAGMA {} RTLNAME fmul_32ns_32ns_32_4_max_dsp_1_U80 SOURCE flash_attention.cpp:112 VARIABLE mul111_14 LOOP SCORE_LOOP_I_SCORE_LOOP_J BUNDLEDNAME {} DSP 3 BRAM 0 URAM 0 STORAGESUBTYPE {} DISPNAME {bind_op fmul}} {BINDTYPE op ID {} IMPL fulldsp LATENCY 4 OPTYPE fadd PRAGMA {} RTLNAME fadd_32ns_32ns_32_5_full_dsp_1_U48 SOURCE flash_attention.cpp:112 VARIABLE dot_30 LOOP SCORE_LOOP_I_SCORE_LOOP_J BUNDLEDNAME {} DSP 2 BRAM 0 URAM 0 STORAGESUBTYPE {} DISPNAME {bind_op fadd}} {BINDTYPE op ID {} IMPL maxdsp LATENCY 3 OPTYPE fmul PRAGMA {} RTLNAME fmul_32ns_32ns_32_4_max_dsp_1_U81 SOURCE flash_attention.cpp:112 VARIABLE mul111_15 LOOP SCORE_LOOP_I_SCORE_LOOP_J BUNDLEDNAME {} DSP 3 BRAM 0 URAM 0 STORAGESUBTYPE {} DISPNAME {bind_op fmul}} {BINDTYPE op ID {} IMPL fulldsp LATENCY 4 OPTYPE fadd PRAGMA {} RTLNAME fadd_32ns_32ns_32_5_full_dsp_1_U49 SOURCE flash_attention.cpp:112 VARIABLE dot_32 LOOP SCORE_LOOP_I_SCORE_LOOP_J BUNDLEDNAME {} DSP 2 BRAM 0 URAM 0 STORAGESUBTYPE {} DISPNAME {bind_op fadd}} {BINDTYPE op ID {} IMPL maxdsp LATENCY 3 OPTYPE fmul PRAGMA {} RTLNAME fmul_32ns_32ns_32_4_max_dsp_1_U82 SOURCE flash_attention.cpp:112 VARIABLE mul111_16 LOOP SCORE_LOOP_I_SCORE_LOOP_J BUNDLEDNAME {} DSP 3 BRAM 0 URAM 0 STORAGESUBTYPE {} DISPNAME {bind_op fmul}} {BINDTYPE op ID {} IMPL fulldsp LATENCY 4 OPTYPE fadd PRAGMA {} RTLNAME fadd_32ns_32ns_32_5_full_dsp_1_U50 SOURCE flash_attention.cpp:112 VARIABLE dot_34 LOOP SCORE_LOOP_I_SCORE_LOOP_J BUNDLEDNAME {} DSP 2 BRAM 0 URAM 0 STORAGESUBTYPE {} DISPNAME {bind_op fadd}} {BINDTYPE op ID {} IMPL maxdsp LATENCY 3 OPTYPE fmul PRAGMA {} RTLNAME fmul_32ns_32ns_32_4_max_dsp_1_U83 SOURCE flash_attention.cpp:112 VARIABLE mul111_17 LOOP SCORE_LOOP_I_SCORE_LOOP_J BUNDLEDNAME {} DSP 3 BRAM 0 URAM 0 STORAGESUBTYPE {} DISPNAME {bind_op fmul}} {BINDTYPE op ID {} IMPL fulldsp LATENCY 4 OPTYPE fadd PRAGMA {} RTLNAME fadd_32ns_32ns_32_5_full_dsp_1_U51 SOURCE flash_attention.cpp:112 VARIABLE dot_36 LOOP SCORE_LOOP_I_SCORE_LOOP_J BUNDLEDNAME {} DSP 2 BRAM 0 URAM 0 STORAGESUBTYPE {} DISPNAME {bind_op fadd}} {BINDTYPE op ID {} IMPL maxdsp LATENCY 3 OPTYPE fmul PRAGMA {} RTLNAME fmul_32ns_32ns_32_4_max_dsp_1_U84 SOURCE flash_attention.cpp:112 VARIABLE mul111_18 LOOP SCORE_LOOP_I_SCORE_LOOP_J BUNDLEDNAME {} DSP 3 BRAM 0 URAM 0 STORAGESUBTYPE {} DISPNAME {bind_op fmul}} {BINDTYPE op ID {} IMPL fulldsp LATENCY 4 OPTYPE fadd PRAGMA {} RTLNAME fadd_32ns_32ns_32_5_full_dsp_1_U52 SOURCE flash_attention.cpp:112 VARIABLE dot_38 LOOP SCORE_LOOP_I_SCORE_LOOP_J BUNDLEDNAME {} DSP 2 BRAM 0 URAM 0 STORAGESUBTYPE {} DISPNAME {bind_op fadd}} {BINDTYPE op ID {} IMPL maxdsp LATENCY 3 OPTYPE fmul PRAGMA {} RTLNAME fmul_32ns_32ns_32_4_max_dsp_1_U85 SOURCE flash_attention.cpp:112 VARIABLE mul111_19 LOOP SCORE_LOOP_I_SCORE_LOOP_J BUNDLEDNAME {} DSP 3 BRAM 0 URAM 0 STORAGESUBTYPE {} DISPNAME {bind_op fmul}} {BINDTYPE op ID {} IMPL fulldsp LATENCY 4 OPTYPE fadd PRAGMA {} RTLNAME fadd_32ns_32ns_32_5_full_dsp_1_U53 SOURCE flash_attention.cpp:112 VARIABLE dot_40 LOOP SCORE_LOOP_I_SCORE_LOOP_J BUNDLEDNAME {} DSP 2 BRAM 0 URAM 0 STORAGESUBTYPE {} DISPNAME {bind_op fadd}} {BINDTYPE op ID {} IMPL maxdsp LATENCY 3 OPTYPE fmul PRAGMA {} RTLNAME fmul_32ns_32ns_32_4_max_dsp_1_U86 SOURCE flash_attention.cpp:112 VARIABLE mul111_20 LOOP SCORE_LOOP_I_SCORE_LOOP_J BUNDLEDNAME {} DSP 3 BRAM 0 URAM 0 STORAGESUBTYPE {} DISPNAME {bind_op fmul}} {BINDTYPE op ID {} IMPL fulldsp LATENCY 4 OPTYPE fadd PRAGMA {} RTLNAME fadd_32ns_32ns_32_5_full_dsp_1_U54 SOURCE flash_attention.cpp:112 VARIABLE dot_42 LOOP SCORE_LOOP_I_SCORE_LOOP_J BUNDLEDNAME {} DSP 2 BRAM 0 URAM 0 STORAGESUBTYPE {} DISPNAME {bind_op fadd}} {BINDTYPE op ID {} IMPL maxdsp LATENCY 3 OPTYPE fmul PRAGMA {} RTLNAME fmul_32ns_32ns_32_4_max_dsp_1_U87 SOURCE flash_attention.cpp:112 VARIABLE mul111_21 LOOP SCORE_LOOP_I_SCORE_LOOP_J BUNDLEDNAME {} DSP 3 BRAM 0 URAM 0 STORAGESUBTYPE {} DISPNAME {bind_op fmul}} {BINDTYPE op ID {} IMPL fulldsp LATENCY 4 OPTYPE fadd PRAGMA {} RTLNAME fadd_32ns_32ns_32_5_full_dsp_1_U55 SOURCE flash_attention.cpp:112 VARIABLE dot_44 LOOP SCORE_LOOP_I_SCORE_LOOP_J BUNDLEDNAME {} DSP 2 BRAM 0 URAM 0 STORAGESUBTYPE {} DISPNAME {bind_op fadd}} {BINDTYPE op ID {} IMPL maxdsp LATENCY 3 OPTYPE fmul PRAGMA {} RTLNAME fmul_32ns_32ns_32_4_max_dsp_1_U88 SOURCE flash_attention.cpp:112 VARIABLE mul111_22 LOOP SCORE_LOOP_I_SCORE_LOOP_J BUNDLEDNAME {} DSP 3 BRAM 0 URAM 0 STORAGESUBTYPE {} DISPNAME {bind_op fmul}} {BINDTYPE op ID {} IMPL fulldsp LATENCY 4 OPTYPE fadd PRAGMA {} RTLNAME fadd_32ns_32ns_32_5_full_dsp_1_U56 SOURCE flash_attention.cpp:112 VARIABLE dot_46 LOOP SCORE_LOOP_I_SCORE_LOOP_J BUNDLEDNAME {} DSP 2 BRAM 0 URAM 0 STORAGESUBTYPE {} DISPNAME {bind_op fadd}} {BINDTYPE op ID {} IMPL maxdsp LATENCY 3 OPTYPE fmul PRAGMA {} RTLNAME fmul_32ns_32ns_32_4_max_dsp_1_U89 SOURCE flash_attention.cpp:112 VARIABLE mul111_23 LOOP SCORE_LOOP_I_SCORE_LOOP_J BUNDLEDNAME {} DSP 3 BRAM 0 URAM 0 STORAGESUBTYPE {} DISPNAME {bind_op fmul}} {BINDTYPE op ID {} IMPL fulldsp LATENCY 4 OPTYPE fadd PRAGMA {} RTLNAME fadd_32ns_32ns_32_5_full_dsp_1_U57 SOURCE flash_attention.cpp:112 VARIABLE dot_48 LOOP SCORE_LOOP_I_SCORE_LOOP_J BUNDLEDNAME {} DSP 2 BRAM 0 URAM 0 STORAGESUBTYPE {} DISPNAME {bind_op fadd}} {BINDTYPE op ID {} IMPL maxdsp LATENCY 3 OPTYPE fmul PRAGMA {} RTLNAME fmul_32ns_32ns_32_4_max_dsp_1_U90 SOURCE flash_attention.cpp:112 VARIABLE mul111_24 LOOP SCORE_LOOP_I_SCORE_LOOP_J BUNDLEDNAME {} DSP 3 BRAM 0 URAM 0 STORAGESUBTYPE {} DISPNAME {bind_op fmul}} {BINDTYPE op ID {} IMPL fulldsp LATENCY 4 OPTYPE fadd PRAGMA {} RTLNAME fadd_32ns_32ns_32_5_full_dsp_1_U58 SOURCE flash_attention.cpp:112 VARIABLE dot_50 LOOP SCORE_LOOP_I_SCORE_LOOP_J BUNDLEDNAME {} DSP 2 BRAM 0 URAM 0 STORAGESUBTYPE {} DISPNAME {bind_op fadd}} {BINDTYPE op ID {} IMPL maxdsp LATENCY 3 OPTYPE fmul PRAGMA {} RTLNAME fmul_32ns_32ns_32_4_max_dsp_1_U91 SOURCE flash_attention.cpp:112 VARIABLE mul111_25 LOOP SCORE_LOOP_I_SCORE_LOOP_J BUNDLEDNAME {} DSP 3 BRAM 0 URAM 0 STORAGESUBTYPE {} DISPNAME {bind_op fmul}} {BINDTYPE op ID {} IMPL fulldsp LATENCY 4 OPTYPE fadd PRAGMA {} RTLNAME fadd_32ns_32ns_32_5_full_dsp_1_U59 SOURCE flash_attention.cpp:112 VARIABLE dot_52 LOOP SCORE_LOOP_I_SCORE_LOOP_J BUNDLEDNAME {} DSP 2 BRAM 0 URAM 0 STORAGESUBTYPE {} DISPNAME {bind_op fadd}} {BINDTYPE op ID {} IMPL maxdsp LATENCY 3 OPTYPE fmul PRAGMA {} RTLNAME fmul_32ns_32ns_32_4_max_dsp_1_U92 SOURCE flash_attention.cpp:112 VARIABLE mul111_26 LOOP SCORE_LOOP_I_SCORE_LOOP_J BUNDLEDNAME {} DSP 3 BRAM 0 URAM 0 STORAGESUBTYPE {} DISPNAME {bind_op fmul}} {BINDTYPE op ID {} IMPL fulldsp LATENCY 4 OPTYPE fadd PRAGMA {} RTLNAME fadd_32ns_32ns_32_5_full_dsp_1_U60 SOURCE flash_attention.cpp:112 VARIABLE dot_54 LOOP SCORE_LOOP_I_SCORE_LOOP_J BUNDLEDNAME {} DSP 2 BRAM 0 URAM 0 STORAGESUBTYPE {} DISPNAME {bind_op fadd}} {BINDTYPE op ID {} IMPL maxdsp LATENCY 3 OPTYPE fmul PRAGMA {} RTLNAME fmul_32ns_32ns_32_4_max_dsp_1_U93 SOURCE flash_attention.cpp:112 VARIABLE mul111_27 LOOP SCORE_LOOP_I_SCORE_LOOP_J BUNDLEDNAME {} DSP 3 BRAM 0 URAM 0 STORAGESUBTYPE {} DISPNAME {bind_op fmul}} {BINDTYPE op ID {} IMPL fulldsp LATENCY 4 OPTYPE fadd PRAGMA {} RTLNAME fadd_32ns_32ns_32_5_full_dsp_1_U61 SOURCE flash_attention.cpp:112 VARIABLE dot_56 LOOP SCORE_LOOP_I_SCORE_LOOP_J BUNDLEDNAME {} DSP 2 BRAM 0 URAM 0 STORAGESUBTYPE {} DISPNAME {bind_op fadd}} {BINDTYPE op ID {} IMPL maxdsp LATENCY 3 OPTYPE fmul PRAGMA {} RTLNAME fmul_32ns_32ns_32_4_max_dsp_1_U94 SOURCE flash_attention.cpp:112 VARIABLE mul111_28 LOOP SCORE_LOOP_I_SCORE_LOOP_J BUNDLEDNAME {} DSP 3 BRAM 0 URAM 0 STORAGESUBTYPE {} DISPNAME {bind_op fmul}} {BINDTYPE op ID {} IMPL fulldsp LATENCY 4 OPTYPE fadd PRAGMA {} RTLNAME fadd_32ns_32ns_32_5_full_dsp_1_U62 SOURCE flash_attention.cpp:112 VARIABLE dot_58 LOOP SCORE_LOOP_I_SCORE_LOOP_J BUNDLEDNAME {} DSP 2 BRAM 0 URAM 0 STORAGESUBTYPE {} DISPNAME {bind_op fadd}} {BINDTYPE op ID {} IMPL maxdsp LATENCY 3 OPTYPE fmul PRAGMA {} RTLNAME fmul_32ns_32ns_32_4_max_dsp_1_U95 SOURCE flash_attention.cpp:112 VARIABLE mul111_29 LOOP SCORE_LOOP_I_SCORE_LOOP_J BUNDLEDNAME {} DSP 3 BRAM 0 URAM 0 STORAGESUBTYPE {} DISPNAME {bind_op fmul}} {BINDTYPE op ID {} IMPL fulldsp LATENCY 4 OPTYPE fadd PRAGMA {} RTLNAME fadd_32ns_32ns_32_5_full_dsp_1_U63 SOURCE flash_attention.cpp:112 VARIABLE dot_60 LOOP SCORE_LOOP_I_SCORE_LOOP_J BUNDLEDNAME {} DSP 2 BRAM 0 URAM 0 STORAGESUBTYPE {} DISPNAME {bind_op fadd}} {BINDTYPE op ID {} IMPL maxdsp LATENCY 3 OPTYPE fmul PRAGMA {} RTLNAME fmul_32ns_32ns_32_4_max_dsp_1_U96 SOURCE flash_attention.cpp:112 VARIABLE mul111_30 LOOP SCORE_LOOP_I_SCORE_LOOP_J BUNDLEDNAME {} DSP 3 BRAM 0 URAM 0 STORAGESUBTYPE {} DISPNAME {bind_op fmul}} {BINDTYPE op ID {} IMPL fulldsp LATENCY 4 OPTYPE fadd PRAGMA {} RTLNAME fadd_32ns_32ns_32_5_full_dsp_1_U64 SOURCE flash_attention.cpp:112 VARIABLE dot_62 LOOP SCORE_LOOP_I_SCORE_LOOP_J BUNDLEDNAME {} DSP 2 BRAM 0 URAM 0 STORAGESUBTYPE {} DISPNAME {bind_op fadd}} {BINDTYPE op ID {} IMPL maxdsp LATENCY 3 OPTYPE fmul PRAGMA {} RTLNAME fmul_32ns_32ns_32_4_max_dsp_1_U97 SOURCE flash_attention.cpp:115 VARIABLE s LOOP SCORE_LOOP_I_SCORE_LOOP_J BUNDLEDNAME {} DSP 3 BRAM 0 URAM 0 STORAGESUBTYPE {} DISPNAME {bind_op fmul}} {BINDTYPE op ID {} IMPL fabric LATENCY 0 OPTYPE add PRAGMA {} RTLNAME add_ln119_fu_1784_p2 SOURCE flash_attention.cpp:119 VARIABLE add_ln119 LOOP SCORE_LOOP_I_SCORE_LOOP_J BUNDLEDNAME {} DSP 0 BRAM 0 URAM 0 STORAGESUBTYPE {} DISPNAME {bind_op add}} {BINDTYPE op ID {} IMPL fabric LATENCY 0 OPTYPE add PRAGMA {} RTLNAME add_ln106_fu_1752_p2 SOURCE flash_attention.cpp:106 VARIABLE add_ln106 LOOP SCORE_LOOP_I_SCORE_LOOP_J BUNDLEDNAME {} DSP 0 BRAM 0 URAM 0 STORAGESUBTYPE {} DISPNAME {bind_op add}}} AREA {DSP 141 BRAM 0 URAM 0}} flash_attention_hls_Pipeline_FIND_MAX {BINDINFO {{BINDTYPE op ID {} IMPL fabric LATENCY 0 OPTYPE add PRAGMA {} RTLNAME add_ln136_fu_112_p2 SOURCE flash_attention.cpp:136 VARIABLE add_ln136 LOOP FIND_MAX BUNDLEDNAME {} DSP 0 BRAM 0 URAM 0 STORAGESUBTYPE {} DISPNAME {bind_op add}} {BINDTYPE op ID {} IMPL fabric LATENCY 0 OPTYPE add PRAGMA {} RTLNAME add_ln138_fu_122_p2 SOURCE flash_attention.cpp:138 VARIABLE add_ln138 LOOP FIND_MAX BUNDLEDNAME {} DSP 0 BRAM 0 URAM 0 STORAGESUBTYPE {} DISPNAME {bind_op add}}} AREA {DSP 0 BRAM 0 URAM 0}} flash_attention_hls_Pipeline_VITIS_LOOP_160_4 {BINDINFO {{BINDTYPE op ID {} IMPL fabric LATENCY 0 OPTYPE add PRAGMA {} RTLNAME add_ln160_fu_348_p2 SOURCE flash_attention.cpp:160 VARIABLE add_ln160 LOOP VITIS_LOOP_160_4 BUNDLEDNAME {} DSP 0 BRAM 0 URAM 0 STORAGESUBTYPE {} DISPNAME {bind_op add}}} AREA {DSP 0 BRAM 0 URAM 0}} flash_attention_hls_Pipeline_UPDATE_ACC {BINDINFO {{BINDTYPE op ID {} IMPL fabric LATENCY 15 OPTYPE fdiv PRAGMA {} RTLNAME fdiv_32ns_32ns_32_16_no_dsp_1_U180 SOURCE flash_attention.cpp:176 VARIABLE div235_1 LOOP UPDATE_ACC BUNDLEDNAME {} DSP 0 BRAM 0 URAM 0 STORAGESUBTYPE {} DISPNAME {bind_op fdiv}} {BINDTYPE op ID {} IMPL fabric LATENCY 15 OPTYPE fdiv PRAGMA {} RTLNAME fdiv_32ns_32ns_32_16_no_dsp_1_U181 SOURCE flash_attention.cpp:176 VARIABLE div235_2 LOOP UPDATE_ACC BUNDLEDNAME {} DSP 0 BRAM 0 URAM 0 STORAGESUBTYPE {} DISPNAME {bind_op fdiv}} {BINDTYPE op ID {} IMPL fabric LATENCY 15 OPTYPE fdiv PRAGMA {} RTLNAME fdiv_32ns_32ns_32_16_no_dsp_1_U182 SOURCE flash_attention.cpp:176 VARIABLE div235_3 LOOP UPDATE_ACC BUNDLEDNAME {} DSP 0 BRAM 0 URAM 0 STORAGESUBTYPE {} DISPNAME {bind_op fdiv}} {BINDTYPE op ID {} IMPL fabric LATENCY 0 OPTYPE add PRAGMA {} RTLNAME add_ln172_fu_372_p2 SOURCE flash_attention.cpp:172 VARIABLE add_ln172 LOOP UPDATE_ACC BUNDLEDNAME {} DSP 0 BRAM 0 URAM 0 STORAGESUBTYPE {} DISPNAME {bind_op add}}} AREA {DSP 0 BRAM 0 URAM 0}} flash_attention_hls_Pipeline_STORE_O_VITIS_LOOP_188_5 {BINDINFO {{BINDTYPE op ID {} IMPL fabric LATENCY 0 OPTYPE add PRAGMA {} RTLNAME add_ln187_3_fu_274_p2 SOURCE flash_attention.cpp:187 VARIABLE add_ln187_3 LOOP STORE_O_VITIS_LOOP_188_5 BUNDLEDNAME {} DSP 0 BRAM 0 URAM 0 STORAGESUBTYPE {} DISPNAME {bind_op add}} {BINDTYPE op ID {} IMPL fabric LATENCY 0 OPTYPE add PRAGMA {} RTLNAME add_ln187_fu_283_p2 SOURCE flash_attention.cpp:187 VARIABLE add_ln187 LOOP STORE_O_VITIS_LOOP_188_5 BUNDLEDNAME {} DSP 0 BRAM 0 URAM 0 STORAGESUBTYPE {} DISPNAME {bind_op add}} {BINDTYPE op ID {} IMPL fabric LATENCY 0 OPTYPE add PRAGMA {} RTLNAME add_ln187_1_fu_381_p2 SOURCE flash_attention.cpp:187 VARIABLE add_ln187_1 LOOP STORE_O_VITIS_LOOP_188_5 BUNDLEDNAME {} DSP 0 BRAM 0 URAM 0 STORAGESUBTYPE {} DISPNAME {bind_op add}} {BINDTYPE op ID {} IMPL fabric LATENCY 0 OPTYPE add PRAGMA {} RTLNAME add_ln187_2_fu_398_p2 SOURCE flash_attention.cpp:187 VARIABLE add_ln187_2 LOOP STORE_O_VITIS_LOOP_188_5 BUNDLEDNAME {} DSP 0 BRAM 0 URAM 0 STORAGESUBTYPE {} DISPNAME {bind_op add}} {BINDTYPE op ID {} IMPL fabric LATENCY 0 OPTYPE add PRAGMA {} RTLNAME add_ln190_fu_343_p2 SOURCE flash_attention.cpp:190 VARIABLE add_ln190 LOOP STORE_O_VITIS_LOOP_188_5 BUNDLEDNAME {} DSP 0 BRAM 0 URAM 0 STORAGESUBTYPE {} DISPNAME {bind_op add}} {BINDTYPE op ID {} IMPL fabric LATENCY 0 OPTYPE add PRAGMA {} RTLNAME add_ln188_fu_349_p2 SOURCE flash_attention.cpp:188 VARIABLE add_ln188 LOOP STORE_O_VITIS_LOOP_188_5 BUNDLEDNAME {} DSP 0 BRAM 0 URAM 0 STORAGESUBTYPE {} DISPNAME {bind_op add}}} AREA {DSP 0 BRAM 0 URAM 0}} flash_attention_hls {BINDINFO {{BINDTYPE storage ID {} IMPL auto LATENCY 1 OPTYPE rom_np PRAGMA {} RTLNAME fdiv_32ns_32ns_32_16_no_dsp_1_U210 SOURCE flash_attention.cpp:47 VARIABLE Qbuf LOOP {} BUNDLEDNAME {} DSP 0 BRAM 2 URAM 0 STORAGESUBTYPE {} STORAGESIZE {32 64 1} STORAGEUSAGE {rom_np array} DISPNAME {bind_storage rom_np}} {BINDTYPE storage ID {} IMPL auto LATENCY 1 OPTYPE rom_np PRAGMA {} RTLNAME Qbuf_1_U SOURCE flash_attention.cpp:47 VARIABLE Qbuf_1 LOOP {} BUNDLEDNAME {} DSP 0 BRAM 2 URAM 0 STORAGESUBTYPE {} STORAGESIZE {32 64 1} STORAGEUSAGE {rom_np array} DISPNAME {bind_storage rom_np}} {BINDTYPE storage ID {} IMPL auto LATENCY 1 OPTYPE rom_np PRAGMA {} RTLNAME Qbuf_2_U SOURCE flash_attention.cpp:47 VARIABLE Qbuf_2 LOOP {} BUNDLEDNAME {} DSP 0 BRAM 2 URAM 0 STORAGESUBTYPE {} STORAGESIZE {32 64 1} STORAGEUSAGE {rom_np array} DISPNAME {bind_storage rom_np}} {BINDTYPE storage ID {} IMPL auto LATENCY 1 OPTYPE rom_np PRAGMA {} RTLNAME Qbuf_3_U SOURCE flash_attention.cpp:47 VARIABLE Qbuf_3 LOOP {} BUNDLEDNAME {} DSP 0 BRAM 2 URAM 0 STORAGESUBTYPE {} STORAGESIZE {32 64 1} STORAGEUSAGE {rom_np array} DISPNAME {bind_storage rom_np}} {BINDTYPE storage ID {} IMPL auto LATENCY 1 OPTYPE rom_np PRAGMA {} RTLNAME Kbuf_U SOURCE flash_attention.cpp:48 VARIABLE Kbuf LOOP {} BUNDLEDNAME {} DSP 0 BRAM 2 URAM 0 STORAGESUBTYPE {} STORAGESIZE {32 64 1} STORAGEUSAGE {rom_np array} DISPNAME {bind_storage rom_np}} {BINDTYPE storage ID {} IMPL auto LATENCY 1 OPTYPE rom_np PRAGMA {} RTLNAME fmul_32ns_32ns_32_4_max_dsp_1_U221 SOURCE flash_attention.cpp:48 VARIABLE Kbuf_1 LOOP {} BUNDLEDNAME {} DSP 0 BRAM 2 URAM 0 STORAGESUBTYPE {} STORAGESIZE {32 64 1} STORAGEUSAGE {rom_np array} DISPNAME {bind_storage rom_np}} {BINDTYPE storage ID {} IMPL auto LATENCY 1 OPTYPE rom_np PRAGMA {} RTLNAME Kbuf_2_U SOURCE flash_attention.cpp:48 VARIABLE Kbuf_2 LOOP {} BUNDLEDNAME {} DSP 0 BRAM 2 URAM 0 STORAGESUBTYPE {} STORAGESIZE {32 64 1} STORAGEUSAGE {rom_np array} DISPNAME {bind_storage rom_np}} {BINDTYPE storage ID {} IMPL auto LATENCY 1 OPTYPE rom_np PRAGMA {} RTLNAME Kbuf_3_U SOURCE flash_attention.cpp:48 VARIABLE Kbuf_3 LOOP {} BUNDLEDNAME {} DSP 0 BRAM 2 URAM 0 STORAGESUBTYPE {} STORAGESIZE {32 64 1} STORAGEUSAGE {rom_np array} DISPNAME {bind_storage rom_np}} {BINDTYPE storage ID {} IMPL auto LATENCY 1 OPTYPE ram_1p PRAGMA {} RTLNAME fmul_32ns_32ns_32_4_max_dsp_1_U221 SOURCE flash_attention.cpp:49 VARIABLE Vbuf LOOP {} BUNDLEDNAME {} DSP 0 BRAM 2 URAM 0 STORAGESUBTYPE {} STORAGESIZE {32 64 1} STORAGEUSAGE {ram_1p array} DISPNAME {bind_storage ram_1p}} {BINDTYPE storage ID {} IMPL auto LATENCY 1 OPTYPE ram_1p PRAGMA {} RTLNAME Vbuf_1_U SOURCE flash_attention.cpp:49 VARIABLE Vbuf_1 LOOP {} BUNDLEDNAME {} DSP 0 BRAM 2 URAM 0 STORAGESUBTYPE {} STORAGESIZE {32 64 1} STORAGEUSAGE {ram_1p array} DISPNAME {bind_storage ram_1p}} {BINDTYPE storage ID {} IMPL auto LATENCY 1 OPTYPE ram_1p PRAGMA {} RTLNAME Vbuf_2_U SOURCE flash_attention.cpp:49 VARIABLE Vbuf_2 LOOP {} BUNDLEDNAME {} DSP 0 BRAM 2 URAM 0 STORAGESUBTYPE {} STORAGESIZE {32 64 1} STORAGEUSAGE {ram_1p array} DISPNAME {bind_storage ram_1p}} {BINDTYPE storage ID {} IMPL auto LATENCY 1 OPTYPE ram_1p PRAGMA {} RTLNAME fadd_32ns_32ns_32_5_full_dsp_1_U218 SOURCE flash_attention.cpp:49 VARIABLE Vbuf_3 LOOP {} BUNDLEDNAME {} DSP 0 BRAM 2 URAM 0 STORAGESUBTYPE {} STORAGESIZE {32 64 1} STORAGEUSAGE {ram_1p array} DISPNAME {bind_storage ram_1p}} {BINDTYPE storage ID {} IMPL auto LATENCY 1 OPTYPE ram_1p PRAGMA {} RTLNAME scores_U SOURCE flash_attention.cpp:50 VARIABLE scores LOOP {} BUNDLEDNAME {} DSP 0 BRAM 1 URAM 0 STORAGESUBTYPE {} STORAGESIZE {32 64 1} STORAGEUSAGE {ram_1p array} DISPNAME {bind_storage ram_1p}} {BINDTYPE storage ID {} IMPL auto LATENCY 1 OPTYPE ram_s2p PRAGMA {} RTLNAME acc_U SOURCE flash_attention.cpp:51 VARIABLE acc LOOP {} BUNDLEDNAME {} DSP 0 BRAM 2 URAM 0 STORAGESUBTYPE {} STORAGESIZE {32 64 1} STORAGEUSAGE {ram_s2p array} DISPNAME {bind_storage ram_s2p}} {BINDTYPE storage ID {} IMPL auto LATENCY 1 OPTYPE ram_s2p PRAGMA {} RTLNAME acc_1_U SOURCE flash_attention.cpp:51 VARIABLE acc_1 LOOP {} BUNDLEDNAME {} DSP 0 BRAM 2 URAM 0 STORAGESUBTYPE {} STORAGESIZE {32 64 1} STORAGEUSAGE {ram_s2p array} DISPNAME {bind_storage ram_s2p}} {BINDTYPE storage ID {} IMPL auto LATENCY 1 OPTYPE ram_s2p PRAGMA {} RTLNAME acc_2_U SOURCE flash_attention.cpp:51 VARIABLE acc_2 LOOP {} BUNDLEDNAME {} DSP 0 BRAM 2 URAM 0 STORAGESUBTYPE {} STORAGESIZE {32 64 1} STORAGEUSAGE {ram_s2p array} DISPNAME {bind_storage ram_s2p}} {BINDTYPE storage ID {} IMPL auto LATENCY 1 OPTYPE ram_s2p PRAGMA {} RTLNAME acc_3_U SOURCE flash_attention.cpp:51 VARIABLE acc_3 LOOP {} BUNDLEDNAME {} DSP 0 BRAM 2 URAM 0 STORAGESUBTYPE {} STORAGESIZE {32 64 1} STORAGEUSAGE {ram_s2p array} DISPNAME {bind_storage ram_s2p}} {BINDTYPE storage ID {} IMPL auto LATENCY 1 OPTYPE ram_1p PRAGMA {} RTLNAME m_U SOURCE flash_attention.cpp:52 VARIABLE m LOOP {} BUNDLEDNAME {} DSP 0 BRAM 0 URAM 0 STORAGESUBTYPE {} STORAGESIZE {32 8 1} STORAGEUSAGE {ram_1p array} DISPNAME {bind_storage ram_1p}} {BINDTYPE storage ID {} IMPL auto LATENCY 1 OPTYPE ram_1p PRAGMA {} RTLNAME fmul_32ns_32ns_32_4_max_dsp_1_U222 SOURCE flash_attention.cpp:53 VARIABLE l LOOP {} BUNDLEDNAME {} DSP 0 BRAM 0 URAM 0 STORAGESUBTYPE {} STORAGESIZE {32 8 1} STORAGEUSAGE {ram_1p array} DISPNAME {bind_storage ram_1p}} {BINDTYPE storage ID {} IMPL auto LATENCY 1 OPTYPE ram_t2p PRAGMA {} RTLNAME weighted_U SOURCE flash_attention.cpp:147 VARIABLE weighted LOOP {} BUNDLEDNAME {} DSP 0 BRAM 0 URAM 0 STORAGESUBTYPE {} STORAGESIZE {32 8 1} STORAGEUSAGE {ram_t2p array} DISPNAME {bind_storage ram_t2p}} {BINDTYPE storage ID {} IMPL auto LATENCY 1 OPTYPE ram_t2p PRAGMA {} RTLNAME weighted_1_U SOURCE flash_attention.cpp:147 VARIABLE weighted_1 LOOP {} BUNDLEDNAME {} DSP 0 BRAM 0 URAM 0 STORAGESUBTYPE {} STORAGESIZE {32 8 1} STORAGEUSAGE {ram_t2p array} DISPNAME {bind_storage ram_t2p}} {BINDTYPE storage ID {} IMPL auto LATENCY 1 OPTYPE ram_t2p PRAGMA {} RTLNAME fadd_32ns_32ns_32_5_full_dsp_1_U219 SOURCE flash_attention.cpp:147 VARIABLE weighted_2 LOOP {} BUNDLEDNAME {} DSP 0 BRAM 0 URAM 0 STORAGESUBTYPE {} STORAGESIZE {32 8 1} STORAGEUSAGE {ram_t2p array} DISPNAME {bind_storage ram_t2p}} {BINDTYPE storage ID {} IMPL auto LATENCY 1 OPTYPE ram_t2p PRAGMA {} RTLNAME fmul_32ns_32ns_32_4_max_dsp_1_U222 SOURCE flash_attention.cpp:147 VARIABLE weighted_3 LOOP {} BUNDLEDNAME {} DSP 0 BRAM 0 URAM 0 STORAGESUBTYPE {} STORAGESIZE {32 8 1} STORAGEUSAGE {ram_t2p array} DISPNAME {bind_storage ram_t2p}} {BINDTYPE op ID {} IMPL fabric LATENCY 15 OPTYPE fsqrt PRAGMA {} RTLNAME fsqrt_32ns_32ns_32_16_no_dsp_1_U213 SOURCE /wrk/ci/prod/2023.2/hls_product/continuous/689/2023.2/src/shared/hls/clib/hlsmath/src/c++/sqrtfloat.cpp:13 VARIABLE tmp LOOP {} BUNDLEDNAME {} DSP 0 BRAM 0 URAM 0 STORAGESUBTYPE {} DISPNAME {bind_op fsqrt}} {BINDTYPE op ID {} IMPL fabric LATENCY 15 OPTYPE fdiv PRAGMA {} RTLNAME fadd_32ns_32ns_32_5_full_dsp_1_U219 SOURCE flash_attention.cpp:60 VARIABLE inv_sqrt_d LOOP {} BUNDLEDNAME {} DSP 0 BRAM 0 URAM 0 STORAGESUBTYPE {} DISPNAME {bind_op fdiv}} {BINDTYPE op ID {} IMPL fabric LATENCY 0 OPTYPE add PRAGMA {} RTLNAME add_ln63_fu_1225_p2 SOURCE flash_attention.cpp:63 VARIABLE add_ln63 LOOP {} BUNDLEDNAME {} DSP 0 BRAM 0 URAM 0 STORAGESUBTYPE {} DISPNAME {bind_op add}} {BINDTYPE op ID {} IMPL fabric LATENCY 0 OPTYPE add PRAGMA {} RTLNAME add_ln63_1_fu_1245_p2 SOURCE flash_attention.cpp:63 VARIABLE add_ln63_1 LOOP {} BUNDLEDNAME {} DSP 0 BRAM 0 URAM 0 STORAGESUBTYPE {} DISPNAME {bind_op add}} {BINDTYPE op ID {} IMPL fabric LATENCY 0 OPTYPE add PRAGMA {} RTLNAME add_ln63_2_fu_1282_p2 SOURCE flash_attention.cpp:63 VARIABLE add_ln63_2 LOOP Q_TILE_LOOP BUNDLEDNAME {} DSP 0 BRAM 0 URAM 0 STORAGESUBTYPE {} DISPNAME {bind_op add}} {BINDTYPE op ID {} IMPL fabric LATENCY 0 OPTYPE add PRAGMA {} RTLNAME add_ln64_fu_1292_p2 SOURCE flash_attention.cpp:64 VARIABLE add_ln64 LOOP Q_TILE_LOOP BUNDLEDNAME {} DSP 0 BRAM 0 URAM 0 STORAGESUBTYPE {} DISPNAME {bind_op add}} {BINDTYPE op ID {} IMPL fabric LATENCY 0 OPTYPE sub PRAGMA {} RTLNAME sub_ln64_fu_1311_p2 SOURCE flash_attention.cpp:64 VARIABLE sub_ln64 LOOP Q_TILE_LOOP BUNDLEDNAME {} DSP 0 BRAM 0 URAM 0 STORAGESUBTYPE {} DISPNAME {bind_op sub}} {BINDTYPE op ID {} IMPL auto LATENCY 1 OPTYPE mul PRAGMA {} RTLNAME mul_32ns_32ns_63_2_1_U215 SOURCE flash_attention.cpp:68 VARIABLE mul_ln68 LOOP Q_TILE_LOOP BUNDLEDNAME {} DSP 4 BRAM 0 URAM 0 STORAGESUBTYPE {} DISPNAME {bind_op mul}} {BINDTYPE op ID {} IMPL fabric LATENCY 0 OPTYPE add PRAGMA {} RTLNAME add_ln77_fu_1353_p2 SOURCE flash_attention.cpp:77 VARIABLE add_ln77 LOOP INIT_STATE BUNDLEDNAME {} DSP 0 BRAM 0 URAM 0 STORAGESUBTYPE {} DISPNAME {bind_op add}} {BINDTYPE op ID {} IMPL fabric LATENCY 0 OPTYPE add PRAGMA {} RTLNAME add_ln87_fu_1384_p2 SOURCE flash_attention.cpp:87 VARIABLE add_ln87 LOOP K_TILE_LOOP BUNDLEDNAME {} DSP 0 BRAM 0 URAM 0 STORAGESUBTYPE {} DISPNAME {bind_op add}} {BINDTYPE op ID {} IMPL fabric LATENCY 0 OPTYPE add PRAGMA {} RTLNAME add_ln88_fu_1390_p2 SOURCE flash_attention.cpp:88 VARIABLE add_ln88 LOOP K_TILE_LOOP BUNDLEDNAME {} DSP 0 BRAM 0 URAM 0 STORAGESUBTYPE {} DISPNAME {bind_op add}} {BINDTYPE op ID {} IMPL fabric LATENCY 0 OPTYPE sub PRAGMA {} RTLNAME sub_ln88_fu_1409_p2 SOURCE flash_attention.cpp:88 VARIABLE sub_ln88 LOOP K_TILE_LOOP BUNDLEDNAME {} DSP 0 BRAM 0 URAM 0 STORAGESUBTYPE {} DISPNAME {bind_op sub}} {BINDTYPE op ID {} IMPL auto LATENCY 1 OPTYPE mul PRAGMA {} RTLNAME mul_32ns_32ns_64_2_1_U216 SOURCE flash_attention.cpp:87 VARIABLE mul_ln87 LOOP K_TILE_LOOP BUNDLEDNAME {} DSP 4 BRAM 0 URAM 0 STORAGESUBTYPE {} DISPNAME {bind_op mul}} {BINDTYPE op ID {} IMPL auto LATENCY 1 OPTYPE mul PRAGMA {} RTLNAME mul_32ns_32ns_63_2_1_U215 SOURCE flash_attention.cpp:104 VARIABLE mul_ln104 LOOP K_TILE_LOOP BUNDLEDNAME {} DSP 4 BRAM 0 URAM 0 STORAGESUBTYPE {} DISPNAME {bind_op mul}} {BINDTYPE op ID {} IMPL fabric LATENCY 0 OPTYPE add PRAGMA {} RTLNAME add_ln132_fu_1463_p2 SOURCE flash_attention.cpp:132 VARIABLE add_ln132 LOOP UPDATE_LOOP_I BUNDLEDNAME {} DSP 0 BRAM 0 URAM 0 STORAGESUBTYPE {} DISPNAME {bind_op add}} {BINDTYPE op ID {} IMPL fulldsp LATENCY 4 OPTYPE fsub PRAGMA {} RTLNAME faddfsub_32ns_32ns_32_5_full_dsp_1_U208 SOURCE flash_attention.cpp:142 VARIABLE x_assign_1 LOOP UPDATE_LOOP_I BUNDLEDNAME {} DSP 2 BRAM 0 URAM 0 STORAGESUBTYPE {} DISPNAME {bind_op fsub}} {BINDTYPE op ID {} IMPL fulldsp LATENCY 9 OPTYPE fexp PRAGMA {} RTLNAME fexp_32ns_32ns_32_10_full_dsp_1_U214 SOURCE /wrk/ci/prod/2023.2/hls_product/continuous/689/2023.2/src/shared/hls/clib/hlsmath/src/common/hls_exp_float.cpp:17 VARIABLE old_scale LOOP UPDATE_LOOP_I BUNDLEDNAME {} DSP 7 BRAM 0 URAM 0 STORAGESUBTYPE {} DISPNAME {bind_op fexp}} {BINDTYPE op ID {} IMPL fabric LATENCY 0 OPTYPE add PRAGMA {} RTLNAME add_ln157_fu_1587_p2 SOURCE flash_attention.cpp:157 VARIABLE add_ln157 LOOP EXP_ACCUM BUNDLEDNAME {} DSP 0 BRAM 0 URAM 0 STORAGESUBTYPE {} DISPNAME {bind_op add}} {BINDTYPE op ID {} IMPL fabric LATENCY 0 OPTYPE add PRAGMA {} RTLNAME add_ln158_fu_1597_p2 SOURCE flash_attention.cpp:158 VARIABLE add_ln158 LOOP EXP_ACCUM BUNDLEDNAME {} DSP 0 BRAM 0 URAM 0 STORAGESUBTYPE {} DISPNAME {bind_op add}} {BINDTYPE op ID {} IMPL fulldsp LATENCY 4 OPTYPE fsub PRAGMA {} RTLNAME faddfsub_32ns_32ns_32_5_full_dsp_1_U208 SOURCE flash_attention.cpp:158 VARIABLE x_assign_2 LOOP EXP_ACCUM BUNDLEDNAME {} DSP 2 BRAM 0 URAM 0 STORAGESUBTYPE {} DISPNAME {bind_op fsub}} {BINDTYPE op ID {} IMPL fulldsp LATENCY 9 OPTYPE fexp PRAGMA {} RTLNAME fexp_32ns_32ns_32_10_full_dsp_1_U214 SOURCE /wrk/ci/prod/2023.2/hls_product/continuous/689/2023.2/src/shared/hls/clib/hlsmath/src/common/hls_exp_float.cpp:17 VARIABLE e LOOP EXP_ACCUM BUNDLEDNAME {} DSP 7 BRAM 0 URAM 0 STORAGESUBTYPE {} DISPNAME {bind_op fexp}} {BINDTYPE op ID {} IMPL fulldsp LATENCY 4 OPTYPE fsub PRAGMA {} RTLNAME faddfsub_32ns_32ns_32_5_full_dsp_1_U208 SOURCE flash_attention.cpp:159 VARIABLE exp_sum_1 LOOP EXP_ACCUM BUNDLEDNAME {} DSP 2 BRAM 0 URAM 0 STORAGESUBTYPE {} DISPNAME {bind_op fsub}} {BINDTYPE op ID {} IMPL maxdsp LATENCY 3 OPTYPE fmul PRAGMA {} RTLNAME fmul_32ns_32ns_32_4_max_dsp_1_U209 SOURCE flash_attention.cpp:167 VARIABLE mul1 LOOP UPDATE_LOOP_I BUNDLEDNAME {} DSP 3 BRAM 0 URAM 0 STORAGESUBTYPE {} DISPNAME {bind_op fmul}} {BINDTYPE op ID {} IMPL fulldsp LATENCY 4 OPTYPE fsub PRAGMA {} RTLNAME faddfsub_32ns_32ns_32_5_full_dsp_1_U208 SOURCE flash_attention.cpp:167 VARIABLE l_new LOOP UPDATE_LOOP_I BUNDLEDNAME {} DSP 2 BRAM 0 URAM 0 STORAGESUBTYPE {} DISPNAME {bind_op fsub}} {BINDTYPE op ID {} IMPL auto LATENCY 1 OPTYPE mul PRAGMA {} RTLNAME mul_32ns_32ns_64_2_1_U216 SOURCE flash_attention.cpp:187 VARIABLE mul_ln187 LOOP Q_TILE_LOOP BUNDLEDNAME {} DSP 4 BRAM 0 URAM 0 STORAGESUBTYPE {} DISPNAME {bind_op mul}}} AREA {DSP 178 BRAM 141 URAM 0}}}}'
INFO-FLOW: DBG:PUTS:      update_csynth_reports json2rpt_hw_sw_interfaces
Execute         send_msg_by_id INFO @200-1603@%s  and missed bursts 
INFO: [HLS 200-1603] Design has inferred MAXI bursts and missed bursts, see Vitis HLS GUI synthesis summary report for detailed information.
INFO-FLOW: Running: gen_csynth_sec_pragma
INFO-FLOW: Done: gen_csynth_sec_pragma time: 0 seconds per iteration
INFO-FLOW: DBG:PUTS:      update_csynth_reports wrote xml
INFO-FLOW: DBG:PUTS:      update_csynth_reports appended to csynth rpt file
INFO: [HLS 200-111] Finished Updating report files: CPU user time: 2.35 seconds. CPU system time: 0.09 seconds. Elapsed time: 2.66 seconds; current allocated memory: 465.965 MB.
INFO: [VHDL 208-304] Generating VHDL RTL for flash_attention_hls.
INFO: [VLOG 209-307] Generating Verilog RTL for flash_attention_hls.
Execute         syn_report -model flash_attention_hls -printsummary 
INFO: [HLS 200-790] **** Loop Constraint Status: All loop constraints were satisfied.
INFO: [HLS 200-789] **** Estimated Fmax: 115.01 MHz
Command       autosyn done; 8.4 sec.
Command     csynth_design done; 36.82 sec.
INFO: [HLS 200-111] Finished Command csynth_design CPU user time: 26.99 seconds. CPU system time: 2.89 seconds. Elapsed time: 36.82 seconds; current allocated memory: 190.266 MB.
Execute     cosim_design -argv rtl 
INFO: [HLS 200-1510] Running: cosim_design -argv rtl 
Execute       source /home/aa13231/Downloads/code/flash_attention_proj/solution1/.autopilot/db/global.setting.tcl 
Execute       source /home/aa13231/Downloads/code/flash_attention_proj/solution1/.autopilot/db/global.setting.tcl 
Execute       source /home/aa13231/Downloads/code/flash_attention_proj/solution1/.autopilot/db/global.setting.tcl 
INFO-FLOW: DBG:PUTS: read_platform_lib /home/aa13231/Downloads/code/flash_attention_proj/solution1/.autopilot/db/global.setting.tcl
Execute       source /eda/xilinx/Vitis_HLS/2023.2/common/technology/generic/autopilot/common.gen 
Execute         source /eda/xilinx/Vitis_HLS/2023.2/common/technology/generic/autopilot/APCoreGen.gen 
Execute       source /eda/xilinx/Vitis_HLS/2023.2/common/technology/generic/autopilot/op.gen 
Execute       source /eda/xilinx/Vitis_HLS/2023.2/common/technology/generic/autopilot/op_simcore.gen 
Execute       source /eda/xilinx/Vitis_HLS/2023.2/common/technology/generic/autopilot/interface.gen 
Execute       source /home/aa13231/Downloads/code/flash_attention_proj/solution1/.autopilot/db/global.setting.tcl 
Execute       source /eda/xilinx/Vitis_HLS/2023.2/common/technology/xilinx/common/xilinx.gen 
Execute         source /eda/xilinx/Vitis_HLS/2023.2/common/technology/xilinx/interface/plb46.gen 
Execute         source /eda/xilinx/Vitis_HLS/2023.2/common/technology/xilinx/interface/axi4.gen 
Execute         source /eda/xilinx/Vitis_HLS/2023.2/common/technology/xilinx/interface/nativeAXI4.gen 
Execute           source /eda/xilinx/Vitis_HLS/2023.2/common/technology/xilinx/interface/saxilite.gen 
Execute         source /eda/xilinx/Vitis_HLS/2023.2/common/technology/xilinx/scripts/xilinxcoregen.gen 
Execute         source /eda/xilinx/Vitis_HLS/2023.2/common/technology/xilinx/interface/XilEDKCoreGen.gen 
Execute         source /eda/xilinx/Vitis_HLS/2023.2/common/technology/xilinx/ip/dds_compiler.gen 
Execute         source /eda/xilinx/Vitis_HLS/2023.2/common/technology/xilinx/ip/util.gen 
Execute         source /eda/xilinx/Vitis_HLS/2023.2/common/technology/xilinx/ip/xfft.gen 
Execute         source /eda/xilinx/Vitis_HLS/2023.2/common/technology/xilinx/ip/xfir.gen 
Execute         source /eda/xilinx/Vitis_HLS/2023.2/common/technology/xilinx/DSP48/dsp48.gen 
Execute       ap_part_info -name xc7z020-clg400-1 -data names -quiet 
Execute       ap_part_info -name xc7z020-clg400-1 -data info -quiet 
Execute       source /home/aa13231/Downloads/code/flash_attention_proj/solution1/.autopilot/db/global.setting.tcl 
Execute       source /home/aa13231/Downloads/code/flash_attention_proj/solution1/.autopilot/db/flash_attention_hls.rtl_wrap.cfg.tcl 
Execute       source /home/aa13231/Downloads/code/flash_attention_proj/solution1/.autopilot/db/flash_attention_hls.tbgen.tcl 
Execute       source /home/aa13231/Downloads/code/flash_attention_proj/solution1/.autopilot/db/flash_attention_hls.tbgen.tcl 
Execute       source /home/aa13231/Downloads/code/flash_attention_proj/solution1/.autopilot/db/flash_attention_hls.tbgen.tcl 
Execute       source /home/aa13231/Downloads/code/flash_attention_proj/solution1/.autopilot/db/flash_attention_hls.tbgen.tcl 
INFO: [COSIM 212-47] Using XSIM for RTL simulation.
INFO: [COSIM 212-14] Instrumenting C test bench ...
Execute       ap_part_info -name xc7z020-clg400-1 -data info 
INFO-FLOW: TB processing: /home/aa13231/Downloads/code/tb_flash_attention.cpp /home/aa13231/Downloads/code/flash_attention_proj/solution1/./sim/autowrap/testbench/tb_flash_attention.cpp_pre.cpp
Execute       clang_tidy xilinx-tb-process -desc tb-process /home/aa13231/Downloads/code/flash_attention_proj/solution1/./sim/autowrap/testbench/tb_flash_attention.cpp_pre.cpp.tb.cpp std=c++14 
INFO-FLOW: exec /eda/xilinx/Vitis_HLS/2023.2/lnx64/tools/clang-3.9-csynth/bin/clang-tidy -header-filter=.* --checks=-*,xilinx-tb-process -fix-errors /home/aa13231/Downloads/code/flash_attention_proj/solution1/./sim/autowrap/testbench/tb_flash_attention.cpp_pre.cpp.tb.cpp -- -std=c++14 -fhls -ferror-limit=0
Command       clang_tidy done; 0.55 sec.
Execute       ap_part_info -name xc7z020-clg400-1 -data info 
INFO-FLOW: TB processing: /home/aa13231/Downloads/code/flash_attention.cpp /home/aa13231/Downloads/code/flash_attention_proj/solution1/./sim/autowrap/testbench/flash_attention.cpp_pre.cpp
Execute       clang_tidy xilinx-tb-process -desc tb-process /home/aa13231/Downloads/code/flash_attention_proj/solution1/./sim/autowrap/testbench/flash_attention.cpp_pre.cpp.tb.cpp std=c++14 
INFO-FLOW: exec /eda/xilinx/Vitis_HLS/2023.2/lnx64/tools/clang-3.9-csynth/bin/clang-tidy -header-filter=.* --checks=-*,xilinx-tb-process -fix-errors /home/aa13231/Downloads/code/flash_attention_proj/solution1/./sim/autowrap/testbench/flash_attention.cpp_pre.cpp.tb.cpp -- -std=c++14 -fhls -ferror-limit=0
Command       clang_tidy done; 4.29 sec.
Execute       source /home/aa13231/Downloads/code/flash_attention_proj/solution1/./sim/autowrap/testbench/tb.status.tcl 
Execute       source /home/aa13231/Downloads/code/flash_attention_proj/solution1/.autopilot/db/global.setting.tcl 
Execute       source /home/aa13231/Downloads/code/flash_attention_proj/solution1/.autopilot/db/flash_attention_hls.rtl_wrap.cfg.tcl 
Execute       source /home/aa13231/Downloads/code/flash_attention_proj/solution1/.autopilot/db/flash_attention_hls.rtl_wrap.cfg.tcl 
Execute       source /home/aa13231/Downloads/code/flash_attention_proj/solution1/.autopilot/db/flash_attention_hls.rtl_wrap.cfg.tcl 
Execute       source /home/aa13231/Downloads/code/flash_attention_proj/solution1/.autopilot/db/flash_attention_hls.tbgen.tcl 
Execute       source /home/aa13231/Downloads/code/flash_attention_proj/solution1/.autopilot/db/flash_attention_hls.tbgen.tcl 
Execute       ap_part_info -name xc7z020-clg400-1 -data info 
Execute       source .run_sim.tcl 
INFO: [COSIM 212-302] Starting C TB testing ... 
Command       ap_source done; 0.5 sec.
INFO: [COSIM 212-333] Generating C post check test bench ...
INFO: [COSIM 212-12] Generating RTL test bench ...
Execute       source ../tv/cdatafile/ref.tcl 
Execute       source /home/aa13231/Downloads/code/flash_attention_proj/solution1/.autopilot/db/flash_attention_hls.tbgen.tcl 
Execute       source /home/aa13231/Downloads/code/flash_attention_proj/solution1/.autopilot/db/flash_attention_hls.tbgen.tcl 
Execute       source /home/aa13231/Downloads/code/flash_attention_proj/solution1/.autopilot/db/flash_attention_hls.tbgen.tcl 
Execute       source /home/aa13231/Downloads/code/flash_attention_proj/solution1/.autopilot/db/flash_attention_hls.tbgen.tcl 
Execute       source ../tv/cdatafile/ref.tcl 
Execute       source /home/aa13231/Downloads/code/flash_attention_proj/solution1/.autopilot/db/flash_attention_hls.tbgen.tcl 
Execute       source /home/aa13231/Downloads/code/flash_attention_proj/solution1/.autopilot/db/flash_attention_hls.tbgen.tcl 
Execute       source /home/aa13231/Downloads/code/flash_attention_proj/solution1/.autopilot/db/flash_attention_hls.tbgen.tcl 
Execute       source /home/aa13231/Downloads/code/flash_attention_proj/solution1/.autopilot/db/flash_attention_hls.tbgen.tcl 
Execute       source /home/aa13231/Downloads/code/flash_attention_proj/solution1/.autopilot/db/flash_attention_hls.tbgen.tcl 
Execute       source /home/aa13231/Downloads/code/flash_attention_proj/solution1/.autopilot/db/flash_attention_hls.tbgen.tcl 
Execute       source /home/aa13231/Downloads/code/flash_attention_proj/solution1/.autopilot/db/flash_attention_hls.tbgen.tcl 
Execute       source /home/aa13231/Downloads/code/flash_attention_proj/solution1/.autopilot/db/flash_attention_hls.tbgen.tcl 
Execute       source /home/aa13231/Downloads/code/flash_attention_proj/solution1/.autopilot/db/flash_attention_hls.tbgen.tcl 
Execute       source /home/aa13231/Downloads/code/flash_attention_proj/solution1/.autopilot/db/flash_attention_hls.tbgen.tcl 
Execute       source /home/aa13231/Downloads/code/flash_attention_proj/solution1/.autopilot/db/flash_attention_hls.tbgen.tcl 
Execute       source /home/aa13231/Downloads/code/flash_attention_proj/solution1/.autopilot/db/flash_attention_hls.DependenceCheck.tcl 
Execute       source /home/aa13231/Downloads/code/flash_attention_proj/solution1/.autopilot/db/flash_attention_hls.tbgen.tcl 
Execute       ap_part_info -name xc7z020-clg400-1 -data names -quiet 
Execute       ap_part_info -name xc7z020-clg400-1 -data info -quiet 
INFO: [COSIM 212-1] *** C/RTL co-simulation file generation completed. ***
Execute       source .run_sim.tcl 
Execute         source check_sim.tcl 
Execute         source dataflow_monitor_API.tcl 
Execute         source .sim.status.tcl 
INFO: [COSIM 212-323] Starting verilog simulation. 
INFO: [COSIM 212-15] Starting XSIM ...
INFO: [COSIM 212-316] Starting C post checking ...
Command       ap_source done; 114.98 sec.
INFO: [COSIM 212-1000] *** C/RTL co-simulation finished: PASS ***
Command     cosim_design done; 172.23 sec.
INFO: [HLS 200-111] Finished Command cosim_design CPU user time: 205.94 seconds. CPU system time: 8.23 seconds. Elapsed time: 172.23 seconds; current allocated memory: 10.309 MB.
Execute     export_design -format ip_catalog -rtl verilog 
INFO: [HLS 200-1510] Running: export_design -format ip_catalog -rtl verilog 
Execute       config_export -format=ip_catalog -rtl=verilog 
INFO-FLOW: DBG:PUTS: export_design_wrap: -format ip_catalog -rtl verilog
Execute       source /home/aa13231/Downloads/code/flash_attention_proj/solution1/.autopilot/db/global.setting.tcl 
INFO-FLOW: DBG:PUTS:   auto_impl: pack: -export -rtl verilog
INFO-FLOW: DBG:PROC: ::AESL_AUTOIMPL::auto_impl args='-export -rtl verilog'
Execute       source /home/aa13231/Downloads/code/flash_attention_proj/solution1/.autopilot/db/global.setting.tcl 
INFO: [IMPL 213-8] Exporting RTL as a Vivado IP.
INFO-FLOW: DBG:PUTS: automg_wrap -export -pcore_version 1.00.a -rtl vlog -tool Vivado -impltomg_flag
INFO-FLOW: DBG:PROC: ::AESL_AUTOMG::auto_generate args='-export -pcore_version 1.00.a -rtl vlog -tool Vivado -impltomg_flag'
INFO-FLOW: DBG:PUTS:     auto_generate -export -pcore_version 1.00.a -rtl vlog -tool Vivado -impltomg_flag
Execute       source /home/aa13231/Downloads/code/flash_attention_proj/solution1/.autopilot/db/global.setting.tcl 
INFO-FLOW: DBG:PUTS: read_platform_lib /home/aa13231/Downloads/code/flash_attention_proj/solution1/.autopilot/db/global.setting.tcl
Execute       source /eda/xilinx/Vitis_HLS/2023.2/common/technology/generic/autopilot/common.gen 
Execute         source /eda/xilinx/Vitis_HLS/2023.2/common/technology/generic/autopilot/APCoreGen.gen 
Execute       source /eda/xilinx/Vitis_HLS/2023.2/common/technology/generic/autopilot/op.gen 
Execute       source /eda/xilinx/Vitis_HLS/2023.2/common/technology/generic/autopilot/op_simcore.gen 
Execute       source /eda/xilinx/Vitis_HLS/2023.2/common/technology/generic/autopilot/interface.gen 
Execute       source /home/aa13231/Downloads/code/flash_attention_proj/solution1/.autopilot/db/global.setting.tcl 
Execute       source /eda/xilinx/Vitis_HLS/2023.2/common/technology/xilinx/common/xilinx.gen 
Execute         source /eda/xilinx/Vitis_HLS/2023.2/common/technology/xilinx/interface/plb46.gen 
Execute         source /eda/xilinx/Vitis_HLS/2023.2/common/technology/xilinx/interface/axi4.gen 
Execute         source /eda/xilinx/Vitis_HLS/2023.2/common/technology/xilinx/interface/nativeAXI4.gen 
Execute           source /eda/xilinx/Vitis_HLS/2023.2/common/technology/xilinx/interface/saxilite.gen 
Execute         source /eda/xilinx/Vitis_HLS/2023.2/common/technology/xilinx/scripts/xilinxcoregen.gen 
Execute         source /eda/xilinx/Vitis_HLS/2023.2/common/technology/xilinx/interface/XilEDKCoreGen.gen 
Execute         source /eda/xilinx/Vitis_HLS/2023.2/common/technology/xilinx/ip/dds_compiler.gen 
Execute         source /eda/xilinx/Vitis_HLS/2023.2/common/technology/xilinx/ip/util.gen 
Execute         source /eda/xilinx/Vitis_HLS/2023.2/common/technology/xilinx/ip/xfft.gen 
Execute         source /eda/xilinx/Vitis_HLS/2023.2/common/technology/xilinx/ip/xfir.gen 
Execute         source /eda/xilinx/Vitis_HLS/2023.2/common/technology/xilinx/DSP48/dsp48.gen 
INFO-FLOW: DBG:PUTS:       initCTypeInfo top_module=flash_attention_hls xml_exists=0
Execute       source /home/aa13231/Downloads/code/flash_attention_proj/solution1/.autopilot/db/flash_attention_hls.rtl_wrap.cfg.tcl 
Execute       source /home/aa13231/Downloads/code/flash_attention_proj/solution1/.autopilot/db/flash_attention_hls.rtl_wrap.cfg.tcl 
Execute       source /home/aa13231/Downloads/code/flash_attention_proj/solution1/.autopilot/db/flash_attention_hls.rtl_wrap.cfg.tcl 
Execute       source /home/aa13231/Downloads/code/flash_attention_proj/solution1/.autopilot/db/flash_attention_hls.tbgen.tcl 
Execute       source /home/aa13231/Downloads/code/flash_attention_proj/solution1/.autopilot/db/flash_attention_hls.tbgen.tcl 
Execute       source /home/aa13231/Downloads/code/flash_attention_proj/solution1/.autopilot/db/global.setting.tcl 
Execute       source /home/aa13231/Downloads/code/flash_attention_proj/solution1/.autopilot/db/flash_attention_hls.tbgen.tcl 
INFO-FLOW: DBG:PUTS:       cosim_export_main adding deadlock detection to flash_attention_hls
INFO-FLOW: DBG:PUTS: Skipping loadAnalyze_DB, #g_database=11
INFO-FLOW: DBG:PUTS:       generate_json generate_bd_files=0 generate_xo_files=false #modelList=47 #gSsdmPorts=0
INFO-FLOW: DBG:PROC: ::AP::DESIGN_DATA::generate_json generate_bd_files='0' generate_xo_files='false' modelList='flash_attention_hls_flow_control_loop_pipe_sequential_init
flash_attention_hls_flow_control_loop_pipe_sequential_init
flash_attention_hls_flow_control_loop_pipe_sequential_init
flash_attention_hls_fadd_32ns_32ns_32_5_full_dsp_1
flash_attention_hls_fmul_32ns_32ns_32_4_max_dsp_1
flash_attention_hls_flow_control_loop_pipe_sequential_init
flash_attention_hls_flow_control_loop_pipe_sequential_init
flash_attention_hls_flow_control_loop_pipe_sequential_init
flash_attention_hls_fdiv_32ns_32ns_32_16_no_dsp_1
flash_attention_hls_flow_control_loop_pipe_sequential_init
flash_attention_hls_sparsemux_9_2_32_1_1
flash_attention_hls_flow_control_loop_pipe_sequential_init
flash_attention_hls_faddfsub_32ns_32ns_32_5_full_dsp_1
flash_attention_hls_fmul_32ns_32ns_32_4_max_dsp_1
flash_attention_hls_fdiv_32ns_32ns_32_16_no_dsp_1
flash_attention_hls_sitofp_32ns_32_6_no_dsp_1
flash_attention_hls_fcmp_32ns_32ns_1_2_no_dsp_1
flash_attention_hls_fsqrt_32ns_32ns_32_16_no_dsp_1
flash_attention_hls_fexp_32ns_32ns_32_10_full_dsp_1
flash_attention_hls_mul_32ns_32ns_63_2_1
flash_attention_hls_mul_32ns_32ns_64_2_1
flash_attention_hls_fadd_32ns_32ns_32_5_full_dsp_1
flash_attention_hls_fadd_32ns_32ns_32_5_full_dsp_1
flash_attention_hls_fadd_32ns_32ns_32_5_full_dsp_1
flash_attention_hls_fadd_32ns_32ns_32_5_full_dsp_1
flash_attention_hls_fmul_32ns_32ns_32_4_max_dsp_1
flash_attention_hls_fmul_32ns_32ns_32_4_max_dsp_1
flash_attention_hls_fmul_32ns_32ns_32_4_max_dsp_1
flash_attention_hls_Qbuf_RAM_1WNR_AUTO_1R1W
flash_attention_hls_Vbuf_RAM_AUTO_1R1W
flash_attention_hls_acc_RAM_AUTO_1R1W
flash_attention_hls_m_RAM_AUTO_1R1W
flash_attention_hls_weighted_RAM_AUTO_1R1W
flash_attention_hls_gmem0_m_axi
flash_attention_hls_gmem1_m_axi
flash_attention_hls_gmem2_m_axi
flash_attention_hls_gmem3_m_axi
flash_attention_hls_ctrl_s_axi
flash_attention_hls_Pipeline_LOAD_Q_VITIS_LOOP_69_1
flash_attention_hls_Pipeline_VITIS_LOOP_80_2
flash_attention_hls_Pipeline_LOAD_KV_VITIS_LOOP_93_3
flash_attention_hls_Pipeline_SCORE_LOOP_I_SCORE_LOOP_J
flash_attention_hls_Pipeline_FIND_MAX
flash_attention_hls_Pipeline_VITIS_LOOP_160_4
flash_attention_hls_Pipeline_UPDATE_ACC
flash_attention_hls_Pipeline_STORE_O_VITIS_LOOP_188_5
flash_attention_hls
' rtl_lang='vlog' bootstrap_tcl='false' outdir='' outfilename=''
Execute       source /home/aa13231/Downloads/code/flash_attention_proj/solution1/.autopilot/db/global.setting.tcl 
Execute       source /home/aa13231/Downloads/code/flash_attention_proj/solution1/.autopilot/db/global.setting.tcl 
Execute       source /home/aa13231/Downloads/code/flash_attention_proj/solution1/.autopilot/db/top-io-be.tcl 
Execute       source /home/aa13231/Downloads/code/flash_attention_proj/solution1/.autopilot/db/flash_attention_hls.tbgen.tcl 
Execute       source /home/aa13231/Downloads/code/flash_attention_proj/solution1/.autopilot/db/flash_attention_hls.compgen.dataonly.tcl 
Execute       source /home/aa13231/Downloads/code/flash_attention_proj/solution1/.autopilot/db/flash_attention_hls.compgen.dataonly.tcl 
Execute       source /home/aa13231/Downloads/code/flash_attention_proj/solution1/.autopilot/db/flash_attention_hls.rtl_wrap.cfg.tcl 
Execute       source /home/aa13231/Downloads/code/flash_attention_proj/solution1/.autopilot/db/flash_attention_hls.compgen.dataonly.tcl 
Execute       source /home/aa13231/Downloads/code/flash_attention_proj/solution1/.autopilot/db/flash_attention_hls_Pipeline_LOAD_Q_VITIS_LOOP_69_1.tbgen.tcl 
Execute       source /home/aa13231/Downloads/code/flash_attention_proj/solution1/.autopilot/db/flash_attention_hls_Pipeline_VITIS_LOOP_80_2.tbgen.tcl 
Execute       source /home/aa13231/Downloads/code/flash_attention_proj/solution1/.autopilot/db/flash_attention_hls_Pipeline_LOAD_KV_VITIS_LOOP_93_3.tbgen.tcl 
Execute       source /home/aa13231/Downloads/code/flash_attention_proj/solution1/.autopilot/db/flash_attention_hls_Pipeline_SCORE_LOOP_I_SCORE_LOOP_J.tbgen.tcl 
Execute       source /home/aa13231/Downloads/code/flash_attention_proj/solution1/.autopilot/db/flash_attention_hls_Pipeline_FIND_MAX.tbgen.tcl 
Execute       source /home/aa13231/Downloads/code/flash_attention_proj/solution1/.autopilot/db/flash_attention_hls_Pipeline_VITIS_LOOP_160_4.tbgen.tcl 
Execute       source /home/aa13231/Downloads/code/flash_attention_proj/solution1/.autopilot/db/flash_attention_hls_Pipeline_UPDATE_ACC.tbgen.tcl 
Execute       source /home/aa13231/Downloads/code/flash_attention_proj/solution1/.autopilot/db/flash_attention_hls_Pipeline_STORE_O_VITIS_LOOP_188_5.tbgen.tcl 
Execute       source /home/aa13231/Downloads/code/flash_attention_proj/solution1/.autopilot/db/flash_attention_hls.tbgen.tcl 
Execute       source /home/aa13231/Downloads/code/flash_attention_proj/solution1/.autopilot/db/global.setting.tcl 
Execute       ap_part_info -name xc7z020-clg400-1 -data names -quiet 
Execute       ap_part_info -name xc7z020-clg400-1 -data info -quiet 
Execute       source /home/aa13231/Downloads/code/flash_attention_proj/solution1/.autopilot/db/flash_attention_hls.constraint.tcl 
Execute       sc_get_clocks flash_attention_hls 
Execute       source /home/aa13231/Downloads/code/flash_attention_proj/solution1/.autopilot/db/global.setting.tcl 
Execute       source /home/aa13231/Downloads/code/flash_attention_proj/solution1/impl/misc/flash_attention_hls_fadd_32ns_32ns_32_5_full_dsp_1_ip.tcl 
Execute       source /home/aa13231/Downloads/code/flash_attention_proj/solution1/impl/misc/flash_attention_hls_faddfsub_32ns_32ns_32_5_full_dsp_1_ip.tcl 
Execute       source /home/aa13231/Downloads/code/flash_attention_proj/solution1/impl/misc/flash_attention_hls_fcmp_32ns_32ns_1_2_no_dsp_1_ip.tcl 
Execute       source /home/aa13231/Downloads/code/flash_attention_proj/solution1/impl/misc/flash_attention_hls_fdiv_32ns_32ns_32_16_no_dsp_1_ip.tcl 
Execute       source /home/aa13231/Downloads/code/flash_attention_proj/solution1/impl/misc/flash_attention_hls_fexp_32ns_32ns_32_10_full_dsp_1_ip.tcl 
Execute       source /home/aa13231/Downloads/code/flash_attention_proj/solution1/impl/misc/flash_attention_hls_fmul_32ns_32ns_32_4_max_dsp_1_ip.tcl 
Execute       source /home/aa13231/Downloads/code/flash_attention_proj/solution1/impl/misc/flash_attention_hls_fsqrt_32ns_32ns_32_16_no_dsp_1_ip.tcl 
Execute       source /home/aa13231/Downloads/code/flash_attention_proj/solution1/impl/misc/flash_attention_hls_sitofp_32ns_32_6_no_dsp_1_ip.tcl 
Execute       source /home/aa13231/Downloads/code/flash_attention_proj/solution1/.autopilot/db/global.setting.tcl 
Execute       source /home/aa13231/Downloads/code/flash_attention_proj/solution1/.autopilot/db/flash_attention_hls.tbgen.tcl 
INFO-FLOW: DBG:PUTS:       cosim_export_main adding deadlock detection to flash_attention_hls
INFO-FLOW: DBG:PUTS:       copy ip_driver_dir 1_0 /home/aa13231/Downloads/code/flash_attention_proj/solution1/.autopilot/db/driver
INFO-FLOW: DBG:PUTS:       generate_ip_script #gSsdmPorts=0 g_lang=vlog is_sdaccel=false is_sdsoc=true xo_file=
Execute       ap_part_info -name xc7z020-clg400-1 -data names -quiet 
Execute       ap_part_info -name xc7z020-clg400-1 -data info -quiet 
Execute       ap_part_info -name xc7z020-clg400-1 -data names -quiet 
Execute       ap_part_info -name xc7z020-clg400-1 -data info -quiet 
Execute       source /home/aa13231/Downloads/code/flash_attention_proj/solution1/.autopilot/db/flash_attention_hls.tbgen.tcl 
Execute       source /home/aa13231/Downloads/code/flash_attention_proj/solution1/.autopilot/db/flash_attention_hls.compgen.dataonly.tcl 
Execute       source /home/aa13231/Downloads/code/flash_attention_proj/solution1/.autopilot/db/flash_attention_hls.compgen.dataonly.tcl 
Execute       source /home/aa13231/Downloads/code/flash_attention_proj/solution1/.autopilot/db/global.setting.tcl 
INFO-FLOW: DBG:PUTS:       generate_top_info
INFO-FLOW: DBG:PUTS:       prepArgInfo -> loadAnalyze_DB top_module=flash_attention_hls
Execute       source /home/aa13231/Downloads/code/flash_attention_proj/solution1/.autopilot/db/flash_attention_hls.rtl_wrap.cfg.tcl 
Execute       source /home/aa13231/Downloads/code/flash_attention_proj/solution1/.autopilot/db/flash_attention_hls.rtl_wrap.cfg.tcl 
Execute       source /home/aa13231/Downloads/code/flash_attention_proj/solution1/.autopilot/db/flash_attention_hls.rtl_wrap.cfg.tcl 
Execute       source /home/aa13231/Downloads/code/flash_attention_proj/solution1/.autopilot/db/flash_attention_hls.tbgen.tcl 
Execute       source /home/aa13231/Downloads/code/flash_attention_proj/solution1/.autopilot/db/flash_attention_hls.tbgen.tcl 
Execute       ap_part_info -name xc7z020-clg400-1 -data names -quiet 
Execute       ap_part_info -name xc7z020-clg400-1 -data info -quiet 
Execute       source /home/aa13231/Downloads/code/flash_attention_proj/solution1/.autopilot/db/global.setting.tcl 
Execute       ap_part_info -name xc7z020-clg400-1 -data names -quiet 
Execute       ap_part_info -name xc7z020-clg400-1 -data info -quiet 
Execute       ap_part_info -name xc7z020-clg400-1 -data names -quiet 
Execute       ap_part_info -name xc7z020-clg400-1 -data info -quiet 
Execute       source /home/aa13231/Downloads/code/flash_attention_proj/solution1/.autopilot/db/flash_attention_hls.tbgen.tcl 
Execute       source /home/aa13231/Downloads/code/flash_attention_proj/solution1/.autopilot/db/global.setting.tcl 
Execute       source /home/aa13231/Downloads/code/flash_attention_proj/solution1/.autopilot/db/flash_attention_hls.constraint.tcl 
INFO-FLOW: DBG:PUTS:       generate_syn_sh
Execute       ap_part_info -name xc7z020-clg400-1 -data names -quiet 
Execute       ap_part_info -name xc7z020-clg400-1 -data info -quiet 
Execute       source /home/aa13231/Downloads/code/flash_attention_proj/solution1/.autopilot/db/global.setting.tcl 
INFO-FLOW: DBG:PUTS:       generate_imp_constraints
Execute       ap_part_info -name xc7z020-clg400-1 -data names -quiet 
Execute       ap_part_info -name xc7z020-clg400-1 -data info -quiet 
Execute       source /home/aa13231/Downloads/code/flash_attention_proj/solution1/.autopilot/db/flash_attention_hls.constraint.tcl 
Execute       source /home/aa13231/Downloads/code/flash_attention_proj/solution1/.autopilot/db/flash_attention_hls.tbgen.tcl 
INFO-FLOW: DBG:PUTS:       delete-temp-dirs (skipped for debug)
Execute       ap_part_info -name xc7z020-clg400-1 -data names -quiet 
Execute       ap_part_info -name xc7z020-clg400-1 -data info -quiet 
INFO-FLOW: DBG:PUTS: read_platform_lib /home/aa13231/Downloads/code/flash_attention_proj/solution1/.autopilot/db/global.setting.tcl
Execute       source /eda/xilinx/Vitis_HLS/2023.2/common/technology/generic/autopilot/common.gen 
Execute         source /eda/xilinx/Vitis_HLS/2023.2/common/technology/generic/autopilot/APCoreGen.gen 
Execute       source /eda/xilinx/Vitis_HLS/2023.2/common/technology/generic/autopilot/op.gen 
Execute       source /eda/xilinx/Vitis_HLS/2023.2/common/technology/generic/autopilot/op_simcore.gen 
Execute       source /eda/xilinx/Vitis_HLS/2023.2/common/technology/generic/autopilot/interface.gen 
Execute       source /home/aa13231/Downloads/code/flash_attention_proj/solution1/.autopilot/db/global.setting.tcl 
Execute       source /eda/xilinx/Vitis_HLS/2023.2/common/technology/xilinx/common/xilinx.gen 
Execute         source /eda/xilinx/Vitis_HLS/2023.2/common/technology/xilinx/interface/plb46.gen 
Execute         source /eda/xilinx/Vitis_HLS/2023.2/common/technology/xilinx/interface/axi4.gen 
Execute         source /eda/xilinx/Vitis_HLS/2023.2/common/technology/xilinx/interface/nativeAXI4.gen 
Execute           source /eda/xilinx/Vitis_HLS/2023.2/common/technology/xilinx/interface/saxilite.gen 
Execute         source /eda/xilinx/Vitis_HLS/2023.2/common/technology/xilinx/scripts/xilinxcoregen.gen 
Execute         source /eda/xilinx/Vitis_HLS/2023.2/common/technology/xilinx/interface/XilEDKCoreGen.gen 
Execute         source /eda/xilinx/Vitis_HLS/2023.2/common/technology/xilinx/ip/dds_compiler.gen 
Execute         source /eda/xilinx/Vitis_HLS/2023.2/common/technology/xilinx/ip/util.gen 
Execute         source /eda/xilinx/Vitis_HLS/2023.2/common/technology/xilinx/ip/xfft.gen 
Execute         source /eda/xilinx/Vitis_HLS/2023.2/common/technology/xilinx/ip/xfir.gen 
Execute         source /eda/xilinx/Vitis_HLS/2023.2/common/technology/xilinx/DSP48/dsp48.gen 
INFO-FLOW: DBG:PUTS:     IP package: exec /home/aa13231/Downloads/code/flash_attention_proj/solution1/impl/ip/pack.sh
INFO-FLOW: DBG:PUTS:     IP package: success /home/aa13231/Downloads/code/flash_attention_proj/solution1/impl/ip/pack.sh
Execute       send_msg_by_id INFO @200-802@%s flash_attention_proj/solution1/impl/export.zip 
INFO: [HLS 200-802] Generated output file flash_attention_proj/solution1/impl/export.zip
Command     export_design done; 47.58 sec.
INFO: [HLS 200-111] Finished Command export_design CPU user time: 34.69 seconds. CPU system time: 1.59 seconds. Elapsed time: 47.58 seconds; current allocated memory: 10.199 MB.
Execute     cleanup_all 
