

================================================================
== Vitis HLS Report for 'flash_attention_hls_Pipeline_SCORE_LOOP_I_SCORE_LOOP_J'
================================================================
* Date:           Fri May  8 14:39:21 2026

* Version:        2023.2 (Build 4023990 on Oct 11 2023)
* Project:        flash_attention_proj
* Solution:       solution1 (Vivado IP Flow Target)
* Product family: zynq
* Target device:  xc7z020-clg400-1


================================================================
== Performance Estimates
================================================================
+ Timing: 
    * Summary: 
    +--------+----------+----------+------------+
    |  Clock |  Target  | Estimated| Uncertainty|
    +--------+----------+----------+------------+
    |ap_clk  |  10.00 ns|  7.256 ns|     2.70 ns|
    +--------+----------+----------+------------+

+ Latency: 
    * Summary: 
    +---------+---------+----------+----------+-----+-----+---------+
    |  Latency (cycles) |  Latency (absolute) |  Interval | Pipeline|
    |   min   |   max   |    min   |    max   | min | max |   Type  |
    +---------+---------+----------+----------+-----+-----+---------+
    |        ?|        ?|         ?|         ?|    ?|    ?|       no|
    +---------+---------+----------+----------+-----+-----+---------+

    + Detail: 
        * Instance: 
        N/A

        * Loop: 
        +-----------------------------+---------+---------+----------+-----------+-----------+------+----------+
        |                             |  Latency (cycles) | Iteration|  Initiation Interval  | Trip |          |
        |          Loop Name          |   min   |   max   |  Latency |  achieved |   target  | Count| Pipelined|
        +-----------------------------+---------+---------+----------+-----------+-----------+------+----------+
        |- SCORE_LOOP_I_SCORE_LOOP_J  |        ?|        ?|       202|          1|          1|     ?|       yes|
        +-----------------------------+---------+---------+----------+-----------+-----------+------+----------+

============================================================
+ Verbose Summary: Synthesis Manager
============================================================
InlineROM: 1
ExposeGlobal: 0
============================================================
+ Verbose Summary: CDFG Model
============================================================
IsTopModel: 0
ResetActiveHigh: 1
IsCombinational: 0
IsDatapathOnly: 0
HasWiredReturn: 1
HasMFsm: 2
HasVarLatency: 1
IsPipeline: 0
IsRtlPipelined: 0
IsInstanceOverlapped: 0
IsDontTouch: 0
HasImplIP: 0
IsGatedGlobalClock: 0

+ Individual pipeline summary: 
  * Pipeline-0: initiation interval (II) = 1, depth = 203


============================================================
+ Verbose Summary: Schedule
============================================================
* Number of FSM states : 203
* Pipeline : 1
  Pipeline-0 : II = 1, D = 203, States = { 1 2 3 4 5 6 7 8 9 10 11 12 13 14 15 16 17 18 19 20 21 22 23 24 25 26 27 28 29 30 31 32 33 34 35 36 37 38 39 40 41 42 43 44 45 46 47 48 49 50 51 52 53 54 55 56 57 58 59 60 61 62 63 64 65 66 67 68 69 70 71 72 73 74 75 76 77 78 79 80 81 82 83 84 85 86 87 88 89 90 91 92 93 94 95 96 97 98 99 100 101 102 103 104 105 106 107 108 109 110 111 112 113 114 115 116 117 118 119 120 121 122 123 124 125 126 127 128 129 130 131 132 133 134 135 136 137 138 139 140 141 142 143 144 145 146 147 148 149 150 151 152 153 154 155 156 157 158 159 160 161 162 163 164 165 166 167 168 169 170 171 172 173 174 175 176 177 178 179 180 181 182 183 184 185 186 187 188 189 190 191 192 193 194 195 196 197 198 199 200 201 202 203 }
* Dataflow Pipeline: 0

* FSM state transitions: 
1 --> 2 
2 --> 3 
3 --> 4 
4 --> 5 
5 --> 6 
6 --> 7 
7 --> 8 
8 --> 9 
9 --> 10 
10 --> 11 
11 --> 12 
12 --> 13 
13 --> 14 
14 --> 15 
15 --> 16 
16 --> 17 
17 --> 18 
18 --> 19 
19 --> 20 
20 --> 21 
21 --> 22 
22 --> 23 
23 --> 24 
24 --> 25 
25 --> 26 
26 --> 27 
27 --> 28 
28 --> 29 
29 --> 30 
30 --> 31 
31 --> 32 
32 --> 33 
33 --> 34 
34 --> 35 
35 --> 36 
36 --> 37 
37 --> 38 
38 --> 39 
39 --> 40 
40 --> 41 
41 --> 42 
42 --> 43 
43 --> 44 
44 --> 45 
45 --> 46 
46 --> 47 
47 --> 48 
48 --> 49 
49 --> 50 
50 --> 51 
51 --> 52 
52 --> 53 
53 --> 54 
54 --> 55 
55 --> 56 
56 --> 57 
57 --> 58 
58 --> 59 
59 --> 60 
60 --> 61 
61 --> 62 
62 --> 63 
63 --> 64 
64 --> 65 
65 --> 66 
66 --> 67 
67 --> 68 
68 --> 69 
69 --> 70 
70 --> 71 
71 --> 72 
72 --> 73 
73 --> 74 
74 --> 75 
75 --> 76 
76 --> 77 
77 --> 78 
78 --> 79 
79 --> 80 
80 --> 81 
81 --> 82 
82 --> 83 
83 --> 84 
84 --> 85 
85 --> 86 
86 --> 87 
87 --> 88 
88 --> 89 
89 --> 90 
90 --> 91 
91 --> 92 
92 --> 93 
93 --> 94 
94 --> 95 
95 --> 96 
96 --> 97 
97 --> 98 
98 --> 99 
99 --> 100 
100 --> 101 
101 --> 102 
102 --> 103 
103 --> 104 
104 --> 105 
105 --> 106 
106 --> 107 
107 --> 108 
108 --> 109 
109 --> 110 
110 --> 111 
111 --> 112 
112 --> 113 
113 --> 114 
114 --> 115 
115 --> 116 
116 --> 117 
117 --> 118 
118 --> 119 
119 --> 120 
120 --> 121 
121 --> 122 
122 --> 123 
123 --> 124 
124 --> 125 
125 --> 126 
126 --> 127 
127 --> 128 
128 --> 129 
129 --> 130 
130 --> 131 
131 --> 132 
132 --> 133 
133 --> 134 
134 --> 135 
135 --> 136 
136 --> 137 
137 --> 138 
138 --> 139 
139 --> 140 
140 --> 141 
141 --> 142 
142 --> 143 
143 --> 144 
144 --> 145 
145 --> 146 
146 --> 147 
147 --> 148 
148 --> 149 
149 --> 150 
150 --> 151 
151 --> 152 
152 --> 153 
153 --> 154 
154 --> 155 
155 --> 156 
156 --> 157 
157 --> 158 
158 --> 159 
159 --> 160 
160 --> 161 
161 --> 162 
162 --> 163 
163 --> 164 
164 --> 165 
165 --> 166 
166 --> 167 
167 --> 168 
168 --> 169 
169 --> 170 
170 --> 171 
171 --> 172 
172 --> 173 
173 --> 174 
174 --> 175 
175 --> 176 
176 --> 177 
177 --> 178 
178 --> 179 
179 --> 180 
180 --> 181 
181 --> 182 
182 --> 183 
183 --> 184 
184 --> 185 
185 --> 186 
186 --> 187 
187 --> 188 
188 --> 189 
189 --> 190 
190 --> 191 
191 --> 192 
192 --> 193 
193 --> 194 
194 --> 195 
195 --> 196 
196 --> 197 
197 --> 198 
198 --> 199 
199 --> 200 
200 --> 201 
201 --> 202 
202 --> 203 
203 --> 

* FSM state operations: 

State 1 <SV = 0> <Delay = 1.58>
ST_1 : Operation 205 [1/1] (0.00ns)   --->   "%j = alloca i32 1" [flash_attention.cpp:106]   --->   Operation 205 'alloca' 'j' <Predicate = true> <Delay = 0.00>
ST_1 : Operation 206 [1/1] (0.00ns)   --->   "%i = alloca i32 1" [flash_attention.cpp:104]   --->   Operation 206 'alloca' 'i' <Predicate = true> <Delay = 0.00>
ST_1 : Operation 207 [1/1] (0.00ns)   --->   "%indvar_flatten19 = alloca i32 1"   --->   Operation 207 'alloca' 'indvar_flatten19' <Predicate = true> <Delay = 0.00>
ST_1 : Operation 208 [1/1] (0.00ns)   --->   "%tobool_read = read i1 @_ssdm_op_Read.ap_auto.i1, i1 %tobool"   --->   Operation 208 'read' 'tobool_read' <Predicate = true> <Delay = 0.00>
ST_1 : Operation 209 [1/1] (0.00ns)   --->   "%k0_read = read i32 @_ssdm_op_Read.ap_auto.i32, i32 %k0"   --->   Operation 209 'read' 'k0_read' <Predicate = true> <Delay = 0.00>
ST_1 : Operation 210 [1/1] (0.00ns)   --->   "%inv_sqrt_d_read = read i32 @_ssdm_op_Read.ap_auto.float, i32 %inv_sqrt_d"   --->   Operation 210 'read' 'inv_sqrt_d_read' <Predicate = true> <Delay = 0.00>
ST_1 : Operation 211 [1/1] (0.00ns)   --->   "%icmp58_read = read i1 @_ssdm_op_Read.ap_auto.i1, i1 %icmp58"   --->   Operation 211 'read' 'icmp58_read' <Predicate = true> <Delay = 0.00>
ST_1 : Operation 212 [1/1] (0.00ns)   --->   "%cmp102_30_read = read i1 @_ssdm_op_Read.ap_auto.i1, i1 %cmp102_30"   --->   Operation 212 'read' 'cmp102_30_read' <Predicate = true> <Delay = 0.00>
ST_1 : Operation 213 [1/1] (0.00ns)   --->   "%cmp102_29_read = read i1 @_ssdm_op_Read.ap_auto.i1, i1 %cmp102_29"   --->   Operation 213 'read' 'cmp102_29_read' <Predicate = true> <Delay = 0.00>
ST_1 : Operation 214 [1/1] (0.00ns)   --->   "%cmp102_28_read = read i1 @_ssdm_op_Read.ap_auto.i1, i1 %cmp102_28"   --->   Operation 214 'read' 'cmp102_28_read' <Predicate = true> <Delay = 0.00>
ST_1 : Operation 215 [1/1] (0.00ns)   --->   "%cmp102_27_read = read i1 @_ssdm_op_Read.ap_auto.i1, i1 %cmp102_27"   --->   Operation 215 'read' 'cmp102_27_read' <Predicate = true> <Delay = 0.00>
ST_1 : Operation 216 [1/1] (0.00ns)   --->   "%cmp102_26_read = read i1 @_ssdm_op_Read.ap_auto.i1, i1 %cmp102_26"   --->   Operation 216 'read' 'cmp102_26_read' <Predicate = true> <Delay = 0.00>
ST_1 : Operation 217 [1/1] (0.00ns)   --->   "%cmp102_25_read = read i1 @_ssdm_op_Read.ap_auto.i1, i1 %cmp102_25"   --->   Operation 217 'read' 'cmp102_25_read' <Predicate = true> <Delay = 0.00>
ST_1 : Operation 218 [1/1] (0.00ns)   --->   "%cmp102_24_read = read i1 @_ssdm_op_Read.ap_auto.i1, i1 %cmp102_24"   --->   Operation 218 'read' 'cmp102_24_read' <Predicate = true> <Delay = 0.00>
ST_1 : Operation 219 [1/1] (0.00ns)   --->   "%cmp102_23_read = read i1 @_ssdm_op_Read.ap_auto.i1, i1 %cmp102_23"   --->   Operation 219 'read' 'cmp102_23_read' <Predicate = true> <Delay = 0.00>
ST_1 : Operation 220 [1/1] (0.00ns)   --->   "%cmp102_22_read = read i1 @_ssdm_op_Read.ap_auto.i1, i1 %cmp102_22"   --->   Operation 220 'read' 'cmp102_22_read' <Predicate = true> <Delay = 0.00>
ST_1 : Operation 221 [1/1] (0.00ns)   --->   "%cmp102_21_read = read i1 @_ssdm_op_Read.ap_auto.i1, i1 %cmp102_21"   --->   Operation 221 'read' 'cmp102_21_read' <Predicate = true> <Delay = 0.00>
ST_1 : Operation 222 [1/1] (0.00ns)   --->   "%cmp102_20_read = read i1 @_ssdm_op_Read.ap_auto.i1, i1 %cmp102_20"   --->   Operation 222 'read' 'cmp102_20_read' <Predicate = true> <Delay = 0.00>
ST_1 : Operation 223 [1/1] (0.00ns)   --->   "%cmp102_19_read = read i1 @_ssdm_op_Read.ap_auto.i1, i1 %cmp102_19"   --->   Operation 223 'read' 'cmp102_19_read' <Predicate = true> <Delay = 0.00>
ST_1 : Operation 224 [1/1] (0.00ns)   --->   "%cmp102_18_read = read i1 @_ssdm_op_Read.ap_auto.i1, i1 %cmp102_18"   --->   Operation 224 'read' 'cmp102_18_read' <Predicate = true> <Delay = 0.00>
ST_1 : Operation 225 [1/1] (0.00ns)   --->   "%cmp102_17_read = read i1 @_ssdm_op_Read.ap_auto.i1, i1 %cmp102_17"   --->   Operation 225 'read' 'cmp102_17_read' <Predicate = true> <Delay = 0.00>
ST_1 : Operation 226 [1/1] (0.00ns)   --->   "%cmp102_16_read = read i1 @_ssdm_op_Read.ap_auto.i1, i1 %cmp102_16"   --->   Operation 226 'read' 'cmp102_16_read' <Predicate = true> <Delay = 0.00>
ST_1 : Operation 227 [1/1] (0.00ns)   --->   "%icmp55_read = read i1 @_ssdm_op_Read.ap_auto.i1, i1 %icmp55"   --->   Operation 227 'read' 'icmp55_read' <Predicate = true> <Delay = 0.00>
ST_1 : Operation 228 [1/1] (0.00ns)   --->   "%cmp102_14_read = read i1 @_ssdm_op_Read.ap_auto.i1, i1 %cmp102_14"   --->   Operation 228 'read' 'cmp102_14_read' <Predicate = true> <Delay = 0.00>
ST_1 : Operation 229 [1/1] (0.00ns)   --->   "%cmp102_13_read = read i1 @_ssdm_op_Read.ap_auto.i1, i1 %cmp102_13"   --->   Operation 229 'read' 'cmp102_13_read' <Predicate = true> <Delay = 0.00>
ST_1 : Operation 230 [1/1] (0.00ns)   --->   "%cmp102_12_read = read i1 @_ssdm_op_Read.ap_auto.i1, i1 %cmp102_12"   --->   Operation 230 'read' 'cmp102_12_read' <Predicate = true> <Delay = 0.00>
ST_1 : Operation 231 [1/1] (0.00ns)   --->   "%cmp102_11_read = read i1 @_ssdm_op_Read.ap_auto.i1, i1 %cmp102_11"   --->   Operation 231 'read' 'cmp102_11_read' <Predicate = true> <Delay = 0.00>
ST_1 : Operation 232 [1/1] (0.00ns)   --->   "%cmp102_10_read = read i1 @_ssdm_op_Read.ap_auto.i1, i1 %cmp102_10"   --->   Operation 232 'read' 'cmp102_10_read' <Predicate = true> <Delay = 0.00>
ST_1 : Operation 233 [1/1] (0.00ns)   --->   "%cmp102_9_read = read i1 @_ssdm_op_Read.ap_auto.i1, i1 %cmp102_9"   --->   Operation 233 'read' 'cmp102_9_read' <Predicate = true> <Delay = 0.00>
ST_1 : Operation 234 [1/1] (0.00ns)   --->   "%cmp102_8_read = read i1 @_ssdm_op_Read.ap_auto.i1, i1 %cmp102_8"   --->   Operation 234 'read' 'cmp102_8_read' <Predicate = true> <Delay = 0.00>
ST_1 : Operation 235 [1/1] (0.00ns)   --->   "%icmp52_read = read i1 @_ssdm_op_Read.ap_auto.i1, i1 %icmp52"   --->   Operation 235 'read' 'icmp52_read' <Predicate = true> <Delay = 0.00>
ST_1 : Operation 236 [1/1] (0.00ns)   --->   "%cmp102_6_read = read i1 @_ssdm_op_Read.ap_auto.i1, i1 %cmp102_6"   --->   Operation 236 'read' 'cmp102_6_read' <Predicate = true> <Delay = 0.00>
ST_1 : Operation 237 [1/1] (0.00ns)   --->   "%cmp102_5_read = read i1 @_ssdm_op_Read.ap_auto.i1, i1 %cmp102_5"   --->   Operation 237 'read' 'cmp102_5_read' <Predicate = true> <Delay = 0.00>
ST_1 : Operation 238 [1/1] (0.00ns)   --->   "%cmp102_4_read = read i1 @_ssdm_op_Read.ap_auto.i1, i1 %cmp102_4"   --->   Operation 238 'read' 'cmp102_4_read' <Predicate = true> <Delay = 0.00>
ST_1 : Operation 239 [1/1] (0.00ns)   --->   "%icmp49_read = read i1 @_ssdm_op_Read.ap_auto.i1, i1 %icmp49"   --->   Operation 239 'read' 'icmp49_read' <Predicate = true> <Delay = 0.00>
ST_1 : Operation 240 [1/1] (0.00ns)   --->   "%cmp102_2_read = read i1 @_ssdm_op_Read.ap_auto.i1, i1 %cmp102_2"   --->   Operation 240 'read' 'cmp102_2_read' <Predicate = true> <Delay = 0.00>
ST_1 : Operation 241 [1/1] (0.00ns)   --->   "%icmp_read = read i1 @_ssdm_op_Read.ap_auto.i1, i1 %icmp"   --->   Operation 241 'read' 'icmp_read' <Predicate = true> <Delay = 0.00>
ST_1 : Operation 242 [1/1] (0.00ns)   --->   "%cmp715_read = read i1 @_ssdm_op_Read.ap_auto.i1, i1 %cmp715"   --->   Operation 242 'read' 'cmp715_read' <Predicate = true> <Delay = 0.00>
ST_1 : Operation 243 [1/1] (0.00ns)   --->   "%q0_read = read i32 @_ssdm_op_Read.ap_auto.i32, i32 %q0"   --->   Operation 243 'read' 'q0_read' <Predicate = true> <Delay = 0.00>
ST_1 : Operation 244 [1/1] (0.00ns)   --->   "%mul_ln104_read = read i63 @_ssdm_op_Read.ap_auto.i63, i63 %mul_ln104"   --->   Operation 244 'read' 'mul_ln104_read' <Predicate = true> <Delay = 0.00>
ST_1 : Operation 245 [1/1] (0.00ns)   --->   "%k_lim_read = read i32 @_ssdm_op_Read.ap_auto.i32, i32 %k_lim"   --->   Operation 245 'read' 'k_lim_read' <Predicate = true> <Delay = 0.00>
ST_1 : Operation 246 [1/1] (1.58ns)   --->   "%store_ln0 = store i63 0, i63 %indvar_flatten19"   --->   Operation 246 'store' 'store_ln0' <Predicate = true> <Delay = 1.58>
ST_1 : Operation 247 [1/1] (1.58ns)   --->   "%store_ln104 = store i4 0, i4 %i" [flash_attention.cpp:104]   --->   Operation 247 'store' 'store_ln104' <Predicate = true> <Delay = 1.58>
ST_1 : Operation 248 [1/1] (1.58ns)   --->   "%store_ln106 = store i7 0, i7 %j" [flash_attention.cpp:106]   --->   Operation 248 'store' 'store_ln106' <Predicate = true> <Delay = 1.58>
ST_1 : Operation 249 [1/1] (0.00ns)   --->   "%br_ln0 = br void %SCORE_LOOP_X"   --->   Operation 249 'br' 'br_ln0' <Predicate = true> <Delay = 0.00>

State 2 <SV = 1> <Delay = 7.00>
ST_2 : Operation 250 [1/1] (0.00ns)   --->   "%j_1 = load i7 %j" [flash_attention.cpp:106]   --->   Operation 250 'load' 'j_1' <Predicate = true> <Delay = 0.00>
ST_2 : Operation 251 [1/1] (0.00ns)   --->   "%indvar_flatten19_load = load i63 %indvar_flatten19" [flash_attention.cpp:104]   --->   Operation 251 'load' 'indvar_flatten19_load' <Predicate = true> <Delay = 0.00>
ST_2 : Operation 252 [1/1] (0.00ns)   --->   "%zext_ln106 = zext i7 %j_1" [flash_attention.cpp:106]   --->   Operation 252 'zext' 'zext_ln106' <Predicate = true> <Delay = 0.00>
ST_2 : Operation 253 [1/1] (2.55ns)   --->   "%icmp_ln106 = icmp_slt  i32 %zext_ln106, i32 %k_lim_read" [flash_attention.cpp:106]   --->   Operation 253 'icmp' 'icmp_ln106' <Predicate = true> <Delay = 2.55> <CoreInst = "Cmp">   --->   Core 9 'Cmp' <Latency = 0> <II = 1> <Delay = 2.55> <FuncUnit> <Opcode : 'icmp'> <InPorts = 2> <OutPorts = 1>
ST_2 : Operation 254 [1/1] (3.49ns)   --->   "%icmp_ln104 = icmp_eq  i63 %indvar_flatten19_load, i63 %mul_ln104_read" [flash_attention.cpp:104]   --->   Operation 254 'icmp' 'icmp_ln104' <Predicate = true> <Delay = 3.49> <CoreInst = "Cmp">   --->   Core 9 'Cmp' <Latency = 0> <II = 1> <Delay = 3.49> <FuncUnit> <Opcode : 'icmp'> <InPorts = 2> <OutPorts = 1>
ST_2 : Operation 255 [1/1] (3.49ns)   --->   "%add_ln104_1 = add i63 %indvar_flatten19_load, i63 1" [flash_attention.cpp:104]   --->   Operation 255 'add' 'add_ln104_1' <Predicate = true> <Delay = 3.49> <CoreInst = "Adder">   --->   Core 1 'Adder' <Latency = 0> <II = 1> <Delay = 3.49> <FuncUnit> <Opcode : 'add' 'sub'> <InPorts = 2> <OutPorts = 1>
ST_2 : Operation 256 [1/1] (0.00ns)   --->   "%br_ln104 = br i1 %icmp_ln104, void %for.inc129.loopexit, void %FIND_MAX.preheader.exitStub" [flash_attention.cpp:104]   --->   Operation 256 'br' 'br_ln104' <Predicate = true> <Delay = 0.00>
ST_2 : Operation 257 [1/1] (0.00ns)   --->   "%i_load = load i4 %i" [flash_attention.cpp:104]   --->   Operation 257 'load' 'i_load' <Predicate = (!icmp_ln104)> <Delay = 0.00>
ST_2 : Operation 258 [1/1] (1.73ns)   --->   "%add_ln104 = add i4 %i_load, i4 1" [flash_attention.cpp:104]   --->   Operation 258 'add' 'add_ln104' <Predicate = (!icmp_ln104)> <Delay = 1.73> <CoreInst = "Adder">   --->   Core 1 'Adder' <Latency = 0> <II = 1> <Delay = 1.73> <FuncUnit> <Opcode : 'add' 'sub'> <InPorts = 2> <OutPorts = 1>
ST_2 : Operation 259 [1/1] (0.99ns)   --->   "%select_ln104 = select i1 %icmp_ln106, i7 %j_1, i7 0" [flash_attention.cpp:104]   --->   Operation 259 'select' 'select_ln104' <Predicate = (!icmp_ln104)> <Delay = 0.99> <CoreInst = "Sel">   --->   Core 73 'Sel' <Latency = 0> <II = 1> <Delay = 0.99> <FuncUnit> <Opcode : 'select'> <InPorts = 3> <OutPorts = 1>
ST_2 : Operation 260 [1/1] (0.00ns)   --->   "%trunc_ln104 = trunc i7 %select_ln104" [flash_attention.cpp:104]   --->   Operation 260 'trunc' 'trunc_ln104' <Predicate = (!icmp_ln104)> <Delay = 0.00>
ST_2 : Operation 261 [1/1] (1.02ns)   --->   "%select_ln104_1 = select i1 %icmp_ln106, i4 %i_load, i4 %add_ln104" [flash_attention.cpp:104]   --->   Operation 261 'select' 'select_ln104_1' <Predicate = (!icmp_ln104)> <Delay = 1.02> <CoreInst = "Sel">   --->   Core 73 'Sel' <Latency = 0> <II = 1> <Delay = 1.02> <FuncUnit> <Opcode : 'select'> <InPorts = 3> <OutPorts = 1>
ST_2 : Operation 262 [1/1] (0.00ns)   --->   "%trunc_ln104_1 = trunc i4 %select_ln104_1" [flash_attention.cpp:104]   --->   Operation 262 'trunc' 'trunc_ln104_1' <Predicate = (!icmp_ln104)> <Delay = 0.00>
ST_2 : Operation 263 [1/1] (0.00ns)   --->   "%tmp_17_cast = bitconcatenate i6 @_ssdm_op_BitConcatenate.i6.i3.i3, i3 %trunc_ln104_1, i3 0" [flash_attention.cpp:104]   --->   Operation 263 'bitconcatenate' 'tmp_17_cast' <Predicate = (!icmp_ln104)> <Delay = 0.00>
ST_2 : Operation 264 [1/1] (0.00ns)   --->   "%tmp_17_cast1 = zext i6 %tmp_17_cast" [flash_attention.cpp:104]   --->   Operation 264 'zext' 'tmp_17_cast1' <Predicate = (!icmp_ln104)> <Delay = 0.00>
ST_2 : Operation 265 [1/1] (0.00ns)   --->   "%Qbuf_addr = getelementptr i32 %Qbuf, i64 0, i64 %tmp_17_cast1" [flash_attention.cpp:104]   --->   Operation 265 'getelementptr' 'Qbuf_addr' <Predicate = (!icmp_ln104 & cmp715_read)> <Delay = 0.00>
ST_2 : Operation 266 [1/1] (0.00ns)   --->   "%tmp_18 = or i6 %tmp_17_cast, i6 1" [flash_attention.cpp:104]   --->   Operation 266 'or' 'tmp_18' <Predicate = (!icmp_ln104)> <Delay = 0.00>
ST_2 : Operation 267 [1/1] (0.00ns)   --->   "%tmp_18_cast = zext i6 %tmp_18" [flash_attention.cpp:104]   --->   Operation 267 'zext' 'tmp_18_cast' <Predicate = (!icmp_ln104)> <Delay = 0.00>
ST_2 : Operation 268 [1/1] (0.00ns)   --->   "%Qbuf_addr_1 = getelementptr i32 %Qbuf, i64 0, i64 %tmp_18_cast" [flash_attention.cpp:104]   --->   Operation 268 'getelementptr' 'Qbuf_addr_1' <Predicate = (!icmp_ln104 & cmp102_4_read)> <Delay = 0.00>
ST_2 : Operation 269 [1/1] (0.00ns)   --->   "%tmp_19 = or i6 %tmp_17_cast, i6 2" [flash_attention.cpp:104]   --->   Operation 269 'or' 'tmp_19' <Predicate = (!icmp_ln104)> <Delay = 0.00>
ST_2 : Operation 270 [1/1] (0.00ns)   --->   "%tmp_19_cast = zext i6 %tmp_19" [flash_attention.cpp:104]   --->   Operation 270 'zext' 'tmp_19_cast' <Predicate = (!icmp_ln104)> <Delay = 0.00>
ST_2 : Operation 271 [1/1] (0.00ns)   --->   "%Qbuf_addr_2 = getelementptr i32 %Qbuf, i64 0, i64 %tmp_19_cast" [flash_attention.cpp:104]   --->   Operation 271 'getelementptr' 'Qbuf_addr_2' <Predicate = (!icmp_ln104 & cmp102_8_read)> <Delay = 0.00>
ST_2 : Operation 272 [1/1] (0.00ns)   --->   "%tmp_20 = or i6 %tmp_17_cast, i6 3" [flash_attention.cpp:104]   --->   Operation 272 'or' 'tmp_20' <Predicate = (!icmp_ln104)> <Delay = 0.00>
ST_2 : Operation 273 [1/1] (0.00ns)   --->   "%tmp_20_cast = zext i6 %tmp_20" [flash_attention.cpp:104]   --->   Operation 273 'zext' 'tmp_20_cast' <Predicate = (!icmp_ln104)> <Delay = 0.00>
ST_2 : Operation 274 [1/1] (0.00ns)   --->   "%Qbuf_addr_3 = getelementptr i32 %Qbuf, i64 0, i64 %tmp_20_cast" [flash_attention.cpp:104]   --->   Operation 274 'getelementptr' 'Qbuf_addr_3' <Predicate = (!icmp_ln104 & cmp102_12_read)> <Delay = 0.00>
ST_2 : Operation 275 [1/1] (0.00ns)   --->   "%tmp_21 = or i6 %tmp_17_cast, i6 4" [flash_attention.cpp:104]   --->   Operation 275 'or' 'tmp_21' <Predicate = (!icmp_ln104)> <Delay = 0.00>
ST_2 : Operation 276 [1/1] (0.00ns)   --->   "%tmp_21_cast = zext i6 %tmp_21" [flash_attention.cpp:104]   --->   Operation 276 'zext' 'tmp_21_cast' <Predicate = (!icmp_ln104)> <Delay = 0.00>
ST_2 : Operation 277 [1/1] (0.00ns)   --->   "%Qbuf_addr_4 = getelementptr i32 %Qbuf, i64 0, i64 %tmp_21_cast" [flash_attention.cpp:104]   --->   Operation 277 'getelementptr' 'Qbuf_addr_4' <Predicate = (!icmp_ln104 & cmp102_16_read)> <Delay = 0.00>
ST_2 : Operation 278 [1/1] (0.00ns)   --->   "%tmp_22 = or i6 %tmp_17_cast, i6 5" [flash_attention.cpp:104]   --->   Operation 278 'or' 'tmp_22' <Predicate = (!icmp_ln104)> <Delay = 0.00>
ST_2 : Operation 279 [1/1] (0.00ns)   --->   "%tmp_22_cast = zext i6 %tmp_22" [flash_attention.cpp:104]   --->   Operation 279 'zext' 'tmp_22_cast' <Predicate = (!icmp_ln104)> <Delay = 0.00>
ST_2 : Operation 280 [1/1] (0.00ns)   --->   "%Qbuf_addr_5 = getelementptr i32 %Qbuf, i64 0, i64 %tmp_22_cast" [flash_attention.cpp:104]   --->   Operation 280 'getelementptr' 'Qbuf_addr_5' <Predicate = (!icmp_ln104 & cmp102_20_read)> <Delay = 0.00>
ST_2 : Operation 281 [1/1] (0.00ns)   --->   "%tmp_23 = or i6 %tmp_17_cast, i6 6" [flash_attention.cpp:104]   --->   Operation 281 'or' 'tmp_23' <Predicate = (!icmp_ln104)> <Delay = 0.00>
ST_2 : Operation 282 [1/1] (0.00ns)   --->   "%tmp_23_cast = zext i6 %tmp_23" [flash_attention.cpp:104]   --->   Operation 282 'zext' 'tmp_23_cast' <Predicate = (!icmp_ln104)> <Delay = 0.00>
ST_2 : Operation 283 [1/1] (0.00ns)   --->   "%Qbuf_addr_6 = getelementptr i32 %Qbuf, i64 0, i64 %tmp_23_cast" [flash_attention.cpp:104]   --->   Operation 283 'getelementptr' 'Qbuf_addr_6' <Predicate = (!icmp_ln104 & cmp102_24_read)> <Delay = 0.00>
ST_2 : Operation 284 [1/1] (0.00ns)   --->   "%tmp_24 = or i6 %tmp_17_cast, i6 7" [flash_attention.cpp:104]   --->   Operation 284 'or' 'tmp_24' <Predicate = (!icmp_ln104)> <Delay = 0.00>
ST_2 : Operation 285 [1/1] (0.00ns)   --->   "%tmp_24_cast = zext i6 %tmp_24" [flash_attention.cpp:104]   --->   Operation 285 'zext' 'tmp_24_cast' <Predicate = (!icmp_ln104)> <Delay = 0.00>
ST_2 : Operation 286 [1/1] (0.00ns)   --->   "%Qbuf_addr_7 = getelementptr i32 %Qbuf, i64 0, i64 %tmp_24_cast" [flash_attention.cpp:104]   --->   Operation 286 'getelementptr' 'Qbuf_addr_7' <Predicate = (!icmp_ln104 & cmp102_28_read)> <Delay = 0.00>
ST_2 : Operation 287 [1/1] (0.00ns)   --->   "%Qbuf_1_addr = getelementptr i32 %Qbuf_1, i64 0, i64 %tmp_17_cast1" [flash_attention.cpp:104]   --->   Operation 287 'getelementptr' 'Qbuf_1_addr' <Predicate = (!icmp_ln104 & icmp_read)> <Delay = 0.00>
ST_2 : Operation 288 [1/1] (0.00ns)   --->   "%Qbuf_1_addr_1 = getelementptr i32 %Qbuf_1, i64 0, i64 %tmp_18_cast" [flash_attention.cpp:104]   --->   Operation 288 'getelementptr' 'Qbuf_1_addr_1' <Predicate = (!icmp_ln104 & cmp102_5_read)> <Delay = 0.00>
ST_2 : Operation 289 [1/1] (0.00ns)   --->   "%Qbuf_1_addr_2 = getelementptr i32 %Qbuf_1, i64 0, i64 %tmp_19_cast" [flash_attention.cpp:104]   --->   Operation 289 'getelementptr' 'Qbuf_1_addr_2' <Predicate = (!icmp_ln104 & cmp102_9_read)> <Delay = 0.00>
ST_2 : Operation 290 [1/1] (0.00ns)   --->   "%Qbuf_1_addr_3 = getelementptr i32 %Qbuf_1, i64 0, i64 %tmp_20_cast" [flash_attention.cpp:104]   --->   Operation 290 'getelementptr' 'Qbuf_1_addr_3' <Predicate = (!icmp_ln104 & cmp102_13_read)> <Delay = 0.00>
ST_2 : Operation 291 [1/1] (0.00ns)   --->   "%Qbuf_1_addr_4 = getelementptr i32 %Qbuf_1, i64 0, i64 %tmp_21_cast" [flash_attention.cpp:104]   --->   Operation 291 'getelementptr' 'Qbuf_1_addr_4' <Predicate = (!icmp_ln104 & cmp102_17_read)> <Delay = 0.00>
ST_2 : Operation 292 [1/1] (0.00ns)   --->   "%Qbuf_1_addr_5 = getelementptr i32 %Qbuf_1, i64 0, i64 %tmp_22_cast" [flash_attention.cpp:104]   --->   Operation 292 'getelementptr' 'Qbuf_1_addr_5' <Predicate = (!icmp_ln104 & cmp102_21_read)> <Delay = 0.00>
ST_2 : Operation 293 [1/1] (0.00ns)   --->   "%Qbuf_1_addr_6 = getelementptr i32 %Qbuf_1, i64 0, i64 %tmp_23_cast" [flash_attention.cpp:104]   --->   Operation 293 'getelementptr' 'Qbuf_1_addr_6' <Predicate = (!icmp_ln104 & cmp102_25_read)> <Delay = 0.00>
ST_2 : Operation 294 [1/1] (0.00ns)   --->   "%Qbuf_1_addr_7 = getelementptr i32 %Qbuf_1, i64 0, i64 %tmp_24_cast" [flash_attention.cpp:104]   --->   Operation 294 'getelementptr' 'Qbuf_1_addr_7' <Predicate = (!icmp_ln104 & cmp102_29_read)> <Delay = 0.00>
ST_2 : Operation 295 [1/1] (0.00ns)   --->   "%Qbuf_2_addr = getelementptr i32 %Qbuf_2, i64 0, i64 %tmp_17_cast1" [flash_attention.cpp:104]   --->   Operation 295 'getelementptr' 'Qbuf_2_addr' <Predicate = (!icmp_ln104 & cmp102_2_read)> <Delay = 0.00>
ST_2 : Operation 296 [1/1] (0.00ns)   --->   "%Qbuf_2_addr_1 = getelementptr i32 %Qbuf_2, i64 0, i64 %tmp_18_cast" [flash_attention.cpp:104]   --->   Operation 296 'getelementptr' 'Qbuf_2_addr_1' <Predicate = (!icmp_ln104 & cmp102_6_read)> <Delay = 0.00>
ST_2 : Operation 297 [1/1] (0.00ns)   --->   "%Qbuf_2_addr_2 = getelementptr i32 %Qbuf_2, i64 0, i64 %tmp_19_cast" [flash_attention.cpp:104]   --->   Operation 297 'getelementptr' 'Qbuf_2_addr_2' <Predicate = (!icmp_ln104 & cmp102_10_read)> <Delay = 0.00>
ST_2 : Operation 298 [1/1] (0.00ns)   --->   "%Qbuf_2_addr_3 = getelementptr i32 %Qbuf_2, i64 0, i64 %tmp_20_cast" [flash_attention.cpp:104]   --->   Operation 298 'getelementptr' 'Qbuf_2_addr_3' <Predicate = (!icmp_ln104 & cmp102_14_read)> <Delay = 0.00>
ST_2 : Operation 299 [1/1] (0.00ns)   --->   "%Qbuf_2_addr_4 = getelementptr i32 %Qbuf_2, i64 0, i64 %tmp_21_cast" [flash_attention.cpp:104]   --->   Operation 299 'getelementptr' 'Qbuf_2_addr_4' <Predicate = (!icmp_ln104 & cmp102_18_read)> <Delay = 0.00>
ST_2 : Operation 300 [1/1] (0.00ns)   --->   "%Qbuf_2_addr_5 = getelementptr i32 %Qbuf_2, i64 0, i64 %tmp_22_cast" [flash_attention.cpp:104]   --->   Operation 300 'getelementptr' 'Qbuf_2_addr_5' <Predicate = (!icmp_ln104 & cmp102_22_read)> <Delay = 0.00>
ST_2 : Operation 301 [1/1] (0.00ns)   --->   "%Qbuf_2_addr_6 = getelementptr i32 %Qbuf_2, i64 0, i64 %tmp_23_cast" [flash_attention.cpp:104]   --->   Operation 301 'getelementptr' 'Qbuf_2_addr_6' <Predicate = (!icmp_ln104 & cmp102_26_read)> <Delay = 0.00>
ST_2 : Operation 302 [1/1] (0.00ns)   --->   "%Qbuf_2_addr_7 = getelementptr i32 %Qbuf_2, i64 0, i64 %tmp_24_cast" [flash_attention.cpp:104]   --->   Operation 302 'getelementptr' 'Qbuf_2_addr_7' <Predicate = (!icmp_ln104 & cmp102_30_read)> <Delay = 0.00>
ST_2 : Operation 303 [1/1] (0.00ns)   --->   "%Qbuf_3_addr = getelementptr i32 %Qbuf_3, i64 0, i64 %tmp_17_cast1" [flash_attention.cpp:104]   --->   Operation 303 'getelementptr' 'Qbuf_3_addr' <Predicate = (!icmp_ln104 & icmp49_read)> <Delay = 0.00>
ST_2 : Operation 304 [1/1] (0.00ns)   --->   "%Qbuf_3_addr_1 = getelementptr i32 %Qbuf_3, i64 0, i64 %tmp_18_cast" [flash_attention.cpp:104]   --->   Operation 304 'getelementptr' 'Qbuf_3_addr_1' <Predicate = (!icmp_ln104 & icmp52_read)> <Delay = 0.00>
ST_2 : Operation 305 [1/1] (0.00ns)   --->   "%Qbuf_3_addr_2 = getelementptr i32 %Qbuf_3, i64 0, i64 %tmp_19_cast" [flash_attention.cpp:104]   --->   Operation 305 'getelementptr' 'Qbuf_3_addr_2' <Predicate = (!icmp_ln104 & cmp102_11_read)> <Delay = 0.00>
ST_2 : Operation 306 [1/1] (0.00ns)   --->   "%Qbuf_3_addr_3 = getelementptr i32 %Qbuf_3, i64 0, i64 %tmp_20_cast" [flash_attention.cpp:104]   --->   Operation 306 'getelementptr' 'Qbuf_3_addr_3' <Predicate = (!icmp_ln104 & icmp55_read)> <Delay = 0.00>
ST_2 : Operation 307 [1/1] (0.00ns)   --->   "%Qbuf_3_addr_4 = getelementptr i32 %Qbuf_3, i64 0, i64 %tmp_21_cast" [flash_attention.cpp:104]   --->   Operation 307 'getelementptr' 'Qbuf_3_addr_4' <Predicate = (!icmp_ln104 & cmp102_19_read)> <Delay = 0.00>
ST_2 : Operation 308 [1/1] (0.00ns)   --->   "%Qbuf_3_addr_5 = getelementptr i32 %Qbuf_3, i64 0, i64 %tmp_22_cast" [flash_attention.cpp:104]   --->   Operation 308 'getelementptr' 'Qbuf_3_addr_5' <Predicate = (!icmp_ln104 & cmp102_23_read)> <Delay = 0.00>
ST_2 : Operation 309 [1/1] (0.00ns)   --->   "%Qbuf_3_addr_6 = getelementptr i32 %Qbuf_3, i64 0, i64 %tmp_23_cast" [flash_attention.cpp:104]   --->   Operation 309 'getelementptr' 'Qbuf_3_addr_6' <Predicate = (!icmp_ln104 & cmp102_27_read)> <Delay = 0.00>
ST_2 : Operation 310 [1/1] (0.00ns)   --->   "%Qbuf_3_addr_7 = getelementptr i32 %Qbuf_3, i64 0, i64 %tmp_24_cast" [flash_attention.cpp:104]   --->   Operation 310 'getelementptr' 'Qbuf_3_addr_7' <Predicate = (!icmp_ln104 & icmp58_read)> <Delay = 0.00>
ST_2 : Operation 311 [2/2] (3.25ns)   --->   "%Qbuf_load = load i6 %Qbuf_addr" [flash_attention.cpp:112]   --->   Operation 311 'load' 'Qbuf_load' <Predicate = (!icmp_ln104 & cmp715_read)> <Delay = 3.25> <CoreInst = "RAM_1WnR">   --->   Core 83 'RAM_1WnR' <Latency = 1> <II = 1> <Delay = 3.25> <Storage> <Opcode : 'load' 'store'> <Ports = 17> <Width = 32> <Depth = 64> <RAM>
ST_2 : Operation 312 [2/2] (3.25ns)   --->   "%Qbuf_1_load = load i6 %Qbuf_1_addr" [flash_attention.cpp:112]   --->   Operation 312 'load' 'Qbuf_1_load' <Predicate = (!icmp_ln104 & icmp_read)> <Delay = 3.25> <CoreInst = "RAM_1WnR">   --->   Core 83 'RAM_1WnR' <Latency = 1> <II = 1> <Delay = 3.25> <Storage> <Opcode : 'load' 'store'> <Ports = 17> <Width = 32> <Depth = 64> <RAM>
ST_2 : Operation 313 [2/2] (3.25ns)   --->   "%Qbuf_2_load = load i6 %Qbuf_2_addr" [flash_attention.cpp:112]   --->   Operation 313 'load' 'Qbuf_2_load' <Predicate = (!icmp_ln104 & cmp102_2_read)> <Delay = 3.25> <CoreInst = "RAM_1WnR">   --->   Core 83 'RAM_1WnR' <Latency = 1> <II = 1> <Delay = 3.25> <Storage> <Opcode : 'load' 'store'> <Ports = 17> <Width = 32> <Depth = 64> <RAM>
ST_2 : Operation 314 [2/2] (3.25ns)   --->   "%Qbuf_3_load = load i6 %Qbuf_3_addr" [flash_attention.cpp:112]   --->   Operation 314 'load' 'Qbuf_3_load' <Predicate = (!icmp_ln104 & icmp49_read)> <Delay = 3.25> <CoreInst = "RAM_1WnR">   --->   Core 83 'RAM_1WnR' <Latency = 1> <II = 1> <Delay = 3.25> <Storage> <Opcode : 'load' 'store'> <Ports = 17> <Width = 32> <Depth = 64> <RAM>
ST_2 : Operation 315 [2/2] (3.25ns)   --->   "%Qbuf_load_1 = load i6 %Qbuf_addr_1" [flash_attention.cpp:112]   --->   Operation 315 'load' 'Qbuf_load_1' <Predicate = (!icmp_ln104 & cmp102_4_read)> <Delay = 3.25> <CoreInst = "RAM_1WnR">   --->   Core 83 'RAM_1WnR' <Latency = 1> <II = 1> <Delay = 3.25> <Storage> <Opcode : 'load' 'store'> <Ports = 17> <Width = 32> <Depth = 64> <RAM>
ST_2 : Operation 316 [2/2] (3.25ns)   --->   "%Qbuf_1_load_1 = load i6 %Qbuf_1_addr_1" [flash_attention.cpp:112]   --->   Operation 316 'load' 'Qbuf_1_load_1' <Predicate = (!icmp_ln104 & cmp102_5_read)> <Delay = 3.25> <CoreInst = "RAM_1WnR">   --->   Core 83 'RAM_1WnR' <Latency = 1> <II = 1> <Delay = 3.25> <Storage> <Opcode : 'load' 'store'> <Ports = 17> <Width = 32> <Depth = 64> <RAM>
ST_2 : Operation 317 [2/2] (3.25ns)   --->   "%Qbuf_2_load_1 = load i6 %Qbuf_2_addr_1" [flash_attention.cpp:112]   --->   Operation 317 'load' 'Qbuf_2_load_1' <Predicate = (!icmp_ln104 & cmp102_6_read)> <Delay = 3.25> <CoreInst = "RAM_1WnR">   --->   Core 83 'RAM_1WnR' <Latency = 1> <II = 1> <Delay = 3.25> <Storage> <Opcode : 'load' 'store'> <Ports = 17> <Width = 32> <Depth = 64> <RAM>
ST_2 : Operation 318 [2/2] (3.25ns)   --->   "%Qbuf_3_load_1 = load i6 %Qbuf_3_addr_1" [flash_attention.cpp:112]   --->   Operation 318 'load' 'Qbuf_3_load_1' <Predicate = (!icmp_ln104 & icmp52_read)> <Delay = 3.25> <CoreInst = "RAM_1WnR">   --->   Core 83 'RAM_1WnR' <Latency = 1> <II = 1> <Delay = 3.25> <Storage> <Opcode : 'load' 'store'> <Ports = 17> <Width = 32> <Depth = 64> <RAM>
ST_2 : Operation 319 [2/2] (3.25ns)   --->   "%Qbuf_load_2 = load i6 %Qbuf_addr_2" [flash_attention.cpp:112]   --->   Operation 319 'load' 'Qbuf_load_2' <Predicate = (!icmp_ln104 & cmp102_8_read)> <Delay = 3.25> <CoreInst = "RAM_1WnR">   --->   Core 83 'RAM_1WnR' <Latency = 1> <II = 1> <Delay = 3.25> <Storage> <Opcode : 'load' 'store'> <Ports = 17> <Width = 32> <Depth = 64> <RAM>
ST_2 : Operation 320 [2/2] (3.25ns)   --->   "%Qbuf_1_load_2 = load i6 %Qbuf_1_addr_2" [flash_attention.cpp:112]   --->   Operation 320 'load' 'Qbuf_1_load_2' <Predicate = (!icmp_ln104 & cmp102_9_read)> <Delay = 3.25> <CoreInst = "RAM_1WnR">   --->   Core 83 'RAM_1WnR' <Latency = 1> <II = 1> <Delay = 3.25> <Storage> <Opcode : 'load' 'store'> <Ports = 17> <Width = 32> <Depth = 64> <RAM>
ST_2 : Operation 321 [2/2] (3.25ns)   --->   "%Qbuf_2_load_2 = load i6 %Qbuf_2_addr_2" [flash_attention.cpp:112]   --->   Operation 321 'load' 'Qbuf_2_load_2' <Predicate = (!icmp_ln104 & cmp102_10_read)> <Delay = 3.25> <CoreInst = "RAM_1WnR">   --->   Core 83 'RAM_1WnR' <Latency = 1> <II = 1> <Delay = 3.25> <Storage> <Opcode : 'load' 'store'> <Ports = 17> <Width = 32> <Depth = 64> <RAM>
ST_2 : Operation 322 [2/2] (3.25ns)   --->   "%Qbuf_3_load_2 = load i6 %Qbuf_3_addr_2" [flash_attention.cpp:112]   --->   Operation 322 'load' 'Qbuf_3_load_2' <Predicate = (!icmp_ln104 & cmp102_11_read)> <Delay = 3.25> <CoreInst = "RAM_1WnR">   --->   Core 83 'RAM_1WnR' <Latency = 1> <II = 1> <Delay = 3.25> <Storage> <Opcode : 'load' 'store'> <Ports = 17> <Width = 32> <Depth = 64> <RAM>
ST_2 : Operation 323 [2/2] (3.25ns)   --->   "%Qbuf_load_3 = load i6 %Qbuf_addr_3" [flash_attention.cpp:112]   --->   Operation 323 'load' 'Qbuf_load_3' <Predicate = (!icmp_ln104 & cmp102_12_read)> <Delay = 3.25> <CoreInst = "RAM_1WnR">   --->   Core 83 'RAM_1WnR' <Latency = 1> <II = 1> <Delay = 3.25> <Storage> <Opcode : 'load' 'store'> <Ports = 17> <Width = 32> <Depth = 64> <RAM>
ST_2 : Operation 324 [2/2] (3.25ns)   --->   "%Qbuf_1_load_3 = load i6 %Qbuf_1_addr_3" [flash_attention.cpp:112]   --->   Operation 324 'load' 'Qbuf_1_load_3' <Predicate = (!icmp_ln104 & cmp102_13_read)> <Delay = 3.25> <CoreInst = "RAM_1WnR">   --->   Core 83 'RAM_1WnR' <Latency = 1> <II = 1> <Delay = 3.25> <Storage> <Opcode : 'load' 'store'> <Ports = 17> <Width = 32> <Depth = 64> <RAM>
ST_2 : Operation 325 [2/2] (3.25ns)   --->   "%Qbuf_2_load_3 = load i6 %Qbuf_2_addr_3" [flash_attention.cpp:112]   --->   Operation 325 'load' 'Qbuf_2_load_3' <Predicate = (!icmp_ln104 & cmp102_14_read)> <Delay = 3.25> <CoreInst = "RAM_1WnR">   --->   Core 83 'RAM_1WnR' <Latency = 1> <II = 1> <Delay = 3.25> <Storage> <Opcode : 'load' 'store'> <Ports = 17> <Width = 32> <Depth = 64> <RAM>
ST_2 : Operation 326 [2/2] (3.25ns)   --->   "%Qbuf_3_load_3 = load i6 %Qbuf_3_addr_3" [flash_attention.cpp:112]   --->   Operation 326 'load' 'Qbuf_3_load_3' <Predicate = (!icmp_ln104 & icmp55_read)> <Delay = 3.25> <CoreInst = "RAM_1WnR">   --->   Core 83 'RAM_1WnR' <Latency = 1> <II = 1> <Delay = 3.25> <Storage> <Opcode : 'load' 'store'> <Ports = 17> <Width = 32> <Depth = 64> <RAM>
ST_2 : Operation 327 [2/2] (3.25ns)   --->   "%Qbuf_load_4 = load i6 %Qbuf_addr_4" [flash_attention.cpp:112]   --->   Operation 327 'load' 'Qbuf_load_4' <Predicate = (!icmp_ln104 & cmp102_16_read)> <Delay = 3.25> <CoreInst = "RAM_1WnR">   --->   Core 83 'RAM_1WnR' <Latency = 1> <II = 1> <Delay = 3.25> <Storage> <Opcode : 'load' 'store'> <Ports = 17> <Width = 32> <Depth = 64> <RAM>
ST_2 : Operation 328 [2/2] (3.25ns)   --->   "%Qbuf_1_load_4 = load i6 %Qbuf_1_addr_4" [flash_attention.cpp:112]   --->   Operation 328 'load' 'Qbuf_1_load_4' <Predicate = (!icmp_ln104 & cmp102_17_read)> <Delay = 3.25> <CoreInst = "RAM_1WnR">   --->   Core 83 'RAM_1WnR' <Latency = 1> <II = 1> <Delay = 3.25> <Storage> <Opcode : 'load' 'store'> <Ports = 17> <Width = 32> <Depth = 64> <RAM>
ST_2 : Operation 329 [2/2] (3.25ns)   --->   "%Qbuf_2_load_4 = load i6 %Qbuf_2_addr_4" [flash_attention.cpp:112]   --->   Operation 329 'load' 'Qbuf_2_load_4' <Predicate = (!icmp_ln104 & cmp102_18_read)> <Delay = 3.25> <CoreInst = "RAM_1WnR">   --->   Core 83 'RAM_1WnR' <Latency = 1> <II = 1> <Delay = 3.25> <Storage> <Opcode : 'load' 'store'> <Ports = 17> <Width = 32> <Depth = 64> <RAM>
ST_2 : Operation 330 [2/2] (3.25ns)   --->   "%Qbuf_3_load_4 = load i6 %Qbuf_3_addr_4" [flash_attention.cpp:112]   --->   Operation 330 'load' 'Qbuf_3_load_4' <Predicate = (!icmp_ln104 & cmp102_19_read)> <Delay = 3.25> <CoreInst = "RAM_1WnR">   --->   Core 83 'RAM_1WnR' <Latency = 1> <II = 1> <Delay = 3.25> <Storage> <Opcode : 'load' 'store'> <Ports = 17> <Width = 32> <Depth = 64> <RAM>
ST_2 : Operation 331 [2/2] (3.25ns)   --->   "%Qbuf_load_5 = load i6 %Qbuf_addr_5" [flash_attention.cpp:112]   --->   Operation 331 'load' 'Qbuf_load_5' <Predicate = (!icmp_ln104 & cmp102_20_read)> <Delay = 3.25> <CoreInst = "RAM_1WnR">   --->   Core 83 'RAM_1WnR' <Latency = 1> <II = 1> <Delay = 3.25> <Storage> <Opcode : 'load' 'store'> <Ports = 17> <Width = 32> <Depth = 64> <RAM>
ST_2 : Operation 332 [2/2] (3.25ns)   --->   "%Qbuf_1_load_5 = load i6 %Qbuf_1_addr_5" [flash_attention.cpp:112]   --->   Operation 332 'load' 'Qbuf_1_load_5' <Predicate = (!icmp_ln104 & cmp102_21_read)> <Delay = 3.25> <CoreInst = "RAM_1WnR">   --->   Core 83 'RAM_1WnR' <Latency = 1> <II = 1> <Delay = 3.25> <Storage> <Opcode : 'load' 'store'> <Ports = 17> <Width = 32> <Depth = 64> <RAM>
ST_2 : Operation 333 [2/2] (3.25ns)   --->   "%Qbuf_2_load_5 = load i6 %Qbuf_2_addr_5" [flash_attention.cpp:112]   --->   Operation 333 'load' 'Qbuf_2_load_5' <Predicate = (!icmp_ln104 & cmp102_22_read)> <Delay = 3.25> <CoreInst = "RAM_1WnR">   --->   Core 83 'RAM_1WnR' <Latency = 1> <II = 1> <Delay = 3.25> <Storage> <Opcode : 'load' 'store'> <Ports = 17> <Width = 32> <Depth = 64> <RAM>
ST_2 : Operation 334 [2/2] (3.25ns)   --->   "%Qbuf_3_load_5 = load i6 %Qbuf_3_addr_5" [flash_attention.cpp:112]   --->   Operation 334 'load' 'Qbuf_3_load_5' <Predicate = (!icmp_ln104 & cmp102_23_read)> <Delay = 3.25> <CoreInst = "RAM_1WnR">   --->   Core 83 'RAM_1WnR' <Latency = 1> <II = 1> <Delay = 3.25> <Storage> <Opcode : 'load' 'store'> <Ports = 17> <Width = 32> <Depth = 64> <RAM>
ST_2 : Operation 335 [2/2] (3.25ns)   --->   "%Qbuf_load_6 = load i6 %Qbuf_addr_6" [flash_attention.cpp:112]   --->   Operation 335 'load' 'Qbuf_load_6' <Predicate = (!icmp_ln104 & cmp102_24_read)> <Delay = 3.25> <CoreInst = "RAM_1WnR">   --->   Core 83 'RAM_1WnR' <Latency = 1> <II = 1> <Delay = 3.25> <Storage> <Opcode : 'load' 'store'> <Ports = 17> <Width = 32> <Depth = 64> <RAM>
ST_2 : Operation 336 [2/2] (3.25ns)   --->   "%Qbuf_1_load_6 = load i6 %Qbuf_1_addr_6" [flash_attention.cpp:112]   --->   Operation 336 'load' 'Qbuf_1_load_6' <Predicate = (!icmp_ln104 & cmp102_25_read)> <Delay = 3.25> <CoreInst = "RAM_1WnR">   --->   Core 83 'RAM_1WnR' <Latency = 1> <II = 1> <Delay = 3.25> <Storage> <Opcode : 'load' 'store'> <Ports = 17> <Width = 32> <Depth = 64> <RAM>
ST_2 : Operation 337 [2/2] (3.25ns)   --->   "%Qbuf_2_load_6 = load i6 %Qbuf_2_addr_6" [flash_attention.cpp:112]   --->   Operation 337 'load' 'Qbuf_2_load_6' <Predicate = (!icmp_ln104 & cmp102_26_read)> <Delay = 3.25> <CoreInst = "RAM_1WnR">   --->   Core 83 'RAM_1WnR' <Latency = 1> <II = 1> <Delay = 3.25> <Storage> <Opcode : 'load' 'store'> <Ports = 17> <Width = 32> <Depth = 64> <RAM>
ST_2 : Operation 338 [2/2] (3.25ns)   --->   "%Qbuf_3_load_6 = load i6 %Qbuf_3_addr_6" [flash_attention.cpp:112]   --->   Operation 338 'load' 'Qbuf_3_load_6' <Predicate = (!icmp_ln104 & cmp102_27_read)> <Delay = 3.25> <CoreInst = "RAM_1WnR">   --->   Core 83 'RAM_1WnR' <Latency = 1> <II = 1> <Delay = 3.25> <Storage> <Opcode : 'load' 'store'> <Ports = 17> <Width = 32> <Depth = 64> <RAM>
ST_2 : Operation 339 [2/2] (3.25ns)   --->   "%Qbuf_load_7 = load i6 %Qbuf_addr_7" [flash_attention.cpp:112]   --->   Operation 339 'load' 'Qbuf_load_7' <Predicate = (!icmp_ln104 & cmp102_28_read)> <Delay = 3.25> <CoreInst = "RAM_1WnR">   --->   Core 83 'RAM_1WnR' <Latency = 1> <II = 1> <Delay = 3.25> <Storage> <Opcode : 'load' 'store'> <Ports = 17> <Width = 32> <Depth = 64> <RAM>
ST_2 : Operation 340 [2/2] (3.25ns)   --->   "%Qbuf_1_load_7 = load i6 %Qbuf_1_addr_7" [flash_attention.cpp:112]   --->   Operation 340 'load' 'Qbuf_1_load_7' <Predicate = (!icmp_ln104 & cmp102_29_read)> <Delay = 3.25> <CoreInst = "RAM_1WnR">   --->   Core 83 'RAM_1WnR' <Latency = 1> <II = 1> <Delay = 3.25> <Storage> <Opcode : 'load' 'store'> <Ports = 17> <Width = 32> <Depth = 64> <RAM>
ST_2 : Operation 341 [2/2] (3.25ns)   --->   "%Qbuf_2_load_7 = load i6 %Qbuf_2_addr_7" [flash_attention.cpp:112]   --->   Operation 341 'load' 'Qbuf_2_load_7' <Predicate = (!icmp_ln104 & cmp102_30_read)> <Delay = 3.25> <CoreInst = "RAM_1WnR">   --->   Core 83 'RAM_1WnR' <Latency = 1> <II = 1> <Delay = 3.25> <Storage> <Opcode : 'load' 'store'> <Ports = 17> <Width = 32> <Depth = 64> <RAM>
ST_2 : Operation 342 [2/2] (3.25ns)   --->   "%Qbuf_3_load_7 = load i6 %Qbuf_3_addr_7" [flash_attention.cpp:112]   --->   Operation 342 'load' 'Qbuf_3_load_7' <Predicate = (!icmp_ln104 & icmp58_read)> <Delay = 3.25> <CoreInst = "RAM_1WnR">   --->   Core 83 'RAM_1WnR' <Latency = 1> <II = 1> <Delay = 3.25> <Storage> <Opcode : 'load' 'store'> <Ports = 17> <Width = 32> <Depth = 64> <RAM>
ST_2 : Operation 343 [1/1] (0.00ns)   --->   "%trunc_ln112 = trunc i7 %select_ln104" [flash_attention.cpp:112]   --->   Operation 343 'trunc' 'trunc_ln112' <Predicate = (!icmp_ln104)> <Delay = 0.00>
ST_2 : Operation 344 [1/1] (0.00ns)   --->   "%tmp_s = bitconcatenate i6 @_ssdm_op_BitConcatenate.i6.i3.i3, i3 %trunc_ln104, i3 0" [flash_attention.cpp:112]   --->   Operation 344 'bitconcatenate' 'tmp_s' <Predicate = (!icmp_ln104)> <Delay = 0.00>
ST_2 : Operation 345 [1/1] (0.00ns)   --->   "%zext_ln112 = zext i6 %tmp_s" [flash_attention.cpp:112]   --->   Operation 345 'zext' 'zext_ln112' <Predicate = (!icmp_ln104)> <Delay = 0.00>
ST_2 : Operation 346 [1/1] (0.00ns)   --->   "%Kbuf_addr = getelementptr i32 %Kbuf, i64 0, i64 %zext_ln112" [flash_attention.cpp:112]   --->   Operation 346 'getelementptr' 'Kbuf_addr' <Predicate = (!icmp_ln104 & cmp715_read)> <Delay = 0.00>
ST_2 : Operation 347 [1/1] (0.00ns)   --->   "%or_ln112 = or i6 %tmp_s, i6 1" [flash_attention.cpp:112]   --->   Operation 347 'or' 'or_ln112' <Predicate = (!icmp_ln104)> <Delay = 0.00>
ST_2 : Operation 348 [1/1] (0.00ns)   --->   "%zext_ln112_1 = zext i6 %or_ln112" [flash_attention.cpp:112]   --->   Operation 348 'zext' 'zext_ln112_1' <Predicate = (!icmp_ln104)> <Delay = 0.00>
ST_2 : Operation 349 [1/1] (0.00ns)   --->   "%Kbuf_addr_1 = getelementptr i32 %Kbuf, i64 0, i64 %zext_ln112_1" [flash_attention.cpp:112]   --->   Operation 349 'getelementptr' 'Kbuf_addr_1' <Predicate = (!icmp_ln104 & cmp102_4_read)> <Delay = 0.00>
ST_2 : Operation 350 [1/1] (0.00ns)   --->   "%or_ln112_1 = or i6 %tmp_s, i6 2" [flash_attention.cpp:112]   --->   Operation 350 'or' 'or_ln112_1' <Predicate = (!icmp_ln104)> <Delay = 0.00>
ST_2 : Operation 351 [1/1] (0.00ns)   --->   "%zext_ln112_2 = zext i6 %or_ln112_1" [flash_attention.cpp:112]   --->   Operation 351 'zext' 'zext_ln112_2' <Predicate = (!icmp_ln104)> <Delay = 0.00>
ST_2 : Operation 352 [1/1] (0.00ns)   --->   "%Kbuf_addr_2 = getelementptr i32 %Kbuf, i64 0, i64 %zext_ln112_2" [flash_attention.cpp:112]   --->   Operation 352 'getelementptr' 'Kbuf_addr_2' <Predicate = (!icmp_ln104 & cmp102_8_read)> <Delay = 0.00>
ST_2 : Operation 353 [1/1] (0.00ns)   --->   "%or_ln112_2 = or i6 %tmp_s, i6 3" [flash_attention.cpp:112]   --->   Operation 353 'or' 'or_ln112_2' <Predicate = (!icmp_ln104)> <Delay = 0.00>
ST_2 : Operation 354 [1/1] (0.00ns)   --->   "%zext_ln112_3 = zext i6 %or_ln112_2" [flash_attention.cpp:112]   --->   Operation 354 'zext' 'zext_ln112_3' <Predicate = (!icmp_ln104)> <Delay = 0.00>
ST_2 : Operation 355 [1/1] (0.00ns)   --->   "%Kbuf_addr_3 = getelementptr i32 %Kbuf, i64 0, i64 %zext_ln112_3" [flash_attention.cpp:112]   --->   Operation 355 'getelementptr' 'Kbuf_addr_3' <Predicate = (!icmp_ln104 & cmp102_12_read)> <Delay = 0.00>
ST_2 : Operation 356 [1/1] (0.00ns)   --->   "%or_ln112_3 = or i6 %tmp_s, i6 4" [flash_attention.cpp:112]   --->   Operation 356 'or' 'or_ln112_3' <Predicate = (!icmp_ln104)> <Delay = 0.00>
ST_2 : Operation 357 [1/1] (0.00ns)   --->   "%zext_ln112_4 = zext i6 %or_ln112_3" [flash_attention.cpp:112]   --->   Operation 357 'zext' 'zext_ln112_4' <Predicate = (!icmp_ln104)> <Delay = 0.00>
ST_2 : Operation 358 [1/1] (0.00ns)   --->   "%Kbuf_addr_4 = getelementptr i32 %Kbuf, i64 0, i64 %zext_ln112_4" [flash_attention.cpp:112]   --->   Operation 358 'getelementptr' 'Kbuf_addr_4' <Predicate = (!icmp_ln104 & cmp102_16_read)> <Delay = 0.00>
ST_2 : Operation 359 [1/1] (0.00ns)   --->   "%or_ln112_4 = or i6 %tmp_s, i6 5" [flash_attention.cpp:112]   --->   Operation 359 'or' 'or_ln112_4' <Predicate = (!icmp_ln104)> <Delay = 0.00>
ST_2 : Operation 360 [1/1] (0.00ns)   --->   "%zext_ln112_5 = zext i6 %or_ln112_4" [flash_attention.cpp:112]   --->   Operation 360 'zext' 'zext_ln112_5' <Predicate = (!icmp_ln104)> <Delay = 0.00>
ST_2 : Operation 361 [1/1] (0.00ns)   --->   "%Kbuf_addr_5 = getelementptr i32 %Kbuf, i64 0, i64 %zext_ln112_5" [flash_attention.cpp:112]   --->   Operation 361 'getelementptr' 'Kbuf_addr_5' <Predicate = (!icmp_ln104 & cmp102_20_read)> <Delay = 0.00>
ST_2 : Operation 362 [1/1] (0.00ns)   --->   "%or_ln112_5 = or i6 %tmp_s, i6 6" [flash_attention.cpp:112]   --->   Operation 362 'or' 'or_ln112_5' <Predicate = (!icmp_ln104)> <Delay = 0.00>
ST_2 : Operation 363 [1/1] (0.00ns)   --->   "%zext_ln112_6 = zext i6 %or_ln112_5" [flash_attention.cpp:112]   --->   Operation 363 'zext' 'zext_ln112_6' <Predicate = (!icmp_ln104)> <Delay = 0.00>
ST_2 : Operation 364 [1/1] (0.00ns)   --->   "%Kbuf_addr_6 = getelementptr i32 %Kbuf, i64 0, i64 %zext_ln112_6" [flash_attention.cpp:112]   --->   Operation 364 'getelementptr' 'Kbuf_addr_6' <Predicate = (!icmp_ln104 & cmp102_24_read)> <Delay = 0.00>
ST_2 : Operation 365 [1/1] (0.00ns)   --->   "%or_ln112_6 = or i6 %tmp_s, i6 7" [flash_attention.cpp:112]   --->   Operation 365 'or' 'or_ln112_6' <Predicate = (!icmp_ln104)> <Delay = 0.00>
ST_2 : Operation 366 [1/1] (0.00ns)   --->   "%zext_ln112_7 = zext i6 %or_ln112_6" [flash_attention.cpp:112]   --->   Operation 366 'zext' 'zext_ln112_7' <Predicate = (!icmp_ln104)> <Delay = 0.00>
ST_2 : Operation 367 [1/1] (0.00ns)   --->   "%Kbuf_addr_7 = getelementptr i32 %Kbuf, i64 0, i64 %zext_ln112_7" [flash_attention.cpp:112]   --->   Operation 367 'getelementptr' 'Kbuf_addr_7' <Predicate = (!icmp_ln104 & cmp102_28_read)> <Delay = 0.00>
ST_2 : Operation 368 [1/1] (0.00ns)   --->   "%Kbuf_1_addr = getelementptr i32 %Kbuf_1, i64 0, i64 %zext_ln112" [flash_attention.cpp:112]   --->   Operation 368 'getelementptr' 'Kbuf_1_addr' <Predicate = (!icmp_ln104 & icmp_read)> <Delay = 0.00>
ST_2 : Operation 369 [1/1] (0.00ns)   --->   "%Kbuf_1_addr_1 = getelementptr i32 %Kbuf_1, i64 0, i64 %zext_ln112_1" [flash_attention.cpp:112]   --->   Operation 369 'getelementptr' 'Kbuf_1_addr_1' <Predicate = (!icmp_ln104 & cmp102_5_read)> <Delay = 0.00>
ST_2 : Operation 370 [1/1] (0.00ns)   --->   "%Kbuf_1_addr_2 = getelementptr i32 %Kbuf_1, i64 0, i64 %zext_ln112_2" [flash_attention.cpp:112]   --->   Operation 370 'getelementptr' 'Kbuf_1_addr_2' <Predicate = (!icmp_ln104 & cmp102_9_read)> <Delay = 0.00>
ST_2 : Operation 371 [1/1] (0.00ns)   --->   "%Kbuf_1_addr_3 = getelementptr i32 %Kbuf_1, i64 0, i64 %zext_ln112_3" [flash_attention.cpp:112]   --->   Operation 371 'getelementptr' 'Kbuf_1_addr_3' <Predicate = (!icmp_ln104 & cmp102_13_read)> <Delay = 0.00>
ST_2 : Operation 372 [1/1] (0.00ns)   --->   "%Kbuf_1_addr_4 = getelementptr i32 %Kbuf_1, i64 0, i64 %zext_ln112_4" [flash_attention.cpp:112]   --->   Operation 372 'getelementptr' 'Kbuf_1_addr_4' <Predicate = (!icmp_ln104 & cmp102_17_read)> <Delay = 0.00>
ST_2 : Operation 373 [1/1] (0.00ns)   --->   "%Kbuf_1_addr_5 = getelementptr i32 %Kbuf_1, i64 0, i64 %zext_ln112_5" [flash_attention.cpp:112]   --->   Operation 373 'getelementptr' 'Kbuf_1_addr_5' <Predicate = (!icmp_ln104 & cmp102_21_read)> <Delay = 0.00>
ST_2 : Operation 374 [1/1] (0.00ns)   --->   "%Kbuf_1_addr_6 = getelementptr i32 %Kbuf_1, i64 0, i64 %zext_ln112_6" [flash_attention.cpp:112]   --->   Operation 374 'getelementptr' 'Kbuf_1_addr_6' <Predicate = (!icmp_ln104 & cmp102_25_read)> <Delay = 0.00>
ST_2 : Operation 375 [1/1] (0.00ns)   --->   "%Kbuf_1_addr_7 = getelementptr i32 %Kbuf_1, i64 0, i64 %zext_ln112_7" [flash_attention.cpp:112]   --->   Operation 375 'getelementptr' 'Kbuf_1_addr_7' <Predicate = (!icmp_ln104 & cmp102_29_read)> <Delay = 0.00>
ST_2 : Operation 376 [1/1] (0.00ns)   --->   "%Kbuf_2_addr = getelementptr i32 %Kbuf_2, i64 0, i64 %zext_ln112" [flash_attention.cpp:112]   --->   Operation 376 'getelementptr' 'Kbuf_2_addr' <Predicate = (!icmp_ln104 & cmp102_2_read)> <Delay = 0.00>
ST_2 : Operation 377 [1/1] (0.00ns)   --->   "%Kbuf_2_addr_1 = getelementptr i32 %Kbuf_2, i64 0, i64 %zext_ln112_1" [flash_attention.cpp:112]   --->   Operation 377 'getelementptr' 'Kbuf_2_addr_1' <Predicate = (!icmp_ln104 & cmp102_6_read)> <Delay = 0.00>
ST_2 : Operation 378 [1/1] (0.00ns)   --->   "%Kbuf_2_addr_2 = getelementptr i32 %Kbuf_2, i64 0, i64 %zext_ln112_2" [flash_attention.cpp:112]   --->   Operation 378 'getelementptr' 'Kbuf_2_addr_2' <Predicate = (!icmp_ln104 & cmp102_10_read)> <Delay = 0.00>
ST_2 : Operation 379 [1/1] (0.00ns)   --->   "%Kbuf_2_addr_3 = getelementptr i32 %Kbuf_2, i64 0, i64 %zext_ln112_3" [flash_attention.cpp:112]   --->   Operation 379 'getelementptr' 'Kbuf_2_addr_3' <Predicate = (!icmp_ln104 & cmp102_14_read)> <Delay = 0.00>
ST_2 : Operation 380 [1/1] (0.00ns)   --->   "%Kbuf_2_addr_4 = getelementptr i32 %Kbuf_2, i64 0, i64 %zext_ln112_4" [flash_attention.cpp:112]   --->   Operation 380 'getelementptr' 'Kbuf_2_addr_4' <Predicate = (!icmp_ln104 & cmp102_18_read)> <Delay = 0.00>
ST_2 : Operation 381 [1/1] (0.00ns)   --->   "%Kbuf_2_addr_5 = getelementptr i32 %Kbuf_2, i64 0, i64 %zext_ln112_5" [flash_attention.cpp:112]   --->   Operation 381 'getelementptr' 'Kbuf_2_addr_5' <Predicate = (!icmp_ln104 & cmp102_22_read)> <Delay = 0.00>
ST_2 : Operation 382 [1/1] (0.00ns)   --->   "%Kbuf_2_addr_6 = getelementptr i32 %Kbuf_2, i64 0, i64 %zext_ln112_6" [flash_attention.cpp:112]   --->   Operation 382 'getelementptr' 'Kbuf_2_addr_6' <Predicate = (!icmp_ln104 & cmp102_26_read)> <Delay = 0.00>
ST_2 : Operation 383 [1/1] (0.00ns)   --->   "%Kbuf_2_addr_7 = getelementptr i32 %Kbuf_2, i64 0, i64 %zext_ln112_7" [flash_attention.cpp:112]   --->   Operation 383 'getelementptr' 'Kbuf_2_addr_7' <Predicate = (!icmp_ln104 & cmp102_30_read)> <Delay = 0.00>
ST_2 : Operation 384 [1/1] (0.00ns)   --->   "%Kbuf_3_addr = getelementptr i32 %Kbuf_3, i64 0, i64 %zext_ln112" [flash_attention.cpp:112]   --->   Operation 384 'getelementptr' 'Kbuf_3_addr' <Predicate = (!icmp_ln104 & icmp49_read)> <Delay = 0.00>
ST_2 : Operation 385 [1/1] (0.00ns)   --->   "%Kbuf_3_addr_1 = getelementptr i32 %Kbuf_3, i64 0, i64 %zext_ln112_1" [flash_attention.cpp:112]   --->   Operation 385 'getelementptr' 'Kbuf_3_addr_1' <Predicate = (!icmp_ln104 & icmp52_read)> <Delay = 0.00>
ST_2 : Operation 386 [1/1] (0.00ns)   --->   "%Kbuf_3_addr_2 = getelementptr i32 %Kbuf_3, i64 0, i64 %zext_ln112_2" [flash_attention.cpp:112]   --->   Operation 386 'getelementptr' 'Kbuf_3_addr_2' <Predicate = (!icmp_ln104 & cmp102_11_read)> <Delay = 0.00>
ST_2 : Operation 387 [1/1] (0.00ns)   --->   "%Kbuf_3_addr_3 = getelementptr i32 %Kbuf_3, i64 0, i64 %zext_ln112_3" [flash_attention.cpp:112]   --->   Operation 387 'getelementptr' 'Kbuf_3_addr_3' <Predicate = (!icmp_ln104 & icmp55_read)> <Delay = 0.00>
ST_2 : Operation 388 [1/1] (0.00ns)   --->   "%Kbuf_3_addr_4 = getelementptr i32 %Kbuf_3, i64 0, i64 %zext_ln112_4" [flash_attention.cpp:112]   --->   Operation 388 'getelementptr' 'Kbuf_3_addr_4' <Predicate = (!icmp_ln104 & cmp102_19_read)> <Delay = 0.00>
ST_2 : Operation 389 [1/1] (0.00ns)   --->   "%Kbuf_3_addr_5 = getelementptr i32 %Kbuf_3, i64 0, i64 %zext_ln112_5" [flash_attention.cpp:112]   --->   Operation 389 'getelementptr' 'Kbuf_3_addr_5' <Predicate = (!icmp_ln104 & cmp102_23_read)> <Delay = 0.00>
ST_2 : Operation 390 [1/1] (0.00ns)   --->   "%Kbuf_3_addr_6 = getelementptr i32 %Kbuf_3, i64 0, i64 %zext_ln112_6" [flash_attention.cpp:112]   --->   Operation 390 'getelementptr' 'Kbuf_3_addr_6' <Predicate = (!icmp_ln104 & cmp102_27_read)> <Delay = 0.00>
ST_2 : Operation 391 [1/1] (0.00ns)   --->   "%Kbuf_3_addr_7 = getelementptr i32 %Kbuf_3, i64 0, i64 %zext_ln112_7" [flash_attention.cpp:112]   --->   Operation 391 'getelementptr' 'Kbuf_3_addr_7' <Predicate = (!icmp_ln104 & icmp58_read)> <Delay = 0.00>
ST_2 : Operation 392 [1/1] (1.82ns)   --->   "%add_ln123 = add i6 %tmp_17_cast, i6 %trunc_ln112" [flash_attention.cpp:123]   --->   Operation 392 'add' 'add_ln123' <Predicate = (!icmp_ln104)> <Delay = 1.82> <CoreInst = "Adder">   --->   Core 1 'Adder' <Latency = 0> <II = 1> <Delay = 1.82> <FuncUnit> <Opcode : 'add' 'sub'> <InPorts = 2> <OutPorts = 1>
ST_2 : Operation 393 [2/2] (3.25ns)   --->   "%Kbuf_load = load i6 %Kbuf_addr" [flash_attention.cpp:112]   --->   Operation 393 'load' 'Kbuf_load' <Predicate = (!icmp_ln104 & cmp715_read)> <Delay = 3.25> <CoreInst = "RAM_1WnR">   --->   Core 83 'RAM_1WnR' <Latency = 1> <II = 1> <Delay = 3.25> <Storage> <Opcode : 'load' 'store'> <Ports = 17> <Width = 32> <Depth = 64> <RAM>
ST_2 : Operation 394 [2/2] (3.25ns)   --->   "%Kbuf_1_load = load i6 %Kbuf_1_addr" [flash_attention.cpp:112]   --->   Operation 394 'load' 'Kbuf_1_load' <Predicate = (!icmp_ln104 & icmp_read)> <Delay = 3.25> <CoreInst = "RAM_1WnR">   --->   Core 83 'RAM_1WnR' <Latency = 1> <II = 1> <Delay = 3.25> <Storage> <Opcode : 'load' 'store'> <Ports = 17> <Width = 32> <Depth = 64> <RAM>
ST_2 : Operation 395 [2/2] (3.25ns)   --->   "%Kbuf_2_load = load i6 %Kbuf_2_addr" [flash_attention.cpp:112]   --->   Operation 395 'load' 'Kbuf_2_load' <Predicate = (!icmp_ln104 & cmp102_2_read)> <Delay = 3.25> <CoreInst = "RAM_1WnR">   --->   Core 83 'RAM_1WnR' <Latency = 1> <II = 1> <Delay = 3.25> <Storage> <Opcode : 'load' 'store'> <Ports = 17> <Width = 32> <Depth = 64> <RAM>
ST_2 : Operation 396 [2/2] (3.25ns)   --->   "%Kbuf_3_load = load i6 %Kbuf_3_addr" [flash_attention.cpp:112]   --->   Operation 396 'load' 'Kbuf_3_load' <Predicate = (!icmp_ln104 & icmp49_read)> <Delay = 3.25> <CoreInst = "RAM_1WnR">   --->   Core 83 'RAM_1WnR' <Latency = 1> <II = 1> <Delay = 3.25> <Storage> <Opcode : 'load' 'store'> <Ports = 17> <Width = 32> <Depth = 64> <RAM>
ST_2 : Operation 397 [2/2] (3.25ns)   --->   "%Kbuf_load_1 = load i6 %Kbuf_addr_1" [flash_attention.cpp:112]   --->   Operation 397 'load' 'Kbuf_load_1' <Predicate = (!icmp_ln104 & cmp102_4_read)> <Delay = 3.25> <CoreInst = "RAM_1WnR">   --->   Core 83 'RAM_1WnR' <Latency = 1> <II = 1> <Delay = 3.25> <Storage> <Opcode : 'load' 'store'> <Ports = 17> <Width = 32> <Depth = 64> <RAM>
ST_2 : Operation 398 [2/2] (3.25ns)   --->   "%Kbuf_1_load_1 = load i6 %Kbuf_1_addr_1" [flash_attention.cpp:112]   --->   Operation 398 'load' 'Kbuf_1_load_1' <Predicate = (!icmp_ln104 & cmp102_5_read)> <Delay = 3.25> <CoreInst = "RAM_1WnR">   --->   Core 83 'RAM_1WnR' <Latency = 1> <II = 1> <Delay = 3.25> <Storage> <Opcode : 'load' 'store'> <Ports = 17> <Width = 32> <Depth = 64> <RAM>
ST_2 : Operation 399 [2/2] (3.25ns)   --->   "%Kbuf_2_load_1 = load i6 %Kbuf_2_addr_1" [flash_attention.cpp:112]   --->   Operation 399 'load' 'Kbuf_2_load_1' <Predicate = (!icmp_ln104 & cmp102_6_read)> <Delay = 3.25> <CoreInst = "RAM_1WnR">   --->   Core 83 'RAM_1WnR' <Latency = 1> <II = 1> <Delay = 3.25> <Storage> <Opcode : 'load' 'store'> <Ports = 17> <Width = 32> <Depth = 64> <RAM>
ST_2 : Operation 400 [2/2] (3.25ns)   --->   "%Kbuf_3_load_1 = load i6 %Kbuf_3_addr_1" [flash_attention.cpp:112]   --->   Operation 400 'load' 'Kbuf_3_load_1' <Predicate = (!icmp_ln104 & icmp52_read)> <Delay = 3.25> <CoreInst = "RAM_1WnR">   --->   Core 83 'RAM_1WnR' <Latency = 1> <II = 1> <Delay = 3.25> <Storage> <Opcode : 'load' 'store'> <Ports = 17> <Width = 32> <Depth = 64> <RAM>
ST_2 : Operation 401 [2/2] (3.25ns)   --->   "%Kbuf_load_2 = load i6 %Kbuf_addr_2" [flash_attention.cpp:112]   --->   Operation 401 'load' 'Kbuf_load_2' <Predicate = (!icmp_ln104 & cmp102_8_read)> <Delay = 3.25> <CoreInst = "RAM_1WnR">   --->   Core 83 'RAM_1WnR' <Latency = 1> <II = 1> <Delay = 3.25> <Storage> <Opcode : 'load' 'store'> <Ports = 17> <Width = 32> <Depth = 64> <RAM>
ST_2 : Operation 402 [2/2] (3.25ns)   --->   "%Kbuf_1_load_2 = load i6 %Kbuf_1_addr_2" [flash_attention.cpp:112]   --->   Operation 402 'load' 'Kbuf_1_load_2' <Predicate = (!icmp_ln104 & cmp102_9_read)> <Delay = 3.25> <CoreInst = "RAM_1WnR">   --->   Core 83 'RAM_1WnR' <Latency = 1> <II = 1> <Delay = 3.25> <Storage> <Opcode : 'load' 'store'> <Ports = 17> <Width = 32> <Depth = 64> <RAM>
ST_2 : Operation 403 [2/2] (3.25ns)   --->   "%Kbuf_2_load_2 = load i6 %Kbuf_2_addr_2" [flash_attention.cpp:112]   --->   Operation 403 'load' 'Kbuf_2_load_2' <Predicate = (!icmp_ln104 & cmp102_10_read)> <Delay = 3.25> <CoreInst = "RAM_1WnR">   --->   Core 83 'RAM_1WnR' <Latency = 1> <II = 1> <Delay = 3.25> <Storage> <Opcode : 'load' 'store'> <Ports = 17> <Width = 32> <Depth = 64> <RAM>
ST_2 : Operation 404 [2/2] (3.25ns)   --->   "%Kbuf_3_load_2 = load i6 %Kbuf_3_addr_2" [flash_attention.cpp:112]   --->   Operation 404 'load' 'Kbuf_3_load_2' <Predicate = (!icmp_ln104 & cmp102_11_read)> <Delay = 3.25> <CoreInst = "RAM_1WnR">   --->   Core 83 'RAM_1WnR' <Latency = 1> <II = 1> <Delay = 3.25> <Storage> <Opcode : 'load' 'store'> <Ports = 17> <Width = 32> <Depth = 64> <RAM>
ST_2 : Operation 405 [2/2] (3.25ns)   --->   "%Kbuf_load_3 = load i6 %Kbuf_addr_3" [flash_attention.cpp:112]   --->   Operation 405 'load' 'Kbuf_load_3' <Predicate = (!icmp_ln104 & cmp102_12_read)> <Delay = 3.25> <CoreInst = "RAM_1WnR">   --->   Core 83 'RAM_1WnR' <Latency = 1> <II = 1> <Delay = 3.25> <Storage> <Opcode : 'load' 'store'> <Ports = 17> <Width = 32> <Depth = 64> <RAM>
ST_2 : Operation 406 [2/2] (3.25ns)   --->   "%Kbuf_1_load_3 = load i6 %Kbuf_1_addr_3" [flash_attention.cpp:112]   --->   Operation 406 'load' 'Kbuf_1_load_3' <Predicate = (!icmp_ln104 & cmp102_13_read)> <Delay = 3.25> <CoreInst = "RAM_1WnR">   --->   Core 83 'RAM_1WnR' <Latency = 1> <II = 1> <Delay = 3.25> <Storage> <Opcode : 'load' 'store'> <Ports = 17> <Width = 32> <Depth = 64> <RAM>
ST_2 : Operation 407 [2/2] (3.25ns)   --->   "%Kbuf_2_load_3 = load i6 %Kbuf_2_addr_3" [flash_attention.cpp:112]   --->   Operation 407 'load' 'Kbuf_2_load_3' <Predicate = (!icmp_ln104 & cmp102_14_read)> <Delay = 3.25> <CoreInst = "RAM_1WnR">   --->   Core 83 'RAM_1WnR' <Latency = 1> <II = 1> <Delay = 3.25> <Storage> <Opcode : 'load' 'store'> <Ports = 17> <Width = 32> <Depth = 64> <RAM>
ST_2 : Operation 408 [2/2] (3.25ns)   --->   "%Kbuf_3_load_3 = load i6 %Kbuf_3_addr_3" [flash_attention.cpp:112]   --->   Operation 408 'load' 'Kbuf_3_load_3' <Predicate = (!icmp_ln104 & icmp55_read)> <Delay = 3.25> <CoreInst = "RAM_1WnR">   --->   Core 83 'RAM_1WnR' <Latency = 1> <II = 1> <Delay = 3.25> <Storage> <Opcode : 'load' 'store'> <Ports = 17> <Width = 32> <Depth = 64> <RAM>
ST_2 : Operation 409 [2/2] (3.25ns)   --->   "%Kbuf_load_4 = load i6 %Kbuf_addr_4" [flash_attention.cpp:112]   --->   Operation 409 'load' 'Kbuf_load_4' <Predicate = (!icmp_ln104 & cmp102_16_read)> <Delay = 3.25> <CoreInst = "RAM_1WnR">   --->   Core 83 'RAM_1WnR' <Latency = 1> <II = 1> <Delay = 3.25> <Storage> <Opcode : 'load' 'store'> <Ports = 17> <Width = 32> <Depth = 64> <RAM>
ST_2 : Operation 410 [2/2] (3.25ns)   --->   "%Kbuf_1_load_4 = load i6 %Kbuf_1_addr_4" [flash_attention.cpp:112]   --->   Operation 410 'load' 'Kbuf_1_load_4' <Predicate = (!icmp_ln104 & cmp102_17_read)> <Delay = 3.25> <CoreInst = "RAM_1WnR">   --->   Core 83 'RAM_1WnR' <Latency = 1> <II = 1> <Delay = 3.25> <Storage> <Opcode : 'load' 'store'> <Ports = 17> <Width = 32> <Depth = 64> <RAM>
ST_2 : Operation 411 [2/2] (3.25ns)   --->   "%Kbuf_2_load_4 = load i6 %Kbuf_2_addr_4" [flash_attention.cpp:112]   --->   Operation 411 'load' 'Kbuf_2_load_4' <Predicate = (!icmp_ln104 & cmp102_18_read)> <Delay = 3.25> <CoreInst = "RAM_1WnR">   --->   Core 83 'RAM_1WnR' <Latency = 1> <II = 1> <Delay = 3.25> <Storage> <Opcode : 'load' 'store'> <Ports = 17> <Width = 32> <Depth = 64> <RAM>
ST_2 : Operation 412 [2/2] (3.25ns)   --->   "%Kbuf_3_load_4 = load i6 %Kbuf_3_addr_4" [flash_attention.cpp:112]   --->   Operation 412 'load' 'Kbuf_3_load_4' <Predicate = (!icmp_ln104 & cmp102_19_read)> <Delay = 3.25> <CoreInst = "RAM_1WnR">   --->   Core 83 'RAM_1WnR' <Latency = 1> <II = 1> <Delay = 3.25> <Storage> <Opcode : 'load' 'store'> <Ports = 17> <Width = 32> <Depth = 64> <RAM>
ST_2 : Operation 413 [2/2] (3.25ns)   --->   "%Kbuf_load_5 = load i6 %Kbuf_addr_5" [flash_attention.cpp:112]   --->   Operation 413 'load' 'Kbuf_load_5' <Predicate = (!icmp_ln104 & cmp102_20_read)> <Delay = 3.25> <CoreInst = "RAM_1WnR">   --->   Core 83 'RAM_1WnR' <Latency = 1> <II = 1> <Delay = 3.25> <Storage> <Opcode : 'load' 'store'> <Ports = 17> <Width = 32> <Depth = 64> <RAM>
ST_2 : Operation 414 [2/2] (3.25ns)   --->   "%Kbuf_1_load_5 = load i6 %Kbuf_1_addr_5" [flash_attention.cpp:112]   --->   Operation 414 'load' 'Kbuf_1_load_5' <Predicate = (!icmp_ln104 & cmp102_21_read)> <Delay = 3.25> <CoreInst = "RAM_1WnR">   --->   Core 83 'RAM_1WnR' <Latency = 1> <II = 1> <Delay = 3.25> <Storage> <Opcode : 'load' 'store'> <Ports = 17> <Width = 32> <Depth = 64> <RAM>
ST_2 : Operation 415 [2/2] (3.25ns)   --->   "%Kbuf_2_load_5 = load i6 %Kbuf_2_addr_5" [flash_attention.cpp:112]   --->   Operation 415 'load' 'Kbuf_2_load_5' <Predicate = (!icmp_ln104 & cmp102_22_read)> <Delay = 3.25> <CoreInst = "RAM_1WnR">   --->   Core 83 'RAM_1WnR' <Latency = 1> <II = 1> <Delay = 3.25> <Storage> <Opcode : 'load' 'store'> <Ports = 17> <Width = 32> <Depth = 64> <RAM>
ST_2 : Operation 416 [2/2] (3.25ns)   --->   "%Kbuf_3_load_5 = load i6 %Kbuf_3_addr_5" [flash_attention.cpp:112]   --->   Operation 416 'load' 'Kbuf_3_load_5' <Predicate = (!icmp_ln104 & cmp102_23_read)> <Delay = 3.25> <CoreInst = "RAM_1WnR">   --->   Core 83 'RAM_1WnR' <Latency = 1> <II = 1> <Delay = 3.25> <Storage> <Opcode : 'load' 'store'> <Ports = 17> <Width = 32> <Depth = 64> <RAM>
ST_2 : Operation 417 [2/2] (3.25ns)   --->   "%Kbuf_load_6 = load i6 %Kbuf_addr_6" [flash_attention.cpp:112]   --->   Operation 417 'load' 'Kbuf_load_6' <Predicate = (!icmp_ln104 & cmp102_24_read)> <Delay = 3.25> <CoreInst = "RAM_1WnR">   --->   Core 83 'RAM_1WnR' <Latency = 1> <II = 1> <Delay = 3.25> <Storage> <Opcode : 'load' 'store'> <Ports = 17> <Width = 32> <Depth = 64> <RAM>
ST_2 : Operation 418 [2/2] (3.25ns)   --->   "%Kbuf_1_load_6 = load i6 %Kbuf_1_addr_6" [flash_attention.cpp:112]   --->   Operation 418 'load' 'Kbuf_1_load_6' <Predicate = (!icmp_ln104 & cmp102_25_read)> <Delay = 3.25> <CoreInst = "RAM_1WnR">   --->   Core 83 'RAM_1WnR' <Latency = 1> <II = 1> <Delay = 3.25> <Storage> <Opcode : 'load' 'store'> <Ports = 17> <Width = 32> <Depth = 64> <RAM>
ST_2 : Operation 419 [2/2] (3.25ns)   --->   "%Kbuf_2_load_6 = load i6 %Kbuf_2_addr_6" [flash_attention.cpp:112]   --->   Operation 419 'load' 'Kbuf_2_load_6' <Predicate = (!icmp_ln104 & cmp102_26_read)> <Delay = 3.25> <CoreInst = "RAM_1WnR">   --->   Core 83 'RAM_1WnR' <Latency = 1> <II = 1> <Delay = 3.25> <Storage> <Opcode : 'load' 'store'> <Ports = 17> <Width = 32> <Depth = 64> <RAM>
ST_2 : Operation 420 [2/2] (3.25ns)   --->   "%Kbuf_3_load_6 = load i6 %Kbuf_3_addr_6" [flash_attention.cpp:112]   --->   Operation 420 'load' 'Kbuf_3_load_6' <Predicate = (!icmp_ln104 & cmp102_27_read)> <Delay = 3.25> <CoreInst = "RAM_1WnR">   --->   Core 83 'RAM_1WnR' <Latency = 1> <II = 1> <Delay = 3.25> <Storage> <Opcode : 'load' 'store'> <Ports = 17> <Width = 32> <Depth = 64> <RAM>
ST_2 : Operation 421 [2/2] (3.25ns)   --->   "%Kbuf_load_7 = load i6 %Kbuf_addr_7" [flash_attention.cpp:112]   --->   Operation 421 'load' 'Kbuf_load_7' <Predicate = (!icmp_ln104 & cmp102_28_read)> <Delay = 3.25> <CoreInst = "RAM_1WnR">   --->   Core 83 'RAM_1WnR' <Latency = 1> <II = 1> <Delay = 3.25> <Storage> <Opcode : 'load' 'store'> <Ports = 17> <Width = 32> <Depth = 64> <RAM>
ST_2 : Operation 422 [2/2] (3.25ns)   --->   "%Kbuf_1_load_7 = load i6 %Kbuf_1_addr_7" [flash_attention.cpp:112]   --->   Operation 422 'load' 'Kbuf_1_load_7' <Predicate = (!icmp_ln104 & cmp102_29_read)> <Delay = 3.25> <CoreInst = "RAM_1WnR">   --->   Core 83 'RAM_1WnR' <Latency = 1> <II = 1> <Delay = 3.25> <Storage> <Opcode : 'load' 'store'> <Ports = 17> <Width = 32> <Depth = 64> <RAM>
ST_2 : Operation 423 [2/2] (3.25ns)   --->   "%Kbuf_2_load_7 = load i6 %Kbuf_2_addr_7" [flash_attention.cpp:112]   --->   Operation 423 'load' 'Kbuf_2_load_7' <Predicate = (!icmp_ln104 & cmp102_30_read)> <Delay = 3.25> <CoreInst = "RAM_1WnR">   --->   Core 83 'RAM_1WnR' <Latency = 1> <II = 1> <Delay = 3.25> <Storage> <Opcode : 'load' 'store'> <Ports = 17> <Width = 32> <Depth = 64> <RAM>
ST_2 : Operation 424 [2/2] (3.25ns)   --->   "%Kbuf_3_load_7 = load i6 %Kbuf_3_addr_7" [flash_attention.cpp:112]   --->   Operation 424 'load' 'Kbuf_3_load_7' <Predicate = (!icmp_ln104 & icmp58_read)> <Delay = 3.25> <CoreInst = "RAM_1WnR">   --->   Core 83 'RAM_1WnR' <Latency = 1> <II = 1> <Delay = 3.25> <Storage> <Opcode : 'load' 'store'> <Ports = 17> <Width = 32> <Depth = 64> <RAM>
ST_2 : Operation 425 [1/1] (1.87ns)   --->   "%add_ln106 = add i7 %select_ln104, i7 1" [flash_attention.cpp:106]   --->   Operation 425 'add' 'add_ln106' <Predicate = (!icmp_ln104)> <Delay = 1.87> <CoreInst = "Adder">   --->   Core 1 'Adder' <Latency = 0> <II = 1> <Delay = 1.87> <FuncUnit> <Opcode : 'add' 'sub'> <InPorts = 2> <OutPorts = 1>
ST_2 : Operation 426 [1/1] (1.58ns)   --->   "%store_ln104 = store i63 %add_ln104_1, i63 %indvar_flatten19" [flash_attention.cpp:104]   --->   Operation 426 'store' 'store_ln104' <Predicate = (!icmp_ln104)> <Delay = 1.58>
ST_2 : Operation 427 [1/1] (1.58ns)   --->   "%store_ln104 = store i4 %select_ln104_1, i4 %i" [flash_attention.cpp:104]   --->   Operation 427 'store' 'store_ln104' <Predicate = (!icmp_ln104)> <Delay = 1.58>
ST_2 : Operation 428 [1/1] (1.58ns)   --->   "%store_ln106 = store i7 %add_ln106, i7 %j" [flash_attention.cpp:106]   --->   Operation 428 'store' 'store_ln106' <Predicate = (!icmp_ln104)> <Delay = 1.58>

State 3 <SV = 2> <Delay = 5.10>
ST_3 : Operation 429 [1/1] (0.00ns)   --->   "%zext_ln104 = zext i4 %select_ln104_1" [flash_attention.cpp:104]   --->   Operation 429 'zext' 'zext_ln104' <Predicate = true> <Delay = 0.00>
ST_3 : Operation 430 [1/1] (0.00ns)   --->   "%select_ln104_2_cast = zext i7 %select_ln104" [flash_attention.cpp:104]   --->   Operation 430 'zext' 'select_ln104_2_cast' <Predicate = true> <Delay = 0.00>
ST_3 : Operation 431 [1/1] (2.55ns)   --->   "%empty = add i32 %zext_ln104, i32 %q0_read" [flash_attention.cpp:104]   --->   Operation 431 'add' 'empty' <Predicate = true> <Delay = 2.55> <CoreInst = "Adder">   --->   Core 1 'Adder' <Latency = 0> <II = 1> <Delay = 2.55> <FuncUnit> <Opcode : 'add' 'sub'> <InPorts = 2> <OutPorts = 1>
ST_3 : Operation 432 [1/2] (3.25ns)   --->   "%Qbuf_load = load i6 %Qbuf_addr" [flash_attention.cpp:112]   --->   Operation 432 'load' 'Qbuf_load' <Predicate = (cmp715_read)> <Delay = 3.25> <CoreInst = "RAM_1WnR">   --->   Core 83 'RAM_1WnR' <Latency = 1> <II = 1> <Delay = 3.25> <Storage> <Opcode : 'load' 'store'> <Ports = 17> <Width = 32> <Depth = 64> <RAM>
ST_3 : Operation 433 [1/2] (3.25ns)   --->   "%Qbuf_1_load = load i6 %Qbuf_1_addr" [flash_attention.cpp:112]   --->   Operation 433 'load' 'Qbuf_1_load' <Predicate = (icmp_read)> <Delay = 3.25> <CoreInst = "RAM_1WnR">   --->   Core 83 'RAM_1WnR' <Latency = 1> <II = 1> <Delay = 3.25> <Storage> <Opcode : 'load' 'store'> <Ports = 17> <Width = 32> <Depth = 64> <RAM>
ST_3 : Operation 434 [1/2] (3.25ns)   --->   "%Qbuf_2_load = load i6 %Qbuf_2_addr" [flash_attention.cpp:112]   --->   Operation 434 'load' 'Qbuf_2_load' <Predicate = (cmp102_2_read)> <Delay = 3.25> <CoreInst = "RAM_1WnR">   --->   Core 83 'RAM_1WnR' <Latency = 1> <II = 1> <Delay = 3.25> <Storage> <Opcode : 'load' 'store'> <Ports = 17> <Width = 32> <Depth = 64> <RAM>
ST_3 : Operation 435 [1/2] (3.25ns)   --->   "%Qbuf_3_load = load i6 %Qbuf_3_addr" [flash_attention.cpp:112]   --->   Operation 435 'load' 'Qbuf_3_load' <Predicate = (icmp49_read)> <Delay = 3.25> <CoreInst = "RAM_1WnR">   --->   Core 83 'RAM_1WnR' <Latency = 1> <II = 1> <Delay = 3.25> <Storage> <Opcode : 'load' 'store'> <Ports = 17> <Width = 32> <Depth = 64> <RAM>
ST_3 : Operation 436 [1/2] (3.25ns)   --->   "%Qbuf_load_1 = load i6 %Qbuf_addr_1" [flash_attention.cpp:112]   --->   Operation 436 'load' 'Qbuf_load_1' <Predicate = (cmp102_4_read)> <Delay = 3.25> <CoreInst = "RAM_1WnR">   --->   Core 83 'RAM_1WnR' <Latency = 1> <II = 1> <Delay = 3.25> <Storage> <Opcode : 'load' 'store'> <Ports = 17> <Width = 32> <Depth = 64> <RAM>
ST_3 : Operation 437 [1/2] (3.25ns)   --->   "%Qbuf_1_load_1 = load i6 %Qbuf_1_addr_1" [flash_attention.cpp:112]   --->   Operation 437 'load' 'Qbuf_1_load_1' <Predicate = (cmp102_5_read)> <Delay = 3.25> <CoreInst = "RAM_1WnR">   --->   Core 83 'RAM_1WnR' <Latency = 1> <II = 1> <Delay = 3.25> <Storage> <Opcode : 'load' 'store'> <Ports = 17> <Width = 32> <Depth = 64> <RAM>
ST_3 : Operation 438 [1/2] (3.25ns)   --->   "%Qbuf_2_load_1 = load i6 %Qbuf_2_addr_1" [flash_attention.cpp:112]   --->   Operation 438 'load' 'Qbuf_2_load_1' <Predicate = (cmp102_6_read)> <Delay = 3.25> <CoreInst = "RAM_1WnR">   --->   Core 83 'RAM_1WnR' <Latency = 1> <II = 1> <Delay = 3.25> <Storage> <Opcode : 'load' 'store'> <Ports = 17> <Width = 32> <Depth = 64> <RAM>
ST_3 : Operation 439 [1/2] (3.25ns)   --->   "%Qbuf_3_load_1 = load i6 %Qbuf_3_addr_1" [flash_attention.cpp:112]   --->   Operation 439 'load' 'Qbuf_3_load_1' <Predicate = (icmp52_read)> <Delay = 3.25> <CoreInst = "RAM_1WnR">   --->   Core 83 'RAM_1WnR' <Latency = 1> <II = 1> <Delay = 3.25> <Storage> <Opcode : 'load' 'store'> <Ports = 17> <Width = 32> <Depth = 64> <RAM>
ST_3 : Operation 440 [1/2] (3.25ns)   --->   "%Qbuf_load_2 = load i6 %Qbuf_addr_2" [flash_attention.cpp:112]   --->   Operation 440 'load' 'Qbuf_load_2' <Predicate = (cmp102_8_read)> <Delay = 3.25> <CoreInst = "RAM_1WnR">   --->   Core 83 'RAM_1WnR' <Latency = 1> <II = 1> <Delay = 3.25> <Storage> <Opcode : 'load' 'store'> <Ports = 17> <Width = 32> <Depth = 64> <RAM>
ST_3 : Operation 441 [1/2] (3.25ns)   --->   "%Qbuf_1_load_2 = load i6 %Qbuf_1_addr_2" [flash_attention.cpp:112]   --->   Operation 441 'load' 'Qbuf_1_load_2' <Predicate = (cmp102_9_read)> <Delay = 3.25> <CoreInst = "RAM_1WnR">   --->   Core 83 'RAM_1WnR' <Latency = 1> <II = 1> <Delay = 3.25> <Storage> <Opcode : 'load' 'store'> <Ports = 17> <Width = 32> <Depth = 64> <RAM>
ST_3 : Operation 442 [1/2] (3.25ns)   --->   "%Qbuf_2_load_2 = load i6 %Qbuf_2_addr_2" [flash_attention.cpp:112]   --->   Operation 442 'load' 'Qbuf_2_load_2' <Predicate = (cmp102_10_read)> <Delay = 3.25> <CoreInst = "RAM_1WnR">   --->   Core 83 'RAM_1WnR' <Latency = 1> <II = 1> <Delay = 3.25> <Storage> <Opcode : 'load' 'store'> <Ports = 17> <Width = 32> <Depth = 64> <RAM>
ST_3 : Operation 443 [1/2] (3.25ns)   --->   "%Qbuf_3_load_2 = load i6 %Qbuf_3_addr_2" [flash_attention.cpp:112]   --->   Operation 443 'load' 'Qbuf_3_load_2' <Predicate = (cmp102_11_read)> <Delay = 3.25> <CoreInst = "RAM_1WnR">   --->   Core 83 'RAM_1WnR' <Latency = 1> <II = 1> <Delay = 3.25> <Storage> <Opcode : 'load' 'store'> <Ports = 17> <Width = 32> <Depth = 64> <RAM>
ST_3 : Operation 444 [1/2] (3.25ns)   --->   "%Qbuf_load_3 = load i6 %Qbuf_addr_3" [flash_attention.cpp:112]   --->   Operation 444 'load' 'Qbuf_load_3' <Predicate = (cmp102_12_read)> <Delay = 3.25> <CoreInst = "RAM_1WnR">   --->   Core 83 'RAM_1WnR' <Latency = 1> <II = 1> <Delay = 3.25> <Storage> <Opcode : 'load' 'store'> <Ports = 17> <Width = 32> <Depth = 64> <RAM>
ST_3 : Operation 445 [1/2] (3.25ns)   --->   "%Qbuf_1_load_3 = load i6 %Qbuf_1_addr_3" [flash_attention.cpp:112]   --->   Operation 445 'load' 'Qbuf_1_load_3' <Predicate = (cmp102_13_read)> <Delay = 3.25> <CoreInst = "RAM_1WnR">   --->   Core 83 'RAM_1WnR' <Latency = 1> <II = 1> <Delay = 3.25> <Storage> <Opcode : 'load' 'store'> <Ports = 17> <Width = 32> <Depth = 64> <RAM>
ST_3 : Operation 446 [1/2] (3.25ns)   --->   "%Qbuf_2_load_3 = load i6 %Qbuf_2_addr_3" [flash_attention.cpp:112]   --->   Operation 446 'load' 'Qbuf_2_load_3' <Predicate = (cmp102_14_read)> <Delay = 3.25> <CoreInst = "RAM_1WnR">   --->   Core 83 'RAM_1WnR' <Latency = 1> <II = 1> <Delay = 3.25> <Storage> <Opcode : 'load' 'store'> <Ports = 17> <Width = 32> <Depth = 64> <RAM>
ST_3 : Operation 447 [1/2] (3.25ns)   --->   "%Qbuf_3_load_3 = load i6 %Qbuf_3_addr_3" [flash_attention.cpp:112]   --->   Operation 447 'load' 'Qbuf_3_load_3' <Predicate = (icmp55_read)> <Delay = 3.25> <CoreInst = "RAM_1WnR">   --->   Core 83 'RAM_1WnR' <Latency = 1> <II = 1> <Delay = 3.25> <Storage> <Opcode : 'load' 'store'> <Ports = 17> <Width = 32> <Depth = 64> <RAM>
ST_3 : Operation 448 [1/2] (3.25ns)   --->   "%Qbuf_load_4 = load i6 %Qbuf_addr_4" [flash_attention.cpp:112]   --->   Operation 448 'load' 'Qbuf_load_4' <Predicate = (cmp102_16_read)> <Delay = 3.25> <CoreInst = "RAM_1WnR">   --->   Core 83 'RAM_1WnR' <Latency = 1> <II = 1> <Delay = 3.25> <Storage> <Opcode : 'load' 'store'> <Ports = 17> <Width = 32> <Depth = 64> <RAM>
ST_3 : Operation 449 [1/2] (3.25ns)   --->   "%Qbuf_1_load_4 = load i6 %Qbuf_1_addr_4" [flash_attention.cpp:112]   --->   Operation 449 'load' 'Qbuf_1_load_4' <Predicate = (cmp102_17_read)> <Delay = 3.25> <CoreInst = "RAM_1WnR">   --->   Core 83 'RAM_1WnR' <Latency = 1> <II = 1> <Delay = 3.25> <Storage> <Opcode : 'load' 'store'> <Ports = 17> <Width = 32> <Depth = 64> <RAM>
ST_3 : Operation 450 [1/2] (3.25ns)   --->   "%Qbuf_2_load_4 = load i6 %Qbuf_2_addr_4" [flash_attention.cpp:112]   --->   Operation 450 'load' 'Qbuf_2_load_4' <Predicate = (cmp102_18_read)> <Delay = 3.25> <CoreInst = "RAM_1WnR">   --->   Core 83 'RAM_1WnR' <Latency = 1> <II = 1> <Delay = 3.25> <Storage> <Opcode : 'load' 'store'> <Ports = 17> <Width = 32> <Depth = 64> <RAM>
ST_3 : Operation 451 [1/2] (3.25ns)   --->   "%Qbuf_3_load_4 = load i6 %Qbuf_3_addr_4" [flash_attention.cpp:112]   --->   Operation 451 'load' 'Qbuf_3_load_4' <Predicate = (cmp102_19_read)> <Delay = 3.25> <CoreInst = "RAM_1WnR">   --->   Core 83 'RAM_1WnR' <Latency = 1> <II = 1> <Delay = 3.25> <Storage> <Opcode : 'load' 'store'> <Ports = 17> <Width = 32> <Depth = 64> <RAM>
ST_3 : Operation 452 [1/2] (3.25ns)   --->   "%Qbuf_load_5 = load i6 %Qbuf_addr_5" [flash_attention.cpp:112]   --->   Operation 452 'load' 'Qbuf_load_5' <Predicate = (cmp102_20_read)> <Delay = 3.25> <CoreInst = "RAM_1WnR">   --->   Core 83 'RAM_1WnR' <Latency = 1> <II = 1> <Delay = 3.25> <Storage> <Opcode : 'load' 'store'> <Ports = 17> <Width = 32> <Depth = 64> <RAM>
ST_3 : Operation 453 [1/2] (3.25ns)   --->   "%Qbuf_1_load_5 = load i6 %Qbuf_1_addr_5" [flash_attention.cpp:112]   --->   Operation 453 'load' 'Qbuf_1_load_5' <Predicate = (cmp102_21_read)> <Delay = 3.25> <CoreInst = "RAM_1WnR">   --->   Core 83 'RAM_1WnR' <Latency = 1> <II = 1> <Delay = 3.25> <Storage> <Opcode : 'load' 'store'> <Ports = 17> <Width = 32> <Depth = 64> <RAM>
ST_3 : Operation 454 [1/2] (3.25ns)   --->   "%Qbuf_2_load_5 = load i6 %Qbuf_2_addr_5" [flash_attention.cpp:112]   --->   Operation 454 'load' 'Qbuf_2_load_5' <Predicate = (cmp102_22_read)> <Delay = 3.25> <CoreInst = "RAM_1WnR">   --->   Core 83 'RAM_1WnR' <Latency = 1> <II = 1> <Delay = 3.25> <Storage> <Opcode : 'load' 'store'> <Ports = 17> <Width = 32> <Depth = 64> <RAM>
ST_3 : Operation 455 [1/2] (3.25ns)   --->   "%Qbuf_3_load_5 = load i6 %Qbuf_3_addr_5" [flash_attention.cpp:112]   --->   Operation 455 'load' 'Qbuf_3_load_5' <Predicate = (cmp102_23_read)> <Delay = 3.25> <CoreInst = "RAM_1WnR">   --->   Core 83 'RAM_1WnR' <Latency = 1> <II = 1> <Delay = 3.25> <Storage> <Opcode : 'load' 'store'> <Ports = 17> <Width = 32> <Depth = 64> <RAM>
ST_3 : Operation 456 [1/2] (3.25ns)   --->   "%Qbuf_load_6 = load i6 %Qbuf_addr_6" [flash_attention.cpp:112]   --->   Operation 456 'load' 'Qbuf_load_6' <Predicate = (cmp102_24_read)> <Delay = 3.25> <CoreInst = "RAM_1WnR">   --->   Core 83 'RAM_1WnR' <Latency = 1> <II = 1> <Delay = 3.25> <Storage> <Opcode : 'load' 'store'> <Ports = 17> <Width = 32> <Depth = 64> <RAM>
ST_3 : Operation 457 [1/2] (3.25ns)   --->   "%Qbuf_1_load_6 = load i6 %Qbuf_1_addr_6" [flash_attention.cpp:112]   --->   Operation 457 'load' 'Qbuf_1_load_6' <Predicate = (cmp102_25_read)> <Delay = 3.25> <CoreInst = "RAM_1WnR">   --->   Core 83 'RAM_1WnR' <Latency = 1> <II = 1> <Delay = 3.25> <Storage> <Opcode : 'load' 'store'> <Ports = 17> <Width = 32> <Depth = 64> <RAM>
ST_3 : Operation 458 [1/2] (3.25ns)   --->   "%Qbuf_2_load_6 = load i6 %Qbuf_2_addr_6" [flash_attention.cpp:112]   --->   Operation 458 'load' 'Qbuf_2_load_6' <Predicate = (cmp102_26_read)> <Delay = 3.25> <CoreInst = "RAM_1WnR">   --->   Core 83 'RAM_1WnR' <Latency = 1> <II = 1> <Delay = 3.25> <Storage> <Opcode : 'load' 'store'> <Ports = 17> <Width = 32> <Depth = 64> <RAM>
ST_3 : Operation 459 [1/2] (3.25ns)   --->   "%Qbuf_3_load_6 = load i6 %Qbuf_3_addr_6" [flash_attention.cpp:112]   --->   Operation 459 'load' 'Qbuf_3_load_6' <Predicate = (cmp102_27_read)> <Delay = 3.25> <CoreInst = "RAM_1WnR">   --->   Core 83 'RAM_1WnR' <Latency = 1> <II = 1> <Delay = 3.25> <Storage> <Opcode : 'load' 'store'> <Ports = 17> <Width = 32> <Depth = 64> <RAM>
ST_3 : Operation 460 [1/2] (3.25ns)   --->   "%Qbuf_load_7 = load i6 %Qbuf_addr_7" [flash_attention.cpp:112]   --->   Operation 460 'load' 'Qbuf_load_7' <Predicate = (cmp102_28_read)> <Delay = 3.25> <CoreInst = "RAM_1WnR">   --->   Core 83 'RAM_1WnR' <Latency = 1> <II = 1> <Delay = 3.25> <Storage> <Opcode : 'load' 'store'> <Ports = 17> <Width = 32> <Depth = 64> <RAM>
ST_3 : Operation 461 [1/2] (3.25ns)   --->   "%Qbuf_1_load_7 = load i6 %Qbuf_1_addr_7" [flash_attention.cpp:112]   --->   Operation 461 'load' 'Qbuf_1_load_7' <Predicate = (cmp102_29_read)> <Delay = 3.25> <CoreInst = "RAM_1WnR">   --->   Core 83 'RAM_1WnR' <Latency = 1> <II = 1> <Delay = 3.25> <Storage> <Opcode : 'load' 'store'> <Ports = 17> <Width = 32> <Depth = 64> <RAM>
ST_3 : Operation 462 [1/2] (3.25ns)   --->   "%Qbuf_2_load_7 = load i6 %Qbuf_2_addr_7" [flash_attention.cpp:112]   --->   Operation 462 'load' 'Qbuf_2_load_7' <Predicate = (cmp102_30_read)> <Delay = 3.25> <CoreInst = "RAM_1WnR">   --->   Core 83 'RAM_1WnR' <Latency = 1> <II = 1> <Delay = 3.25> <Storage> <Opcode : 'load' 'store'> <Ports = 17> <Width = 32> <Depth = 64> <RAM>
ST_3 : Operation 463 [1/2] (3.25ns)   --->   "%Qbuf_3_load_7 = load i6 %Qbuf_3_addr_7" [flash_attention.cpp:112]   --->   Operation 463 'load' 'Qbuf_3_load_7' <Predicate = (icmp58_read)> <Delay = 3.25> <CoreInst = "RAM_1WnR">   --->   Core 83 'RAM_1WnR' <Latency = 1> <II = 1> <Delay = 3.25> <Storage> <Opcode : 'load' 'store'> <Ports = 17> <Width = 32> <Depth = 64> <RAM>
ST_3 : Operation 464 [1/2] (3.25ns)   --->   "%Kbuf_load = load i6 %Kbuf_addr" [flash_attention.cpp:112]   --->   Operation 464 'load' 'Kbuf_load' <Predicate = (cmp715_read)> <Delay = 3.25> <CoreInst = "RAM_1WnR">   --->   Core 83 'RAM_1WnR' <Latency = 1> <II = 1> <Delay = 3.25> <Storage> <Opcode : 'load' 'store'> <Ports = 17> <Width = 32> <Depth = 64> <RAM>
ST_3 : Operation 465 [1/2] (3.25ns)   --->   "%Kbuf_1_load = load i6 %Kbuf_1_addr" [flash_attention.cpp:112]   --->   Operation 465 'load' 'Kbuf_1_load' <Predicate = (icmp_read)> <Delay = 3.25> <CoreInst = "RAM_1WnR">   --->   Core 83 'RAM_1WnR' <Latency = 1> <II = 1> <Delay = 3.25> <Storage> <Opcode : 'load' 'store'> <Ports = 17> <Width = 32> <Depth = 64> <RAM>
ST_3 : Operation 466 [1/2] (3.25ns)   --->   "%Kbuf_2_load = load i6 %Kbuf_2_addr" [flash_attention.cpp:112]   --->   Operation 466 'load' 'Kbuf_2_load' <Predicate = (cmp102_2_read)> <Delay = 3.25> <CoreInst = "RAM_1WnR">   --->   Core 83 'RAM_1WnR' <Latency = 1> <II = 1> <Delay = 3.25> <Storage> <Opcode : 'load' 'store'> <Ports = 17> <Width = 32> <Depth = 64> <RAM>
ST_3 : Operation 467 [1/2] (3.25ns)   --->   "%Kbuf_3_load = load i6 %Kbuf_3_addr" [flash_attention.cpp:112]   --->   Operation 467 'load' 'Kbuf_3_load' <Predicate = (icmp49_read)> <Delay = 3.25> <CoreInst = "RAM_1WnR">   --->   Core 83 'RAM_1WnR' <Latency = 1> <II = 1> <Delay = 3.25> <Storage> <Opcode : 'load' 'store'> <Ports = 17> <Width = 32> <Depth = 64> <RAM>
ST_3 : Operation 468 [1/2] (3.25ns)   --->   "%Kbuf_load_1 = load i6 %Kbuf_addr_1" [flash_attention.cpp:112]   --->   Operation 468 'load' 'Kbuf_load_1' <Predicate = (cmp102_4_read)> <Delay = 3.25> <CoreInst = "RAM_1WnR">   --->   Core 83 'RAM_1WnR' <Latency = 1> <II = 1> <Delay = 3.25> <Storage> <Opcode : 'load' 'store'> <Ports = 17> <Width = 32> <Depth = 64> <RAM>
ST_3 : Operation 469 [1/2] (3.25ns)   --->   "%Kbuf_1_load_1 = load i6 %Kbuf_1_addr_1" [flash_attention.cpp:112]   --->   Operation 469 'load' 'Kbuf_1_load_1' <Predicate = (cmp102_5_read)> <Delay = 3.25> <CoreInst = "RAM_1WnR">   --->   Core 83 'RAM_1WnR' <Latency = 1> <II = 1> <Delay = 3.25> <Storage> <Opcode : 'load' 'store'> <Ports = 17> <Width = 32> <Depth = 64> <RAM>
ST_3 : Operation 470 [1/2] (3.25ns)   --->   "%Kbuf_2_load_1 = load i6 %Kbuf_2_addr_1" [flash_attention.cpp:112]   --->   Operation 470 'load' 'Kbuf_2_load_1' <Predicate = (cmp102_6_read)> <Delay = 3.25> <CoreInst = "RAM_1WnR">   --->   Core 83 'RAM_1WnR' <Latency = 1> <II = 1> <Delay = 3.25> <Storage> <Opcode : 'load' 'store'> <Ports = 17> <Width = 32> <Depth = 64> <RAM>
ST_3 : Operation 471 [1/2] (3.25ns)   --->   "%Kbuf_3_load_1 = load i6 %Kbuf_3_addr_1" [flash_attention.cpp:112]   --->   Operation 471 'load' 'Kbuf_3_load_1' <Predicate = (icmp52_read)> <Delay = 3.25> <CoreInst = "RAM_1WnR">   --->   Core 83 'RAM_1WnR' <Latency = 1> <II = 1> <Delay = 3.25> <Storage> <Opcode : 'load' 'store'> <Ports = 17> <Width = 32> <Depth = 64> <RAM>
ST_3 : Operation 472 [1/2] (3.25ns)   --->   "%Kbuf_load_2 = load i6 %Kbuf_addr_2" [flash_attention.cpp:112]   --->   Operation 472 'load' 'Kbuf_load_2' <Predicate = (cmp102_8_read)> <Delay = 3.25> <CoreInst = "RAM_1WnR">   --->   Core 83 'RAM_1WnR' <Latency = 1> <II = 1> <Delay = 3.25> <Storage> <Opcode : 'load' 'store'> <Ports = 17> <Width = 32> <Depth = 64> <RAM>
ST_3 : Operation 473 [1/2] (3.25ns)   --->   "%Kbuf_1_load_2 = load i6 %Kbuf_1_addr_2" [flash_attention.cpp:112]   --->   Operation 473 'load' 'Kbuf_1_load_2' <Predicate = (cmp102_9_read)> <Delay = 3.25> <CoreInst = "RAM_1WnR">   --->   Core 83 'RAM_1WnR' <Latency = 1> <II = 1> <Delay = 3.25> <Storage> <Opcode : 'load' 'store'> <Ports = 17> <Width = 32> <Depth = 64> <RAM>
ST_3 : Operation 474 [1/2] (3.25ns)   --->   "%Kbuf_2_load_2 = load i6 %Kbuf_2_addr_2" [flash_attention.cpp:112]   --->   Operation 474 'load' 'Kbuf_2_load_2' <Predicate = (cmp102_10_read)> <Delay = 3.25> <CoreInst = "RAM_1WnR">   --->   Core 83 'RAM_1WnR' <Latency = 1> <II = 1> <Delay = 3.25> <Storage> <Opcode : 'load' 'store'> <Ports = 17> <Width = 32> <Depth = 64> <RAM>
ST_3 : Operation 475 [1/2] (3.25ns)   --->   "%Kbuf_3_load_2 = load i6 %Kbuf_3_addr_2" [flash_attention.cpp:112]   --->   Operation 475 'load' 'Kbuf_3_load_2' <Predicate = (cmp102_11_read)> <Delay = 3.25> <CoreInst = "RAM_1WnR">   --->   Core 83 'RAM_1WnR' <Latency = 1> <II = 1> <Delay = 3.25> <Storage> <Opcode : 'load' 'store'> <Ports = 17> <Width = 32> <Depth = 64> <RAM>
ST_3 : Operation 476 [1/2] (3.25ns)   --->   "%Kbuf_load_3 = load i6 %Kbuf_addr_3" [flash_attention.cpp:112]   --->   Operation 476 'load' 'Kbuf_load_3' <Predicate = (cmp102_12_read)> <Delay = 3.25> <CoreInst = "RAM_1WnR">   --->   Core 83 'RAM_1WnR' <Latency = 1> <II = 1> <Delay = 3.25> <Storage> <Opcode : 'load' 'store'> <Ports = 17> <Width = 32> <Depth = 64> <RAM>
ST_3 : Operation 477 [1/2] (3.25ns)   --->   "%Kbuf_1_load_3 = load i6 %Kbuf_1_addr_3" [flash_attention.cpp:112]   --->   Operation 477 'load' 'Kbuf_1_load_3' <Predicate = (cmp102_13_read)> <Delay = 3.25> <CoreInst = "RAM_1WnR">   --->   Core 83 'RAM_1WnR' <Latency = 1> <II = 1> <Delay = 3.25> <Storage> <Opcode : 'load' 'store'> <Ports = 17> <Width = 32> <Depth = 64> <RAM>
ST_3 : Operation 478 [1/2] (3.25ns)   --->   "%Kbuf_2_load_3 = load i6 %Kbuf_2_addr_3" [flash_attention.cpp:112]   --->   Operation 478 'load' 'Kbuf_2_load_3' <Predicate = (cmp102_14_read)> <Delay = 3.25> <CoreInst = "RAM_1WnR">   --->   Core 83 'RAM_1WnR' <Latency = 1> <II = 1> <Delay = 3.25> <Storage> <Opcode : 'load' 'store'> <Ports = 17> <Width = 32> <Depth = 64> <RAM>
ST_3 : Operation 479 [1/2] (3.25ns)   --->   "%Kbuf_3_load_3 = load i6 %Kbuf_3_addr_3" [flash_attention.cpp:112]   --->   Operation 479 'load' 'Kbuf_3_load_3' <Predicate = (icmp55_read)> <Delay = 3.25> <CoreInst = "RAM_1WnR">   --->   Core 83 'RAM_1WnR' <Latency = 1> <II = 1> <Delay = 3.25> <Storage> <Opcode : 'load' 'store'> <Ports = 17> <Width = 32> <Depth = 64> <RAM>
ST_3 : Operation 480 [1/2] (3.25ns)   --->   "%Kbuf_load_4 = load i6 %Kbuf_addr_4" [flash_attention.cpp:112]   --->   Operation 480 'load' 'Kbuf_load_4' <Predicate = (cmp102_16_read)> <Delay = 3.25> <CoreInst = "RAM_1WnR">   --->   Core 83 'RAM_1WnR' <Latency = 1> <II = 1> <Delay = 3.25> <Storage> <Opcode : 'load' 'store'> <Ports = 17> <Width = 32> <Depth = 64> <RAM>
ST_3 : Operation 481 [1/2] (3.25ns)   --->   "%Kbuf_1_load_4 = load i6 %Kbuf_1_addr_4" [flash_attention.cpp:112]   --->   Operation 481 'load' 'Kbuf_1_load_4' <Predicate = (cmp102_17_read)> <Delay = 3.25> <CoreInst = "RAM_1WnR">   --->   Core 83 'RAM_1WnR' <Latency = 1> <II = 1> <Delay = 3.25> <Storage> <Opcode : 'load' 'store'> <Ports = 17> <Width = 32> <Depth = 64> <RAM>
ST_3 : Operation 482 [1/2] (3.25ns)   --->   "%Kbuf_2_load_4 = load i6 %Kbuf_2_addr_4" [flash_attention.cpp:112]   --->   Operation 482 'load' 'Kbuf_2_load_4' <Predicate = (cmp102_18_read)> <Delay = 3.25> <CoreInst = "RAM_1WnR">   --->   Core 83 'RAM_1WnR' <Latency = 1> <II = 1> <Delay = 3.25> <Storage> <Opcode : 'load' 'store'> <Ports = 17> <Width = 32> <Depth = 64> <RAM>
ST_3 : Operation 483 [1/2] (3.25ns)   --->   "%Kbuf_3_load_4 = load i6 %Kbuf_3_addr_4" [flash_attention.cpp:112]   --->   Operation 483 'load' 'Kbuf_3_load_4' <Predicate = (cmp102_19_read)> <Delay = 3.25> <CoreInst = "RAM_1WnR">   --->   Core 83 'RAM_1WnR' <Latency = 1> <II = 1> <Delay = 3.25> <Storage> <Opcode : 'load' 'store'> <Ports = 17> <Width = 32> <Depth = 64> <RAM>
ST_3 : Operation 484 [1/2] (3.25ns)   --->   "%Kbuf_load_5 = load i6 %Kbuf_addr_5" [flash_attention.cpp:112]   --->   Operation 484 'load' 'Kbuf_load_5' <Predicate = (cmp102_20_read)> <Delay = 3.25> <CoreInst = "RAM_1WnR">   --->   Core 83 'RAM_1WnR' <Latency = 1> <II = 1> <Delay = 3.25> <Storage> <Opcode : 'load' 'store'> <Ports = 17> <Width = 32> <Depth = 64> <RAM>
ST_3 : Operation 485 [1/2] (3.25ns)   --->   "%Kbuf_1_load_5 = load i6 %Kbuf_1_addr_5" [flash_attention.cpp:112]   --->   Operation 485 'load' 'Kbuf_1_load_5' <Predicate = (cmp102_21_read)> <Delay = 3.25> <CoreInst = "RAM_1WnR">   --->   Core 83 'RAM_1WnR' <Latency = 1> <II = 1> <Delay = 3.25> <Storage> <Opcode : 'load' 'store'> <Ports = 17> <Width = 32> <Depth = 64> <RAM>
ST_3 : Operation 486 [1/2] (3.25ns)   --->   "%Kbuf_2_load_5 = load i6 %Kbuf_2_addr_5" [flash_attention.cpp:112]   --->   Operation 486 'load' 'Kbuf_2_load_5' <Predicate = (cmp102_22_read)> <Delay = 3.25> <CoreInst = "RAM_1WnR">   --->   Core 83 'RAM_1WnR' <Latency = 1> <II = 1> <Delay = 3.25> <Storage> <Opcode : 'load' 'store'> <Ports = 17> <Width = 32> <Depth = 64> <RAM>
ST_3 : Operation 487 [1/2] (3.25ns)   --->   "%Kbuf_3_load_5 = load i6 %Kbuf_3_addr_5" [flash_attention.cpp:112]   --->   Operation 487 'load' 'Kbuf_3_load_5' <Predicate = (cmp102_23_read)> <Delay = 3.25> <CoreInst = "RAM_1WnR">   --->   Core 83 'RAM_1WnR' <Latency = 1> <II = 1> <Delay = 3.25> <Storage> <Opcode : 'load' 'store'> <Ports = 17> <Width = 32> <Depth = 64> <RAM>
ST_3 : Operation 488 [1/2] (3.25ns)   --->   "%Kbuf_load_6 = load i6 %Kbuf_addr_6" [flash_attention.cpp:112]   --->   Operation 488 'load' 'Kbuf_load_6' <Predicate = (cmp102_24_read)> <Delay = 3.25> <CoreInst = "RAM_1WnR">   --->   Core 83 'RAM_1WnR' <Latency = 1> <II = 1> <Delay = 3.25> <Storage> <Opcode : 'load' 'store'> <Ports = 17> <Width = 32> <Depth = 64> <RAM>
ST_3 : Operation 489 [1/2] (3.25ns)   --->   "%Kbuf_1_load_6 = load i6 %Kbuf_1_addr_6" [flash_attention.cpp:112]   --->   Operation 489 'load' 'Kbuf_1_load_6' <Predicate = (cmp102_25_read)> <Delay = 3.25> <CoreInst = "RAM_1WnR">   --->   Core 83 'RAM_1WnR' <Latency = 1> <II = 1> <Delay = 3.25> <Storage> <Opcode : 'load' 'store'> <Ports = 17> <Width = 32> <Depth = 64> <RAM>
ST_3 : Operation 490 [1/2] (3.25ns)   --->   "%Kbuf_2_load_6 = load i6 %Kbuf_2_addr_6" [flash_attention.cpp:112]   --->   Operation 490 'load' 'Kbuf_2_load_6' <Predicate = (cmp102_26_read)> <Delay = 3.25> <CoreInst = "RAM_1WnR">   --->   Core 83 'RAM_1WnR' <Latency = 1> <II = 1> <Delay = 3.25> <Storage> <Opcode : 'load' 'store'> <Ports = 17> <Width = 32> <Depth = 64> <RAM>
ST_3 : Operation 491 [1/2] (3.25ns)   --->   "%Kbuf_3_load_6 = load i6 %Kbuf_3_addr_6" [flash_attention.cpp:112]   --->   Operation 491 'load' 'Kbuf_3_load_6' <Predicate = (cmp102_27_read)> <Delay = 3.25> <CoreInst = "RAM_1WnR">   --->   Core 83 'RAM_1WnR' <Latency = 1> <II = 1> <Delay = 3.25> <Storage> <Opcode : 'load' 'store'> <Ports = 17> <Width = 32> <Depth = 64> <RAM>
ST_3 : Operation 492 [1/2] (3.25ns)   --->   "%Kbuf_load_7 = load i6 %Kbuf_addr_7" [flash_attention.cpp:112]   --->   Operation 492 'load' 'Kbuf_load_7' <Predicate = (cmp102_28_read)> <Delay = 3.25> <CoreInst = "RAM_1WnR">   --->   Core 83 'RAM_1WnR' <Latency = 1> <II = 1> <Delay = 3.25> <Storage> <Opcode : 'load' 'store'> <Ports = 17> <Width = 32> <Depth = 64> <RAM>
ST_3 : Operation 493 [1/2] (3.25ns)   --->   "%Kbuf_1_load_7 = load i6 %Kbuf_1_addr_7" [flash_attention.cpp:112]   --->   Operation 493 'load' 'Kbuf_1_load_7' <Predicate = (cmp102_29_read)> <Delay = 3.25> <CoreInst = "RAM_1WnR">   --->   Core 83 'RAM_1WnR' <Latency = 1> <II = 1> <Delay = 3.25> <Storage> <Opcode : 'load' 'store'> <Ports = 17> <Width = 32> <Depth = 64> <RAM>
ST_3 : Operation 494 [1/2] (3.25ns)   --->   "%Kbuf_2_load_7 = load i6 %Kbuf_2_addr_7" [flash_attention.cpp:112]   --->   Operation 494 'load' 'Kbuf_2_load_7' <Predicate = (cmp102_30_read)> <Delay = 3.25> <CoreInst = "RAM_1WnR">   --->   Core 83 'RAM_1WnR' <Latency = 1> <II = 1> <Delay = 3.25> <Storage> <Opcode : 'load' 'store'> <Ports = 17> <Width = 32> <Depth = 64> <RAM>
ST_3 : Operation 495 [1/2] (3.25ns)   --->   "%Kbuf_3_load_7 = load i6 %Kbuf_3_addr_7" [flash_attention.cpp:112]   --->   Operation 495 'load' 'Kbuf_3_load_7' <Predicate = (icmp58_read)> <Delay = 3.25> <CoreInst = "RAM_1WnR">   --->   Core 83 'RAM_1WnR' <Latency = 1> <II = 1> <Delay = 3.25> <Storage> <Opcode : 'load' 'store'> <Ports = 17> <Width = 32> <Depth = 64> <RAM>
ST_3 : Operation 496 [1/1] (2.55ns)   --->   "%add_ln119 = add i32 %select_ln104_2_cast, i32 %k0_read" [flash_attention.cpp:119]   --->   Operation 496 'add' 'add_ln119' <Predicate = true> <Delay = 2.55> <CoreInst = "Adder">   --->   Core 1 'Adder' <Latency = 0> <II = 1> <Delay = 2.55> <FuncUnit> <Opcode : 'add' 'sub'> <InPorts = 2> <OutPorts = 1>
ST_3 : Operation 497 [1/1] (2.55ns)   --->   "%icmp_ln119 = icmp_ugt  i32 %add_ln119, i32 %empty" [flash_attention.cpp:119]   --->   Operation 497 'icmp' 'icmp_ln119' <Predicate = true> <Delay = 2.55> <CoreInst = "Cmp">   --->   Core 9 'Cmp' <Latency = 0> <II = 1> <Delay = 2.55> <FuncUnit> <Opcode : 'icmp'> <InPorts = 2> <OutPorts = 1>

State 4 <SV = 3> <Delay = 5.70>
ST_4 : Operation 498 [4/4] (5.70ns)   --->   "%mul = fmul i32 %Qbuf_load, i32 %Kbuf_load" [flash_attention.cpp:112]   --->   Operation 498 'fmul' 'mul' <Predicate = (cmp715_read)> <Delay = 5.70> <CoreInst = "FMul_maxdsp">   --->   Core 30 'FMul_maxdsp' <Latency = 3> <II = 1> <Delay = 5.70> <FuncUnit> <Opcode : 'fmul'> <InPorts = 2> <OutPorts = 1>
ST_4 : Operation 499 [4/4] (5.70ns)   --->   "%mul111_1 = fmul i32 %Qbuf_1_load, i32 %Kbuf_1_load" [flash_attention.cpp:112]   --->   Operation 499 'fmul' 'mul111_1' <Predicate = (icmp_read)> <Delay = 5.70> <CoreInst = "FMul_maxdsp">   --->   Core 30 'FMul_maxdsp' <Latency = 3> <II = 1> <Delay = 5.70> <FuncUnit> <Opcode : 'fmul'> <InPorts = 2> <OutPorts = 1>
ST_4 : Operation 500 [4/4] (5.70ns)   --->   "%mul111_2 = fmul i32 %Qbuf_2_load, i32 %Kbuf_2_load" [flash_attention.cpp:112]   --->   Operation 500 'fmul' 'mul111_2' <Predicate = (cmp102_2_read)> <Delay = 5.70> <CoreInst = "FMul_maxdsp">   --->   Core 30 'FMul_maxdsp' <Latency = 3> <II = 1> <Delay = 5.70> <FuncUnit> <Opcode : 'fmul'> <InPorts = 2> <OutPorts = 1>
ST_4 : Operation 501 [4/4] (5.70ns)   --->   "%mul111_3 = fmul i32 %Qbuf_3_load, i32 %Kbuf_3_load" [flash_attention.cpp:112]   --->   Operation 501 'fmul' 'mul111_3' <Predicate = (icmp49_read)> <Delay = 5.70> <CoreInst = "FMul_maxdsp">   --->   Core 30 'FMul_maxdsp' <Latency = 3> <II = 1> <Delay = 5.70> <FuncUnit> <Opcode : 'fmul'> <InPorts = 2> <OutPorts = 1>
ST_4 : Operation 502 [4/4] (5.70ns)   --->   "%mul111_4 = fmul i32 %Qbuf_load_1, i32 %Kbuf_load_1" [flash_attention.cpp:112]   --->   Operation 502 'fmul' 'mul111_4' <Predicate = (cmp102_4_read)> <Delay = 5.70> <CoreInst = "FMul_maxdsp">   --->   Core 30 'FMul_maxdsp' <Latency = 3> <II = 1> <Delay = 5.70> <FuncUnit> <Opcode : 'fmul'> <InPorts = 2> <OutPorts = 1>
ST_4 : Operation 503 [4/4] (5.70ns)   --->   "%mul111_5 = fmul i32 %Qbuf_1_load_1, i32 %Kbuf_1_load_1" [flash_attention.cpp:112]   --->   Operation 503 'fmul' 'mul111_5' <Predicate = (cmp102_5_read)> <Delay = 5.70> <CoreInst = "FMul_maxdsp">   --->   Core 30 'FMul_maxdsp' <Latency = 3> <II = 1> <Delay = 5.70> <FuncUnit> <Opcode : 'fmul'> <InPorts = 2> <OutPorts = 1>
ST_4 : Operation 504 [4/4] (5.70ns)   --->   "%mul111_6 = fmul i32 %Qbuf_2_load_1, i32 %Kbuf_2_load_1" [flash_attention.cpp:112]   --->   Operation 504 'fmul' 'mul111_6' <Predicate = (cmp102_6_read)> <Delay = 5.70> <CoreInst = "FMul_maxdsp">   --->   Core 30 'FMul_maxdsp' <Latency = 3> <II = 1> <Delay = 5.70> <FuncUnit> <Opcode : 'fmul'> <InPorts = 2> <OutPorts = 1>
ST_4 : Operation 505 [4/4] (5.70ns)   --->   "%mul111_7 = fmul i32 %Qbuf_3_load_1, i32 %Kbuf_3_load_1" [flash_attention.cpp:112]   --->   Operation 505 'fmul' 'mul111_7' <Predicate = (icmp52_read)> <Delay = 5.70> <CoreInst = "FMul_maxdsp">   --->   Core 30 'FMul_maxdsp' <Latency = 3> <II = 1> <Delay = 5.70> <FuncUnit> <Opcode : 'fmul'> <InPorts = 2> <OutPorts = 1>
ST_4 : Operation 506 [4/4] (5.70ns)   --->   "%mul111_8 = fmul i32 %Qbuf_load_2, i32 %Kbuf_load_2" [flash_attention.cpp:112]   --->   Operation 506 'fmul' 'mul111_8' <Predicate = (cmp102_8_read)> <Delay = 5.70> <CoreInst = "FMul_maxdsp">   --->   Core 30 'FMul_maxdsp' <Latency = 3> <II = 1> <Delay = 5.70> <FuncUnit> <Opcode : 'fmul'> <InPorts = 2> <OutPorts = 1>
ST_4 : Operation 507 [4/4] (5.70ns)   --->   "%mul111_9 = fmul i32 %Qbuf_1_load_2, i32 %Kbuf_1_load_2" [flash_attention.cpp:112]   --->   Operation 507 'fmul' 'mul111_9' <Predicate = (cmp102_9_read)> <Delay = 5.70> <CoreInst = "FMul_maxdsp">   --->   Core 30 'FMul_maxdsp' <Latency = 3> <II = 1> <Delay = 5.70> <FuncUnit> <Opcode : 'fmul'> <InPorts = 2> <OutPorts = 1>
ST_4 : Operation 508 [4/4] (5.70ns)   --->   "%mul111_s = fmul i32 %Qbuf_2_load_2, i32 %Kbuf_2_load_2" [flash_attention.cpp:112]   --->   Operation 508 'fmul' 'mul111_s' <Predicate = (cmp102_10_read)> <Delay = 5.70> <CoreInst = "FMul_maxdsp">   --->   Core 30 'FMul_maxdsp' <Latency = 3> <II = 1> <Delay = 5.70> <FuncUnit> <Opcode : 'fmul'> <InPorts = 2> <OutPorts = 1>
ST_4 : Operation 509 [4/4] (5.70ns)   --->   "%mul111_10 = fmul i32 %Qbuf_3_load_2, i32 %Kbuf_3_load_2" [flash_attention.cpp:112]   --->   Operation 509 'fmul' 'mul111_10' <Predicate = (cmp102_11_read)> <Delay = 5.70> <CoreInst = "FMul_maxdsp">   --->   Core 30 'FMul_maxdsp' <Latency = 3> <II = 1> <Delay = 5.70> <FuncUnit> <Opcode : 'fmul'> <InPorts = 2> <OutPorts = 1>
ST_4 : Operation 510 [4/4] (5.70ns)   --->   "%mul111_11 = fmul i32 %Qbuf_load_3, i32 %Kbuf_load_3" [flash_attention.cpp:112]   --->   Operation 510 'fmul' 'mul111_11' <Predicate = (cmp102_12_read)> <Delay = 5.70> <CoreInst = "FMul_maxdsp">   --->   Core 30 'FMul_maxdsp' <Latency = 3> <II = 1> <Delay = 5.70> <FuncUnit> <Opcode : 'fmul'> <InPorts = 2> <OutPorts = 1>
ST_4 : Operation 511 [4/4] (5.70ns)   --->   "%mul111_12 = fmul i32 %Qbuf_1_load_3, i32 %Kbuf_1_load_3" [flash_attention.cpp:112]   --->   Operation 511 'fmul' 'mul111_12' <Predicate = (cmp102_13_read)> <Delay = 5.70> <CoreInst = "FMul_maxdsp">   --->   Core 30 'FMul_maxdsp' <Latency = 3> <II = 1> <Delay = 5.70> <FuncUnit> <Opcode : 'fmul'> <InPorts = 2> <OutPorts = 1>
ST_4 : Operation 512 [4/4] (5.70ns)   --->   "%mul111_13 = fmul i32 %Qbuf_2_load_3, i32 %Kbuf_2_load_3" [flash_attention.cpp:112]   --->   Operation 512 'fmul' 'mul111_13' <Predicate = (cmp102_14_read)> <Delay = 5.70> <CoreInst = "FMul_maxdsp">   --->   Core 30 'FMul_maxdsp' <Latency = 3> <II = 1> <Delay = 5.70> <FuncUnit> <Opcode : 'fmul'> <InPorts = 2> <OutPorts = 1>
ST_4 : Operation 513 [4/4] (5.70ns)   --->   "%mul111_14 = fmul i32 %Qbuf_3_load_3, i32 %Kbuf_3_load_3" [flash_attention.cpp:112]   --->   Operation 513 'fmul' 'mul111_14' <Predicate = (icmp55_read)> <Delay = 5.70> <CoreInst = "FMul_maxdsp">   --->   Core 30 'FMul_maxdsp' <Latency = 3> <II = 1> <Delay = 5.70> <FuncUnit> <Opcode : 'fmul'> <InPorts = 2> <OutPorts = 1>
ST_4 : Operation 514 [4/4] (5.70ns)   --->   "%mul111_15 = fmul i32 %Qbuf_load_4, i32 %Kbuf_load_4" [flash_attention.cpp:112]   --->   Operation 514 'fmul' 'mul111_15' <Predicate = (cmp102_16_read)> <Delay = 5.70> <CoreInst = "FMul_maxdsp">   --->   Core 30 'FMul_maxdsp' <Latency = 3> <II = 1> <Delay = 5.70> <FuncUnit> <Opcode : 'fmul'> <InPorts = 2> <OutPorts = 1>
ST_4 : Operation 515 [4/4] (5.70ns)   --->   "%mul111_16 = fmul i32 %Qbuf_1_load_4, i32 %Kbuf_1_load_4" [flash_attention.cpp:112]   --->   Operation 515 'fmul' 'mul111_16' <Predicate = (cmp102_17_read)> <Delay = 5.70> <CoreInst = "FMul_maxdsp">   --->   Core 30 'FMul_maxdsp' <Latency = 3> <II = 1> <Delay = 5.70> <FuncUnit> <Opcode : 'fmul'> <InPorts = 2> <OutPorts = 1>
ST_4 : Operation 516 [4/4] (5.70ns)   --->   "%mul111_17 = fmul i32 %Qbuf_2_load_4, i32 %Kbuf_2_load_4" [flash_attention.cpp:112]   --->   Operation 516 'fmul' 'mul111_17' <Predicate = (cmp102_18_read)> <Delay = 5.70> <CoreInst = "FMul_maxdsp">   --->   Core 30 'FMul_maxdsp' <Latency = 3> <II = 1> <Delay = 5.70> <FuncUnit> <Opcode : 'fmul'> <InPorts = 2> <OutPorts = 1>
ST_4 : Operation 517 [4/4] (5.70ns)   --->   "%mul111_18 = fmul i32 %Qbuf_3_load_4, i32 %Kbuf_3_load_4" [flash_attention.cpp:112]   --->   Operation 517 'fmul' 'mul111_18' <Predicate = (cmp102_19_read)> <Delay = 5.70> <CoreInst = "FMul_maxdsp">   --->   Core 30 'FMul_maxdsp' <Latency = 3> <II = 1> <Delay = 5.70> <FuncUnit> <Opcode : 'fmul'> <InPorts = 2> <OutPorts = 1>
ST_4 : Operation 518 [4/4] (5.70ns)   --->   "%mul111_19 = fmul i32 %Qbuf_load_5, i32 %Kbuf_load_5" [flash_attention.cpp:112]   --->   Operation 518 'fmul' 'mul111_19' <Predicate = (cmp102_20_read)> <Delay = 5.70> <CoreInst = "FMul_maxdsp">   --->   Core 30 'FMul_maxdsp' <Latency = 3> <II = 1> <Delay = 5.70> <FuncUnit> <Opcode : 'fmul'> <InPorts = 2> <OutPorts = 1>
ST_4 : Operation 519 [4/4] (5.70ns)   --->   "%mul111_20 = fmul i32 %Qbuf_1_load_5, i32 %Kbuf_1_load_5" [flash_attention.cpp:112]   --->   Operation 519 'fmul' 'mul111_20' <Predicate = (cmp102_21_read)> <Delay = 5.70> <CoreInst = "FMul_maxdsp">   --->   Core 30 'FMul_maxdsp' <Latency = 3> <II = 1> <Delay = 5.70> <FuncUnit> <Opcode : 'fmul'> <InPorts = 2> <OutPorts = 1>
ST_4 : Operation 520 [4/4] (5.70ns)   --->   "%mul111_21 = fmul i32 %Qbuf_2_load_5, i32 %Kbuf_2_load_5" [flash_attention.cpp:112]   --->   Operation 520 'fmul' 'mul111_21' <Predicate = (cmp102_22_read)> <Delay = 5.70> <CoreInst = "FMul_maxdsp">   --->   Core 30 'FMul_maxdsp' <Latency = 3> <II = 1> <Delay = 5.70> <FuncUnit> <Opcode : 'fmul'> <InPorts = 2> <OutPorts = 1>
ST_4 : Operation 521 [4/4] (5.70ns)   --->   "%mul111_22 = fmul i32 %Qbuf_3_load_5, i32 %Kbuf_3_load_5" [flash_attention.cpp:112]   --->   Operation 521 'fmul' 'mul111_22' <Predicate = (cmp102_23_read)> <Delay = 5.70> <CoreInst = "FMul_maxdsp">   --->   Core 30 'FMul_maxdsp' <Latency = 3> <II = 1> <Delay = 5.70> <FuncUnit> <Opcode : 'fmul'> <InPorts = 2> <OutPorts = 1>
ST_4 : Operation 522 [4/4] (5.70ns)   --->   "%mul111_23 = fmul i32 %Qbuf_load_6, i32 %Kbuf_load_6" [flash_attention.cpp:112]   --->   Operation 522 'fmul' 'mul111_23' <Predicate = (cmp102_24_read)> <Delay = 5.70> <CoreInst = "FMul_maxdsp">   --->   Core 30 'FMul_maxdsp' <Latency = 3> <II = 1> <Delay = 5.70> <FuncUnit> <Opcode : 'fmul'> <InPorts = 2> <OutPorts = 1>
ST_4 : Operation 523 [4/4] (5.70ns)   --->   "%mul111_24 = fmul i32 %Qbuf_1_load_6, i32 %Kbuf_1_load_6" [flash_attention.cpp:112]   --->   Operation 523 'fmul' 'mul111_24' <Predicate = (cmp102_25_read)> <Delay = 5.70> <CoreInst = "FMul_maxdsp">   --->   Core 30 'FMul_maxdsp' <Latency = 3> <II = 1> <Delay = 5.70> <FuncUnit> <Opcode : 'fmul'> <InPorts = 2> <OutPorts = 1>
ST_4 : Operation 524 [4/4] (5.70ns)   --->   "%mul111_25 = fmul i32 %Qbuf_2_load_6, i32 %Kbuf_2_load_6" [flash_attention.cpp:112]   --->   Operation 524 'fmul' 'mul111_25' <Predicate = (cmp102_26_read)> <Delay = 5.70> <CoreInst = "FMul_maxdsp">   --->   Core 30 'FMul_maxdsp' <Latency = 3> <II = 1> <Delay = 5.70> <FuncUnit> <Opcode : 'fmul'> <InPorts = 2> <OutPorts = 1>
ST_4 : Operation 525 [4/4] (5.70ns)   --->   "%mul111_26 = fmul i32 %Qbuf_3_load_6, i32 %Kbuf_3_load_6" [flash_attention.cpp:112]   --->   Operation 525 'fmul' 'mul111_26' <Predicate = (cmp102_27_read)> <Delay = 5.70> <CoreInst = "FMul_maxdsp">   --->   Core 30 'FMul_maxdsp' <Latency = 3> <II = 1> <Delay = 5.70> <FuncUnit> <Opcode : 'fmul'> <InPorts = 2> <OutPorts = 1>
ST_4 : Operation 526 [4/4] (5.70ns)   --->   "%mul111_27 = fmul i32 %Qbuf_load_7, i32 %Kbuf_load_7" [flash_attention.cpp:112]   --->   Operation 526 'fmul' 'mul111_27' <Predicate = (cmp102_28_read)> <Delay = 5.70> <CoreInst = "FMul_maxdsp">   --->   Core 30 'FMul_maxdsp' <Latency = 3> <II = 1> <Delay = 5.70> <FuncUnit> <Opcode : 'fmul'> <InPorts = 2> <OutPorts = 1>
ST_4 : Operation 527 [4/4] (5.70ns)   --->   "%mul111_28 = fmul i32 %Qbuf_1_load_7, i32 %Kbuf_1_load_7" [flash_attention.cpp:112]   --->   Operation 527 'fmul' 'mul111_28' <Predicate = (cmp102_29_read)> <Delay = 5.70> <CoreInst = "FMul_maxdsp">   --->   Core 30 'FMul_maxdsp' <Latency = 3> <II = 1> <Delay = 5.70> <FuncUnit> <Opcode : 'fmul'> <InPorts = 2> <OutPorts = 1>
ST_4 : Operation 528 [4/4] (5.70ns)   --->   "%mul111_29 = fmul i32 %Qbuf_2_load_7, i32 %Kbuf_2_load_7" [flash_attention.cpp:112]   --->   Operation 528 'fmul' 'mul111_29' <Predicate = (cmp102_30_read)> <Delay = 5.70> <CoreInst = "FMul_maxdsp">   --->   Core 30 'FMul_maxdsp' <Latency = 3> <II = 1> <Delay = 5.70> <FuncUnit> <Opcode : 'fmul'> <InPorts = 2> <OutPorts = 1>
ST_4 : Operation 529 [4/4] (5.70ns)   --->   "%mul111_30 = fmul i32 %Qbuf_3_load_7, i32 %Kbuf_3_load_7" [flash_attention.cpp:112]   --->   Operation 529 'fmul' 'mul111_30' <Predicate = (icmp58_read)> <Delay = 5.70> <CoreInst = "FMul_maxdsp">   --->   Core 30 'FMul_maxdsp' <Latency = 3> <II = 1> <Delay = 5.70> <FuncUnit> <Opcode : 'fmul'> <InPorts = 2> <OutPorts = 1>

State 5 <SV = 4> <Delay = 5.70>
ST_5 : Operation 530 [3/4] (5.70ns)   --->   "%mul = fmul i32 %Qbuf_load, i32 %Kbuf_load" [flash_attention.cpp:112]   --->   Operation 530 'fmul' 'mul' <Predicate = (cmp715_read)> <Delay = 5.70> <CoreInst = "FMul_maxdsp">   --->   Core 30 'FMul_maxdsp' <Latency = 3> <II = 1> <Delay = 5.70> <FuncUnit> <Opcode : 'fmul'> <InPorts = 2> <OutPorts = 1>
ST_5 : Operation 531 [3/4] (5.70ns)   --->   "%mul111_1 = fmul i32 %Qbuf_1_load, i32 %Kbuf_1_load" [flash_attention.cpp:112]   --->   Operation 531 'fmul' 'mul111_1' <Predicate = (icmp_read)> <Delay = 5.70> <CoreInst = "FMul_maxdsp">   --->   Core 30 'FMul_maxdsp' <Latency = 3> <II = 1> <Delay = 5.70> <FuncUnit> <Opcode : 'fmul'> <InPorts = 2> <OutPorts = 1>
ST_5 : Operation 532 [3/4] (5.70ns)   --->   "%mul111_2 = fmul i32 %Qbuf_2_load, i32 %Kbuf_2_load" [flash_attention.cpp:112]   --->   Operation 532 'fmul' 'mul111_2' <Predicate = (cmp102_2_read)> <Delay = 5.70> <CoreInst = "FMul_maxdsp">   --->   Core 30 'FMul_maxdsp' <Latency = 3> <II = 1> <Delay = 5.70> <FuncUnit> <Opcode : 'fmul'> <InPorts = 2> <OutPorts = 1>
ST_5 : Operation 533 [3/4] (5.70ns)   --->   "%mul111_3 = fmul i32 %Qbuf_3_load, i32 %Kbuf_3_load" [flash_attention.cpp:112]   --->   Operation 533 'fmul' 'mul111_3' <Predicate = (icmp49_read)> <Delay = 5.70> <CoreInst = "FMul_maxdsp">   --->   Core 30 'FMul_maxdsp' <Latency = 3> <II = 1> <Delay = 5.70> <FuncUnit> <Opcode : 'fmul'> <InPorts = 2> <OutPorts = 1>
ST_5 : Operation 534 [3/4] (5.70ns)   --->   "%mul111_4 = fmul i32 %Qbuf_load_1, i32 %Kbuf_load_1" [flash_attention.cpp:112]   --->   Operation 534 'fmul' 'mul111_4' <Predicate = (cmp102_4_read)> <Delay = 5.70> <CoreInst = "FMul_maxdsp">   --->   Core 30 'FMul_maxdsp' <Latency = 3> <II = 1> <Delay = 5.70> <FuncUnit> <Opcode : 'fmul'> <InPorts = 2> <OutPorts = 1>
ST_5 : Operation 535 [3/4] (5.70ns)   --->   "%mul111_5 = fmul i32 %Qbuf_1_load_1, i32 %Kbuf_1_load_1" [flash_attention.cpp:112]   --->   Operation 535 'fmul' 'mul111_5' <Predicate = (cmp102_5_read)> <Delay = 5.70> <CoreInst = "FMul_maxdsp">   --->   Core 30 'FMul_maxdsp' <Latency = 3> <II = 1> <Delay = 5.70> <FuncUnit> <Opcode : 'fmul'> <InPorts = 2> <OutPorts = 1>
ST_5 : Operation 536 [3/4] (5.70ns)   --->   "%mul111_6 = fmul i32 %Qbuf_2_load_1, i32 %Kbuf_2_load_1" [flash_attention.cpp:112]   --->   Operation 536 'fmul' 'mul111_6' <Predicate = (cmp102_6_read)> <Delay = 5.70> <CoreInst = "FMul_maxdsp">   --->   Core 30 'FMul_maxdsp' <Latency = 3> <II = 1> <Delay = 5.70> <FuncUnit> <Opcode : 'fmul'> <InPorts = 2> <OutPorts = 1>
ST_5 : Operation 537 [3/4] (5.70ns)   --->   "%mul111_7 = fmul i32 %Qbuf_3_load_1, i32 %Kbuf_3_load_1" [flash_attention.cpp:112]   --->   Operation 537 'fmul' 'mul111_7' <Predicate = (icmp52_read)> <Delay = 5.70> <CoreInst = "FMul_maxdsp">   --->   Core 30 'FMul_maxdsp' <Latency = 3> <II = 1> <Delay = 5.70> <FuncUnit> <Opcode : 'fmul'> <InPorts = 2> <OutPorts = 1>
ST_5 : Operation 538 [3/4] (5.70ns)   --->   "%mul111_8 = fmul i32 %Qbuf_load_2, i32 %Kbuf_load_2" [flash_attention.cpp:112]   --->   Operation 538 'fmul' 'mul111_8' <Predicate = (cmp102_8_read)> <Delay = 5.70> <CoreInst = "FMul_maxdsp">   --->   Core 30 'FMul_maxdsp' <Latency = 3> <II = 1> <Delay = 5.70> <FuncUnit> <Opcode : 'fmul'> <InPorts = 2> <OutPorts = 1>
ST_5 : Operation 539 [3/4] (5.70ns)   --->   "%mul111_9 = fmul i32 %Qbuf_1_load_2, i32 %Kbuf_1_load_2" [flash_attention.cpp:112]   --->   Operation 539 'fmul' 'mul111_9' <Predicate = (cmp102_9_read)> <Delay = 5.70> <CoreInst = "FMul_maxdsp">   --->   Core 30 'FMul_maxdsp' <Latency = 3> <II = 1> <Delay = 5.70> <FuncUnit> <Opcode : 'fmul'> <InPorts = 2> <OutPorts = 1>
ST_5 : Operation 540 [3/4] (5.70ns)   --->   "%mul111_s = fmul i32 %Qbuf_2_load_2, i32 %Kbuf_2_load_2" [flash_attention.cpp:112]   --->   Operation 540 'fmul' 'mul111_s' <Predicate = (cmp102_10_read)> <Delay = 5.70> <CoreInst = "FMul_maxdsp">   --->   Core 30 'FMul_maxdsp' <Latency = 3> <II = 1> <Delay = 5.70> <FuncUnit> <Opcode : 'fmul'> <InPorts = 2> <OutPorts = 1>
ST_5 : Operation 541 [3/4] (5.70ns)   --->   "%mul111_10 = fmul i32 %Qbuf_3_load_2, i32 %Kbuf_3_load_2" [flash_attention.cpp:112]   --->   Operation 541 'fmul' 'mul111_10' <Predicate = (cmp102_11_read)> <Delay = 5.70> <CoreInst = "FMul_maxdsp">   --->   Core 30 'FMul_maxdsp' <Latency = 3> <II = 1> <Delay = 5.70> <FuncUnit> <Opcode : 'fmul'> <InPorts = 2> <OutPorts = 1>
ST_5 : Operation 542 [3/4] (5.70ns)   --->   "%mul111_11 = fmul i32 %Qbuf_load_3, i32 %Kbuf_load_3" [flash_attention.cpp:112]   --->   Operation 542 'fmul' 'mul111_11' <Predicate = (cmp102_12_read)> <Delay = 5.70> <CoreInst = "FMul_maxdsp">   --->   Core 30 'FMul_maxdsp' <Latency = 3> <II = 1> <Delay = 5.70> <FuncUnit> <Opcode : 'fmul'> <InPorts = 2> <OutPorts = 1>
ST_5 : Operation 543 [3/4] (5.70ns)   --->   "%mul111_12 = fmul i32 %Qbuf_1_load_3, i32 %Kbuf_1_load_3" [flash_attention.cpp:112]   --->   Operation 543 'fmul' 'mul111_12' <Predicate = (cmp102_13_read)> <Delay = 5.70> <CoreInst = "FMul_maxdsp">   --->   Core 30 'FMul_maxdsp' <Latency = 3> <II = 1> <Delay = 5.70> <FuncUnit> <Opcode : 'fmul'> <InPorts = 2> <OutPorts = 1>
ST_5 : Operation 544 [3/4] (5.70ns)   --->   "%mul111_13 = fmul i32 %Qbuf_2_load_3, i32 %Kbuf_2_load_3" [flash_attention.cpp:112]   --->   Operation 544 'fmul' 'mul111_13' <Predicate = (cmp102_14_read)> <Delay = 5.70> <CoreInst = "FMul_maxdsp">   --->   Core 30 'FMul_maxdsp' <Latency = 3> <II = 1> <Delay = 5.70> <FuncUnit> <Opcode : 'fmul'> <InPorts = 2> <OutPorts = 1>
ST_5 : Operation 545 [3/4] (5.70ns)   --->   "%mul111_14 = fmul i32 %Qbuf_3_load_3, i32 %Kbuf_3_load_3" [flash_attention.cpp:112]   --->   Operation 545 'fmul' 'mul111_14' <Predicate = (icmp55_read)> <Delay = 5.70> <CoreInst = "FMul_maxdsp">   --->   Core 30 'FMul_maxdsp' <Latency = 3> <II = 1> <Delay = 5.70> <FuncUnit> <Opcode : 'fmul'> <InPorts = 2> <OutPorts = 1>
ST_5 : Operation 546 [3/4] (5.70ns)   --->   "%mul111_15 = fmul i32 %Qbuf_load_4, i32 %Kbuf_load_4" [flash_attention.cpp:112]   --->   Operation 546 'fmul' 'mul111_15' <Predicate = (cmp102_16_read)> <Delay = 5.70> <CoreInst = "FMul_maxdsp">   --->   Core 30 'FMul_maxdsp' <Latency = 3> <II = 1> <Delay = 5.70> <FuncUnit> <Opcode : 'fmul'> <InPorts = 2> <OutPorts = 1>
ST_5 : Operation 547 [3/4] (5.70ns)   --->   "%mul111_16 = fmul i32 %Qbuf_1_load_4, i32 %Kbuf_1_load_4" [flash_attention.cpp:112]   --->   Operation 547 'fmul' 'mul111_16' <Predicate = (cmp102_17_read)> <Delay = 5.70> <CoreInst = "FMul_maxdsp">   --->   Core 30 'FMul_maxdsp' <Latency = 3> <II = 1> <Delay = 5.70> <FuncUnit> <Opcode : 'fmul'> <InPorts = 2> <OutPorts = 1>
ST_5 : Operation 548 [3/4] (5.70ns)   --->   "%mul111_17 = fmul i32 %Qbuf_2_load_4, i32 %Kbuf_2_load_4" [flash_attention.cpp:112]   --->   Operation 548 'fmul' 'mul111_17' <Predicate = (cmp102_18_read)> <Delay = 5.70> <CoreInst = "FMul_maxdsp">   --->   Core 30 'FMul_maxdsp' <Latency = 3> <II = 1> <Delay = 5.70> <FuncUnit> <Opcode : 'fmul'> <InPorts = 2> <OutPorts = 1>
ST_5 : Operation 549 [3/4] (5.70ns)   --->   "%mul111_18 = fmul i32 %Qbuf_3_load_4, i32 %Kbuf_3_load_4" [flash_attention.cpp:112]   --->   Operation 549 'fmul' 'mul111_18' <Predicate = (cmp102_19_read)> <Delay = 5.70> <CoreInst = "FMul_maxdsp">   --->   Core 30 'FMul_maxdsp' <Latency = 3> <II = 1> <Delay = 5.70> <FuncUnit> <Opcode : 'fmul'> <InPorts = 2> <OutPorts = 1>
ST_5 : Operation 550 [3/4] (5.70ns)   --->   "%mul111_19 = fmul i32 %Qbuf_load_5, i32 %Kbuf_load_5" [flash_attention.cpp:112]   --->   Operation 550 'fmul' 'mul111_19' <Predicate = (cmp102_20_read)> <Delay = 5.70> <CoreInst = "FMul_maxdsp">   --->   Core 30 'FMul_maxdsp' <Latency = 3> <II = 1> <Delay = 5.70> <FuncUnit> <Opcode : 'fmul'> <InPorts = 2> <OutPorts = 1>
ST_5 : Operation 551 [3/4] (5.70ns)   --->   "%mul111_20 = fmul i32 %Qbuf_1_load_5, i32 %Kbuf_1_load_5" [flash_attention.cpp:112]   --->   Operation 551 'fmul' 'mul111_20' <Predicate = (cmp102_21_read)> <Delay = 5.70> <CoreInst = "FMul_maxdsp">   --->   Core 30 'FMul_maxdsp' <Latency = 3> <II = 1> <Delay = 5.70> <FuncUnit> <Opcode : 'fmul'> <InPorts = 2> <OutPorts = 1>
ST_5 : Operation 552 [3/4] (5.70ns)   --->   "%mul111_21 = fmul i32 %Qbuf_2_load_5, i32 %Kbuf_2_load_5" [flash_attention.cpp:112]   --->   Operation 552 'fmul' 'mul111_21' <Predicate = (cmp102_22_read)> <Delay = 5.70> <CoreInst = "FMul_maxdsp">   --->   Core 30 'FMul_maxdsp' <Latency = 3> <II = 1> <Delay = 5.70> <FuncUnit> <Opcode : 'fmul'> <InPorts = 2> <OutPorts = 1>
ST_5 : Operation 553 [3/4] (5.70ns)   --->   "%mul111_22 = fmul i32 %Qbuf_3_load_5, i32 %Kbuf_3_load_5" [flash_attention.cpp:112]   --->   Operation 553 'fmul' 'mul111_22' <Predicate = (cmp102_23_read)> <Delay = 5.70> <CoreInst = "FMul_maxdsp">   --->   Core 30 'FMul_maxdsp' <Latency = 3> <II = 1> <Delay = 5.70> <FuncUnit> <Opcode : 'fmul'> <InPorts = 2> <OutPorts = 1>
ST_5 : Operation 554 [3/4] (5.70ns)   --->   "%mul111_23 = fmul i32 %Qbuf_load_6, i32 %Kbuf_load_6" [flash_attention.cpp:112]   --->   Operation 554 'fmul' 'mul111_23' <Predicate = (cmp102_24_read)> <Delay = 5.70> <CoreInst = "FMul_maxdsp">   --->   Core 30 'FMul_maxdsp' <Latency = 3> <II = 1> <Delay = 5.70> <FuncUnit> <Opcode : 'fmul'> <InPorts = 2> <OutPorts = 1>
ST_5 : Operation 555 [3/4] (5.70ns)   --->   "%mul111_24 = fmul i32 %Qbuf_1_load_6, i32 %Kbuf_1_load_6" [flash_attention.cpp:112]   --->   Operation 555 'fmul' 'mul111_24' <Predicate = (cmp102_25_read)> <Delay = 5.70> <CoreInst = "FMul_maxdsp">   --->   Core 30 'FMul_maxdsp' <Latency = 3> <II = 1> <Delay = 5.70> <FuncUnit> <Opcode : 'fmul'> <InPorts = 2> <OutPorts = 1>
ST_5 : Operation 556 [3/4] (5.70ns)   --->   "%mul111_25 = fmul i32 %Qbuf_2_load_6, i32 %Kbuf_2_load_6" [flash_attention.cpp:112]   --->   Operation 556 'fmul' 'mul111_25' <Predicate = (cmp102_26_read)> <Delay = 5.70> <CoreInst = "FMul_maxdsp">   --->   Core 30 'FMul_maxdsp' <Latency = 3> <II = 1> <Delay = 5.70> <FuncUnit> <Opcode : 'fmul'> <InPorts = 2> <OutPorts = 1>
ST_5 : Operation 557 [3/4] (5.70ns)   --->   "%mul111_26 = fmul i32 %Qbuf_3_load_6, i32 %Kbuf_3_load_6" [flash_attention.cpp:112]   --->   Operation 557 'fmul' 'mul111_26' <Predicate = (cmp102_27_read)> <Delay = 5.70> <CoreInst = "FMul_maxdsp">   --->   Core 30 'FMul_maxdsp' <Latency = 3> <II = 1> <Delay = 5.70> <FuncUnit> <Opcode : 'fmul'> <InPorts = 2> <OutPorts = 1>
ST_5 : Operation 558 [3/4] (5.70ns)   --->   "%mul111_27 = fmul i32 %Qbuf_load_7, i32 %Kbuf_load_7" [flash_attention.cpp:112]   --->   Operation 558 'fmul' 'mul111_27' <Predicate = (cmp102_28_read)> <Delay = 5.70> <CoreInst = "FMul_maxdsp">   --->   Core 30 'FMul_maxdsp' <Latency = 3> <II = 1> <Delay = 5.70> <FuncUnit> <Opcode : 'fmul'> <InPorts = 2> <OutPorts = 1>
ST_5 : Operation 559 [3/4] (5.70ns)   --->   "%mul111_28 = fmul i32 %Qbuf_1_load_7, i32 %Kbuf_1_load_7" [flash_attention.cpp:112]   --->   Operation 559 'fmul' 'mul111_28' <Predicate = (cmp102_29_read)> <Delay = 5.70> <CoreInst = "FMul_maxdsp">   --->   Core 30 'FMul_maxdsp' <Latency = 3> <II = 1> <Delay = 5.70> <FuncUnit> <Opcode : 'fmul'> <InPorts = 2> <OutPorts = 1>
ST_5 : Operation 560 [3/4] (5.70ns)   --->   "%mul111_29 = fmul i32 %Qbuf_2_load_7, i32 %Kbuf_2_load_7" [flash_attention.cpp:112]   --->   Operation 560 'fmul' 'mul111_29' <Predicate = (cmp102_30_read)> <Delay = 5.70> <CoreInst = "FMul_maxdsp">   --->   Core 30 'FMul_maxdsp' <Latency = 3> <II = 1> <Delay = 5.70> <FuncUnit> <Opcode : 'fmul'> <InPorts = 2> <OutPorts = 1>
ST_5 : Operation 561 [3/4] (5.70ns)   --->   "%mul111_30 = fmul i32 %Qbuf_3_load_7, i32 %Kbuf_3_load_7" [flash_attention.cpp:112]   --->   Operation 561 'fmul' 'mul111_30' <Predicate = (icmp58_read)> <Delay = 5.70> <CoreInst = "FMul_maxdsp">   --->   Core 30 'FMul_maxdsp' <Latency = 3> <II = 1> <Delay = 5.70> <FuncUnit> <Opcode : 'fmul'> <InPorts = 2> <OutPorts = 1>

State 6 <SV = 5> <Delay = 5.70>
ST_6 : Operation 562 [2/4] (5.70ns)   --->   "%mul = fmul i32 %Qbuf_load, i32 %Kbuf_load" [flash_attention.cpp:112]   --->   Operation 562 'fmul' 'mul' <Predicate = (cmp715_read)> <Delay = 5.70> <CoreInst = "FMul_maxdsp">   --->   Core 30 'FMul_maxdsp' <Latency = 3> <II = 1> <Delay = 5.70> <FuncUnit> <Opcode : 'fmul'> <InPorts = 2> <OutPorts = 1>
ST_6 : Operation 563 [2/4] (5.70ns)   --->   "%mul111_1 = fmul i32 %Qbuf_1_load, i32 %Kbuf_1_load" [flash_attention.cpp:112]   --->   Operation 563 'fmul' 'mul111_1' <Predicate = (icmp_read)> <Delay = 5.70> <CoreInst = "FMul_maxdsp">   --->   Core 30 'FMul_maxdsp' <Latency = 3> <II = 1> <Delay = 5.70> <FuncUnit> <Opcode : 'fmul'> <InPorts = 2> <OutPorts = 1>
ST_6 : Operation 564 [2/4] (5.70ns)   --->   "%mul111_2 = fmul i32 %Qbuf_2_load, i32 %Kbuf_2_load" [flash_attention.cpp:112]   --->   Operation 564 'fmul' 'mul111_2' <Predicate = (cmp102_2_read)> <Delay = 5.70> <CoreInst = "FMul_maxdsp">   --->   Core 30 'FMul_maxdsp' <Latency = 3> <II = 1> <Delay = 5.70> <FuncUnit> <Opcode : 'fmul'> <InPorts = 2> <OutPorts = 1>
ST_6 : Operation 565 [2/4] (5.70ns)   --->   "%mul111_3 = fmul i32 %Qbuf_3_load, i32 %Kbuf_3_load" [flash_attention.cpp:112]   --->   Operation 565 'fmul' 'mul111_3' <Predicate = (icmp49_read)> <Delay = 5.70> <CoreInst = "FMul_maxdsp">   --->   Core 30 'FMul_maxdsp' <Latency = 3> <II = 1> <Delay = 5.70> <FuncUnit> <Opcode : 'fmul'> <InPorts = 2> <OutPorts = 1>
ST_6 : Operation 566 [2/4] (5.70ns)   --->   "%mul111_4 = fmul i32 %Qbuf_load_1, i32 %Kbuf_load_1" [flash_attention.cpp:112]   --->   Operation 566 'fmul' 'mul111_4' <Predicate = (cmp102_4_read)> <Delay = 5.70> <CoreInst = "FMul_maxdsp">   --->   Core 30 'FMul_maxdsp' <Latency = 3> <II = 1> <Delay = 5.70> <FuncUnit> <Opcode : 'fmul'> <InPorts = 2> <OutPorts = 1>
ST_6 : Operation 567 [2/4] (5.70ns)   --->   "%mul111_5 = fmul i32 %Qbuf_1_load_1, i32 %Kbuf_1_load_1" [flash_attention.cpp:112]   --->   Operation 567 'fmul' 'mul111_5' <Predicate = (cmp102_5_read)> <Delay = 5.70> <CoreInst = "FMul_maxdsp">   --->   Core 30 'FMul_maxdsp' <Latency = 3> <II = 1> <Delay = 5.70> <FuncUnit> <Opcode : 'fmul'> <InPorts = 2> <OutPorts = 1>
ST_6 : Operation 568 [2/4] (5.70ns)   --->   "%mul111_6 = fmul i32 %Qbuf_2_load_1, i32 %Kbuf_2_load_1" [flash_attention.cpp:112]   --->   Operation 568 'fmul' 'mul111_6' <Predicate = (cmp102_6_read)> <Delay = 5.70> <CoreInst = "FMul_maxdsp">   --->   Core 30 'FMul_maxdsp' <Latency = 3> <II = 1> <Delay = 5.70> <FuncUnit> <Opcode : 'fmul'> <InPorts = 2> <OutPorts = 1>
ST_6 : Operation 569 [2/4] (5.70ns)   --->   "%mul111_7 = fmul i32 %Qbuf_3_load_1, i32 %Kbuf_3_load_1" [flash_attention.cpp:112]   --->   Operation 569 'fmul' 'mul111_7' <Predicate = (icmp52_read)> <Delay = 5.70> <CoreInst = "FMul_maxdsp">   --->   Core 30 'FMul_maxdsp' <Latency = 3> <II = 1> <Delay = 5.70> <FuncUnit> <Opcode : 'fmul'> <InPorts = 2> <OutPorts = 1>
ST_6 : Operation 570 [2/4] (5.70ns)   --->   "%mul111_8 = fmul i32 %Qbuf_load_2, i32 %Kbuf_load_2" [flash_attention.cpp:112]   --->   Operation 570 'fmul' 'mul111_8' <Predicate = (cmp102_8_read)> <Delay = 5.70> <CoreInst = "FMul_maxdsp">   --->   Core 30 'FMul_maxdsp' <Latency = 3> <II = 1> <Delay = 5.70> <FuncUnit> <Opcode : 'fmul'> <InPorts = 2> <OutPorts = 1>
ST_6 : Operation 571 [2/4] (5.70ns)   --->   "%mul111_9 = fmul i32 %Qbuf_1_load_2, i32 %Kbuf_1_load_2" [flash_attention.cpp:112]   --->   Operation 571 'fmul' 'mul111_9' <Predicate = (cmp102_9_read)> <Delay = 5.70> <CoreInst = "FMul_maxdsp">   --->   Core 30 'FMul_maxdsp' <Latency = 3> <II = 1> <Delay = 5.70> <FuncUnit> <Opcode : 'fmul'> <InPorts = 2> <OutPorts = 1>
ST_6 : Operation 572 [2/4] (5.70ns)   --->   "%mul111_s = fmul i32 %Qbuf_2_load_2, i32 %Kbuf_2_load_2" [flash_attention.cpp:112]   --->   Operation 572 'fmul' 'mul111_s' <Predicate = (cmp102_10_read)> <Delay = 5.70> <CoreInst = "FMul_maxdsp">   --->   Core 30 'FMul_maxdsp' <Latency = 3> <II = 1> <Delay = 5.70> <FuncUnit> <Opcode : 'fmul'> <InPorts = 2> <OutPorts = 1>
ST_6 : Operation 573 [2/4] (5.70ns)   --->   "%mul111_10 = fmul i32 %Qbuf_3_load_2, i32 %Kbuf_3_load_2" [flash_attention.cpp:112]   --->   Operation 573 'fmul' 'mul111_10' <Predicate = (cmp102_11_read)> <Delay = 5.70> <CoreInst = "FMul_maxdsp">   --->   Core 30 'FMul_maxdsp' <Latency = 3> <II = 1> <Delay = 5.70> <FuncUnit> <Opcode : 'fmul'> <InPorts = 2> <OutPorts = 1>
ST_6 : Operation 574 [2/4] (5.70ns)   --->   "%mul111_11 = fmul i32 %Qbuf_load_3, i32 %Kbuf_load_3" [flash_attention.cpp:112]   --->   Operation 574 'fmul' 'mul111_11' <Predicate = (cmp102_12_read)> <Delay = 5.70> <CoreInst = "FMul_maxdsp">   --->   Core 30 'FMul_maxdsp' <Latency = 3> <II = 1> <Delay = 5.70> <FuncUnit> <Opcode : 'fmul'> <InPorts = 2> <OutPorts = 1>
ST_6 : Operation 575 [2/4] (5.70ns)   --->   "%mul111_12 = fmul i32 %Qbuf_1_load_3, i32 %Kbuf_1_load_3" [flash_attention.cpp:112]   --->   Operation 575 'fmul' 'mul111_12' <Predicate = (cmp102_13_read)> <Delay = 5.70> <CoreInst = "FMul_maxdsp">   --->   Core 30 'FMul_maxdsp' <Latency = 3> <II = 1> <Delay = 5.70> <FuncUnit> <Opcode : 'fmul'> <InPorts = 2> <OutPorts = 1>
ST_6 : Operation 576 [2/4] (5.70ns)   --->   "%mul111_13 = fmul i32 %Qbuf_2_load_3, i32 %Kbuf_2_load_3" [flash_attention.cpp:112]   --->   Operation 576 'fmul' 'mul111_13' <Predicate = (cmp102_14_read)> <Delay = 5.70> <CoreInst = "FMul_maxdsp">   --->   Core 30 'FMul_maxdsp' <Latency = 3> <II = 1> <Delay = 5.70> <FuncUnit> <Opcode : 'fmul'> <InPorts = 2> <OutPorts = 1>
ST_6 : Operation 577 [2/4] (5.70ns)   --->   "%mul111_14 = fmul i32 %Qbuf_3_load_3, i32 %Kbuf_3_load_3" [flash_attention.cpp:112]   --->   Operation 577 'fmul' 'mul111_14' <Predicate = (icmp55_read)> <Delay = 5.70> <CoreInst = "FMul_maxdsp">   --->   Core 30 'FMul_maxdsp' <Latency = 3> <II = 1> <Delay = 5.70> <FuncUnit> <Opcode : 'fmul'> <InPorts = 2> <OutPorts = 1>
ST_6 : Operation 578 [2/4] (5.70ns)   --->   "%mul111_15 = fmul i32 %Qbuf_load_4, i32 %Kbuf_load_4" [flash_attention.cpp:112]   --->   Operation 578 'fmul' 'mul111_15' <Predicate = (cmp102_16_read)> <Delay = 5.70> <CoreInst = "FMul_maxdsp">   --->   Core 30 'FMul_maxdsp' <Latency = 3> <II = 1> <Delay = 5.70> <FuncUnit> <Opcode : 'fmul'> <InPorts = 2> <OutPorts = 1>
ST_6 : Operation 579 [2/4] (5.70ns)   --->   "%mul111_16 = fmul i32 %Qbuf_1_load_4, i32 %Kbuf_1_load_4" [flash_attention.cpp:112]   --->   Operation 579 'fmul' 'mul111_16' <Predicate = (cmp102_17_read)> <Delay = 5.70> <CoreInst = "FMul_maxdsp">   --->   Core 30 'FMul_maxdsp' <Latency = 3> <II = 1> <Delay = 5.70> <FuncUnit> <Opcode : 'fmul'> <InPorts = 2> <OutPorts = 1>
ST_6 : Operation 580 [2/4] (5.70ns)   --->   "%mul111_17 = fmul i32 %Qbuf_2_load_4, i32 %Kbuf_2_load_4" [flash_attention.cpp:112]   --->   Operation 580 'fmul' 'mul111_17' <Predicate = (cmp102_18_read)> <Delay = 5.70> <CoreInst = "FMul_maxdsp">   --->   Core 30 'FMul_maxdsp' <Latency = 3> <II = 1> <Delay = 5.70> <FuncUnit> <Opcode : 'fmul'> <InPorts = 2> <OutPorts = 1>
ST_6 : Operation 581 [2/4] (5.70ns)   --->   "%mul111_18 = fmul i32 %Qbuf_3_load_4, i32 %Kbuf_3_load_4" [flash_attention.cpp:112]   --->   Operation 581 'fmul' 'mul111_18' <Predicate = (cmp102_19_read)> <Delay = 5.70> <CoreInst = "FMul_maxdsp">   --->   Core 30 'FMul_maxdsp' <Latency = 3> <II = 1> <Delay = 5.70> <FuncUnit> <Opcode : 'fmul'> <InPorts = 2> <OutPorts = 1>
ST_6 : Operation 582 [2/4] (5.70ns)   --->   "%mul111_19 = fmul i32 %Qbuf_load_5, i32 %Kbuf_load_5" [flash_attention.cpp:112]   --->   Operation 582 'fmul' 'mul111_19' <Predicate = (cmp102_20_read)> <Delay = 5.70> <CoreInst = "FMul_maxdsp">   --->   Core 30 'FMul_maxdsp' <Latency = 3> <II = 1> <Delay = 5.70> <FuncUnit> <Opcode : 'fmul'> <InPorts = 2> <OutPorts = 1>
ST_6 : Operation 583 [2/4] (5.70ns)   --->   "%mul111_20 = fmul i32 %Qbuf_1_load_5, i32 %Kbuf_1_load_5" [flash_attention.cpp:112]   --->   Operation 583 'fmul' 'mul111_20' <Predicate = (cmp102_21_read)> <Delay = 5.70> <CoreInst = "FMul_maxdsp">   --->   Core 30 'FMul_maxdsp' <Latency = 3> <II = 1> <Delay = 5.70> <FuncUnit> <Opcode : 'fmul'> <InPorts = 2> <OutPorts = 1>
ST_6 : Operation 584 [2/4] (5.70ns)   --->   "%mul111_21 = fmul i32 %Qbuf_2_load_5, i32 %Kbuf_2_load_5" [flash_attention.cpp:112]   --->   Operation 584 'fmul' 'mul111_21' <Predicate = (cmp102_22_read)> <Delay = 5.70> <CoreInst = "FMul_maxdsp">   --->   Core 30 'FMul_maxdsp' <Latency = 3> <II = 1> <Delay = 5.70> <FuncUnit> <Opcode : 'fmul'> <InPorts = 2> <OutPorts = 1>
ST_6 : Operation 585 [2/4] (5.70ns)   --->   "%mul111_22 = fmul i32 %Qbuf_3_load_5, i32 %Kbuf_3_load_5" [flash_attention.cpp:112]   --->   Operation 585 'fmul' 'mul111_22' <Predicate = (cmp102_23_read)> <Delay = 5.70> <CoreInst = "FMul_maxdsp">   --->   Core 30 'FMul_maxdsp' <Latency = 3> <II = 1> <Delay = 5.70> <FuncUnit> <Opcode : 'fmul'> <InPorts = 2> <OutPorts = 1>
ST_6 : Operation 586 [2/4] (5.70ns)   --->   "%mul111_23 = fmul i32 %Qbuf_load_6, i32 %Kbuf_load_6" [flash_attention.cpp:112]   --->   Operation 586 'fmul' 'mul111_23' <Predicate = (cmp102_24_read)> <Delay = 5.70> <CoreInst = "FMul_maxdsp">   --->   Core 30 'FMul_maxdsp' <Latency = 3> <II = 1> <Delay = 5.70> <FuncUnit> <Opcode : 'fmul'> <InPorts = 2> <OutPorts = 1>
ST_6 : Operation 587 [2/4] (5.70ns)   --->   "%mul111_24 = fmul i32 %Qbuf_1_load_6, i32 %Kbuf_1_load_6" [flash_attention.cpp:112]   --->   Operation 587 'fmul' 'mul111_24' <Predicate = (cmp102_25_read)> <Delay = 5.70> <CoreInst = "FMul_maxdsp">   --->   Core 30 'FMul_maxdsp' <Latency = 3> <II = 1> <Delay = 5.70> <FuncUnit> <Opcode : 'fmul'> <InPorts = 2> <OutPorts = 1>
ST_6 : Operation 588 [2/4] (5.70ns)   --->   "%mul111_25 = fmul i32 %Qbuf_2_load_6, i32 %Kbuf_2_load_6" [flash_attention.cpp:112]   --->   Operation 588 'fmul' 'mul111_25' <Predicate = (cmp102_26_read)> <Delay = 5.70> <CoreInst = "FMul_maxdsp">   --->   Core 30 'FMul_maxdsp' <Latency = 3> <II = 1> <Delay = 5.70> <FuncUnit> <Opcode : 'fmul'> <InPorts = 2> <OutPorts = 1>
ST_6 : Operation 589 [2/4] (5.70ns)   --->   "%mul111_26 = fmul i32 %Qbuf_3_load_6, i32 %Kbuf_3_load_6" [flash_attention.cpp:112]   --->   Operation 589 'fmul' 'mul111_26' <Predicate = (cmp102_27_read)> <Delay = 5.70> <CoreInst = "FMul_maxdsp">   --->   Core 30 'FMul_maxdsp' <Latency = 3> <II = 1> <Delay = 5.70> <FuncUnit> <Opcode : 'fmul'> <InPorts = 2> <OutPorts = 1>
ST_6 : Operation 590 [2/4] (5.70ns)   --->   "%mul111_27 = fmul i32 %Qbuf_load_7, i32 %Kbuf_load_7" [flash_attention.cpp:112]   --->   Operation 590 'fmul' 'mul111_27' <Predicate = (cmp102_28_read)> <Delay = 5.70> <CoreInst = "FMul_maxdsp">   --->   Core 30 'FMul_maxdsp' <Latency = 3> <II = 1> <Delay = 5.70> <FuncUnit> <Opcode : 'fmul'> <InPorts = 2> <OutPorts = 1>
ST_6 : Operation 591 [2/4] (5.70ns)   --->   "%mul111_28 = fmul i32 %Qbuf_1_load_7, i32 %Kbuf_1_load_7" [flash_attention.cpp:112]   --->   Operation 591 'fmul' 'mul111_28' <Predicate = (cmp102_29_read)> <Delay = 5.70> <CoreInst = "FMul_maxdsp">   --->   Core 30 'FMul_maxdsp' <Latency = 3> <II = 1> <Delay = 5.70> <FuncUnit> <Opcode : 'fmul'> <InPorts = 2> <OutPorts = 1>
ST_6 : Operation 592 [2/4] (5.70ns)   --->   "%mul111_29 = fmul i32 %Qbuf_2_load_7, i32 %Kbuf_2_load_7" [flash_attention.cpp:112]   --->   Operation 592 'fmul' 'mul111_29' <Predicate = (cmp102_30_read)> <Delay = 5.70> <CoreInst = "FMul_maxdsp">   --->   Core 30 'FMul_maxdsp' <Latency = 3> <II = 1> <Delay = 5.70> <FuncUnit> <Opcode : 'fmul'> <InPorts = 2> <OutPorts = 1>
ST_6 : Operation 593 [2/4] (5.70ns)   --->   "%mul111_30 = fmul i32 %Qbuf_3_load_7, i32 %Kbuf_3_load_7" [flash_attention.cpp:112]   --->   Operation 593 'fmul' 'mul111_30' <Predicate = (icmp58_read)> <Delay = 5.70> <CoreInst = "FMul_maxdsp">   --->   Core 30 'FMul_maxdsp' <Latency = 3> <II = 1> <Delay = 5.70> <FuncUnit> <Opcode : 'fmul'> <InPorts = 2> <OutPorts = 1>

State 7 <SV = 6> <Delay = 5.70>
ST_7 : Operation 594 [1/4] (5.70ns)   --->   "%mul = fmul i32 %Qbuf_load, i32 %Kbuf_load" [flash_attention.cpp:112]   --->   Operation 594 'fmul' 'mul' <Predicate = (cmp715_read)> <Delay = 5.70> <CoreInst = "FMul_maxdsp">   --->   Core 30 'FMul_maxdsp' <Latency = 3> <II = 1> <Delay = 5.70> <FuncUnit> <Opcode : 'fmul'> <InPorts = 2> <OutPorts = 1>
ST_7 : Operation 595 [1/4] (5.70ns)   --->   "%mul111_1 = fmul i32 %Qbuf_1_load, i32 %Kbuf_1_load" [flash_attention.cpp:112]   --->   Operation 595 'fmul' 'mul111_1' <Predicate = (icmp_read)> <Delay = 5.70> <CoreInst = "FMul_maxdsp">   --->   Core 30 'FMul_maxdsp' <Latency = 3> <II = 1> <Delay = 5.70> <FuncUnit> <Opcode : 'fmul'> <InPorts = 2> <OutPorts = 1>
ST_7 : Operation 596 [1/4] (5.70ns)   --->   "%mul111_2 = fmul i32 %Qbuf_2_load, i32 %Kbuf_2_load" [flash_attention.cpp:112]   --->   Operation 596 'fmul' 'mul111_2' <Predicate = (cmp102_2_read)> <Delay = 5.70> <CoreInst = "FMul_maxdsp">   --->   Core 30 'FMul_maxdsp' <Latency = 3> <II = 1> <Delay = 5.70> <FuncUnit> <Opcode : 'fmul'> <InPorts = 2> <OutPorts = 1>
ST_7 : Operation 597 [1/4] (5.70ns)   --->   "%mul111_3 = fmul i32 %Qbuf_3_load, i32 %Kbuf_3_load" [flash_attention.cpp:112]   --->   Operation 597 'fmul' 'mul111_3' <Predicate = (icmp49_read)> <Delay = 5.70> <CoreInst = "FMul_maxdsp">   --->   Core 30 'FMul_maxdsp' <Latency = 3> <II = 1> <Delay = 5.70> <FuncUnit> <Opcode : 'fmul'> <InPorts = 2> <OutPorts = 1>
ST_7 : Operation 598 [1/4] (5.70ns)   --->   "%mul111_4 = fmul i32 %Qbuf_load_1, i32 %Kbuf_load_1" [flash_attention.cpp:112]   --->   Operation 598 'fmul' 'mul111_4' <Predicate = (cmp102_4_read)> <Delay = 5.70> <CoreInst = "FMul_maxdsp">   --->   Core 30 'FMul_maxdsp' <Latency = 3> <II = 1> <Delay = 5.70> <FuncUnit> <Opcode : 'fmul'> <InPorts = 2> <OutPorts = 1>
ST_7 : Operation 599 [1/4] (5.70ns)   --->   "%mul111_5 = fmul i32 %Qbuf_1_load_1, i32 %Kbuf_1_load_1" [flash_attention.cpp:112]   --->   Operation 599 'fmul' 'mul111_5' <Predicate = (cmp102_5_read)> <Delay = 5.70> <CoreInst = "FMul_maxdsp">   --->   Core 30 'FMul_maxdsp' <Latency = 3> <II = 1> <Delay = 5.70> <FuncUnit> <Opcode : 'fmul'> <InPorts = 2> <OutPorts = 1>
ST_7 : Operation 600 [1/4] (5.70ns)   --->   "%mul111_6 = fmul i32 %Qbuf_2_load_1, i32 %Kbuf_2_load_1" [flash_attention.cpp:112]   --->   Operation 600 'fmul' 'mul111_6' <Predicate = (cmp102_6_read)> <Delay = 5.70> <CoreInst = "FMul_maxdsp">   --->   Core 30 'FMul_maxdsp' <Latency = 3> <II = 1> <Delay = 5.70> <FuncUnit> <Opcode : 'fmul'> <InPorts = 2> <OutPorts = 1>
ST_7 : Operation 601 [1/4] (5.70ns)   --->   "%mul111_7 = fmul i32 %Qbuf_3_load_1, i32 %Kbuf_3_load_1" [flash_attention.cpp:112]   --->   Operation 601 'fmul' 'mul111_7' <Predicate = (icmp52_read)> <Delay = 5.70> <CoreInst = "FMul_maxdsp">   --->   Core 30 'FMul_maxdsp' <Latency = 3> <II = 1> <Delay = 5.70> <FuncUnit> <Opcode : 'fmul'> <InPorts = 2> <OutPorts = 1>
ST_7 : Operation 602 [1/4] (5.70ns)   --->   "%mul111_8 = fmul i32 %Qbuf_load_2, i32 %Kbuf_load_2" [flash_attention.cpp:112]   --->   Operation 602 'fmul' 'mul111_8' <Predicate = (cmp102_8_read)> <Delay = 5.70> <CoreInst = "FMul_maxdsp">   --->   Core 30 'FMul_maxdsp' <Latency = 3> <II = 1> <Delay = 5.70> <FuncUnit> <Opcode : 'fmul'> <InPorts = 2> <OutPorts = 1>
ST_7 : Operation 603 [1/4] (5.70ns)   --->   "%mul111_9 = fmul i32 %Qbuf_1_load_2, i32 %Kbuf_1_load_2" [flash_attention.cpp:112]   --->   Operation 603 'fmul' 'mul111_9' <Predicate = (cmp102_9_read)> <Delay = 5.70> <CoreInst = "FMul_maxdsp">   --->   Core 30 'FMul_maxdsp' <Latency = 3> <II = 1> <Delay = 5.70> <FuncUnit> <Opcode : 'fmul'> <InPorts = 2> <OutPorts = 1>
ST_7 : Operation 604 [1/4] (5.70ns)   --->   "%mul111_s = fmul i32 %Qbuf_2_load_2, i32 %Kbuf_2_load_2" [flash_attention.cpp:112]   --->   Operation 604 'fmul' 'mul111_s' <Predicate = (cmp102_10_read)> <Delay = 5.70> <CoreInst = "FMul_maxdsp">   --->   Core 30 'FMul_maxdsp' <Latency = 3> <II = 1> <Delay = 5.70> <FuncUnit> <Opcode : 'fmul'> <InPorts = 2> <OutPorts = 1>
ST_7 : Operation 605 [1/4] (5.70ns)   --->   "%mul111_10 = fmul i32 %Qbuf_3_load_2, i32 %Kbuf_3_load_2" [flash_attention.cpp:112]   --->   Operation 605 'fmul' 'mul111_10' <Predicate = (cmp102_11_read)> <Delay = 5.70> <CoreInst = "FMul_maxdsp">   --->   Core 30 'FMul_maxdsp' <Latency = 3> <II = 1> <Delay = 5.70> <FuncUnit> <Opcode : 'fmul'> <InPorts = 2> <OutPorts = 1>
ST_7 : Operation 606 [1/4] (5.70ns)   --->   "%mul111_11 = fmul i32 %Qbuf_load_3, i32 %Kbuf_load_3" [flash_attention.cpp:112]   --->   Operation 606 'fmul' 'mul111_11' <Predicate = (cmp102_12_read)> <Delay = 5.70> <CoreInst = "FMul_maxdsp">   --->   Core 30 'FMul_maxdsp' <Latency = 3> <II = 1> <Delay = 5.70> <FuncUnit> <Opcode : 'fmul'> <InPorts = 2> <OutPorts = 1>
ST_7 : Operation 607 [1/4] (5.70ns)   --->   "%mul111_12 = fmul i32 %Qbuf_1_load_3, i32 %Kbuf_1_load_3" [flash_attention.cpp:112]   --->   Operation 607 'fmul' 'mul111_12' <Predicate = (cmp102_13_read)> <Delay = 5.70> <CoreInst = "FMul_maxdsp">   --->   Core 30 'FMul_maxdsp' <Latency = 3> <II = 1> <Delay = 5.70> <FuncUnit> <Opcode : 'fmul'> <InPorts = 2> <OutPorts = 1>
ST_7 : Operation 608 [1/4] (5.70ns)   --->   "%mul111_13 = fmul i32 %Qbuf_2_load_3, i32 %Kbuf_2_load_3" [flash_attention.cpp:112]   --->   Operation 608 'fmul' 'mul111_13' <Predicate = (cmp102_14_read)> <Delay = 5.70> <CoreInst = "FMul_maxdsp">   --->   Core 30 'FMul_maxdsp' <Latency = 3> <II = 1> <Delay = 5.70> <FuncUnit> <Opcode : 'fmul'> <InPorts = 2> <OutPorts = 1>
ST_7 : Operation 609 [1/4] (5.70ns)   --->   "%mul111_14 = fmul i32 %Qbuf_3_load_3, i32 %Kbuf_3_load_3" [flash_attention.cpp:112]   --->   Operation 609 'fmul' 'mul111_14' <Predicate = (icmp55_read)> <Delay = 5.70> <CoreInst = "FMul_maxdsp">   --->   Core 30 'FMul_maxdsp' <Latency = 3> <II = 1> <Delay = 5.70> <FuncUnit> <Opcode : 'fmul'> <InPorts = 2> <OutPorts = 1>
ST_7 : Operation 610 [1/4] (5.70ns)   --->   "%mul111_15 = fmul i32 %Qbuf_load_4, i32 %Kbuf_load_4" [flash_attention.cpp:112]   --->   Operation 610 'fmul' 'mul111_15' <Predicate = (cmp102_16_read)> <Delay = 5.70> <CoreInst = "FMul_maxdsp">   --->   Core 30 'FMul_maxdsp' <Latency = 3> <II = 1> <Delay = 5.70> <FuncUnit> <Opcode : 'fmul'> <InPorts = 2> <OutPorts = 1>
ST_7 : Operation 611 [1/4] (5.70ns)   --->   "%mul111_16 = fmul i32 %Qbuf_1_load_4, i32 %Kbuf_1_load_4" [flash_attention.cpp:112]   --->   Operation 611 'fmul' 'mul111_16' <Predicate = (cmp102_17_read)> <Delay = 5.70> <CoreInst = "FMul_maxdsp">   --->   Core 30 'FMul_maxdsp' <Latency = 3> <II = 1> <Delay = 5.70> <FuncUnit> <Opcode : 'fmul'> <InPorts = 2> <OutPorts = 1>
ST_7 : Operation 612 [1/4] (5.70ns)   --->   "%mul111_17 = fmul i32 %Qbuf_2_load_4, i32 %Kbuf_2_load_4" [flash_attention.cpp:112]   --->   Operation 612 'fmul' 'mul111_17' <Predicate = (cmp102_18_read)> <Delay = 5.70> <CoreInst = "FMul_maxdsp">   --->   Core 30 'FMul_maxdsp' <Latency = 3> <II = 1> <Delay = 5.70> <FuncUnit> <Opcode : 'fmul'> <InPorts = 2> <OutPorts = 1>
ST_7 : Operation 613 [1/4] (5.70ns)   --->   "%mul111_18 = fmul i32 %Qbuf_3_load_4, i32 %Kbuf_3_load_4" [flash_attention.cpp:112]   --->   Operation 613 'fmul' 'mul111_18' <Predicate = (cmp102_19_read)> <Delay = 5.70> <CoreInst = "FMul_maxdsp">   --->   Core 30 'FMul_maxdsp' <Latency = 3> <II = 1> <Delay = 5.70> <FuncUnit> <Opcode : 'fmul'> <InPorts = 2> <OutPorts = 1>
ST_7 : Operation 614 [1/4] (5.70ns)   --->   "%mul111_19 = fmul i32 %Qbuf_load_5, i32 %Kbuf_load_5" [flash_attention.cpp:112]   --->   Operation 614 'fmul' 'mul111_19' <Predicate = (cmp102_20_read)> <Delay = 5.70> <CoreInst = "FMul_maxdsp">   --->   Core 30 'FMul_maxdsp' <Latency = 3> <II = 1> <Delay = 5.70> <FuncUnit> <Opcode : 'fmul'> <InPorts = 2> <OutPorts = 1>
ST_7 : Operation 615 [1/4] (5.70ns)   --->   "%mul111_20 = fmul i32 %Qbuf_1_load_5, i32 %Kbuf_1_load_5" [flash_attention.cpp:112]   --->   Operation 615 'fmul' 'mul111_20' <Predicate = (cmp102_21_read)> <Delay = 5.70> <CoreInst = "FMul_maxdsp">   --->   Core 30 'FMul_maxdsp' <Latency = 3> <II = 1> <Delay = 5.70> <FuncUnit> <Opcode : 'fmul'> <InPorts = 2> <OutPorts = 1>
ST_7 : Operation 616 [1/4] (5.70ns)   --->   "%mul111_21 = fmul i32 %Qbuf_2_load_5, i32 %Kbuf_2_load_5" [flash_attention.cpp:112]   --->   Operation 616 'fmul' 'mul111_21' <Predicate = (cmp102_22_read)> <Delay = 5.70> <CoreInst = "FMul_maxdsp">   --->   Core 30 'FMul_maxdsp' <Latency = 3> <II = 1> <Delay = 5.70> <FuncUnit> <Opcode : 'fmul'> <InPorts = 2> <OutPorts = 1>
ST_7 : Operation 617 [1/4] (5.70ns)   --->   "%mul111_22 = fmul i32 %Qbuf_3_load_5, i32 %Kbuf_3_load_5" [flash_attention.cpp:112]   --->   Operation 617 'fmul' 'mul111_22' <Predicate = (cmp102_23_read)> <Delay = 5.70> <CoreInst = "FMul_maxdsp">   --->   Core 30 'FMul_maxdsp' <Latency = 3> <II = 1> <Delay = 5.70> <FuncUnit> <Opcode : 'fmul'> <InPorts = 2> <OutPorts = 1>
ST_7 : Operation 618 [1/4] (5.70ns)   --->   "%mul111_23 = fmul i32 %Qbuf_load_6, i32 %Kbuf_load_6" [flash_attention.cpp:112]   --->   Operation 618 'fmul' 'mul111_23' <Predicate = (cmp102_24_read)> <Delay = 5.70> <CoreInst = "FMul_maxdsp">   --->   Core 30 'FMul_maxdsp' <Latency = 3> <II = 1> <Delay = 5.70> <FuncUnit> <Opcode : 'fmul'> <InPorts = 2> <OutPorts = 1>
ST_7 : Operation 619 [1/4] (5.70ns)   --->   "%mul111_24 = fmul i32 %Qbuf_1_load_6, i32 %Kbuf_1_load_6" [flash_attention.cpp:112]   --->   Operation 619 'fmul' 'mul111_24' <Predicate = (cmp102_25_read)> <Delay = 5.70> <CoreInst = "FMul_maxdsp">   --->   Core 30 'FMul_maxdsp' <Latency = 3> <II = 1> <Delay = 5.70> <FuncUnit> <Opcode : 'fmul'> <InPorts = 2> <OutPorts = 1>
ST_7 : Operation 620 [1/4] (5.70ns)   --->   "%mul111_25 = fmul i32 %Qbuf_2_load_6, i32 %Kbuf_2_load_6" [flash_attention.cpp:112]   --->   Operation 620 'fmul' 'mul111_25' <Predicate = (cmp102_26_read)> <Delay = 5.70> <CoreInst = "FMul_maxdsp">   --->   Core 30 'FMul_maxdsp' <Latency = 3> <II = 1> <Delay = 5.70> <FuncUnit> <Opcode : 'fmul'> <InPorts = 2> <OutPorts = 1>
ST_7 : Operation 621 [1/4] (5.70ns)   --->   "%mul111_26 = fmul i32 %Qbuf_3_load_6, i32 %Kbuf_3_load_6" [flash_attention.cpp:112]   --->   Operation 621 'fmul' 'mul111_26' <Predicate = (cmp102_27_read)> <Delay = 5.70> <CoreInst = "FMul_maxdsp">   --->   Core 30 'FMul_maxdsp' <Latency = 3> <II = 1> <Delay = 5.70> <FuncUnit> <Opcode : 'fmul'> <InPorts = 2> <OutPorts = 1>
ST_7 : Operation 622 [1/4] (5.70ns)   --->   "%mul111_27 = fmul i32 %Qbuf_load_7, i32 %Kbuf_load_7" [flash_attention.cpp:112]   --->   Operation 622 'fmul' 'mul111_27' <Predicate = (cmp102_28_read)> <Delay = 5.70> <CoreInst = "FMul_maxdsp">   --->   Core 30 'FMul_maxdsp' <Latency = 3> <II = 1> <Delay = 5.70> <FuncUnit> <Opcode : 'fmul'> <InPorts = 2> <OutPorts = 1>
ST_7 : Operation 623 [1/4] (5.70ns)   --->   "%mul111_28 = fmul i32 %Qbuf_1_load_7, i32 %Kbuf_1_load_7" [flash_attention.cpp:112]   --->   Operation 623 'fmul' 'mul111_28' <Predicate = (cmp102_29_read)> <Delay = 5.70> <CoreInst = "FMul_maxdsp">   --->   Core 30 'FMul_maxdsp' <Latency = 3> <II = 1> <Delay = 5.70> <FuncUnit> <Opcode : 'fmul'> <InPorts = 2> <OutPorts = 1>
ST_7 : Operation 624 [1/4] (5.70ns)   --->   "%mul111_29 = fmul i32 %Qbuf_2_load_7, i32 %Kbuf_2_load_7" [flash_attention.cpp:112]   --->   Operation 624 'fmul' 'mul111_29' <Predicate = (cmp102_30_read)> <Delay = 5.70> <CoreInst = "FMul_maxdsp">   --->   Core 30 'FMul_maxdsp' <Latency = 3> <II = 1> <Delay = 5.70> <FuncUnit> <Opcode : 'fmul'> <InPorts = 2> <OutPorts = 1>
ST_7 : Operation 625 [1/4] (5.70ns)   --->   "%mul111_30 = fmul i32 %Qbuf_3_load_7, i32 %Kbuf_3_load_7" [flash_attention.cpp:112]   --->   Operation 625 'fmul' 'mul111_30' <Predicate = (icmp58_read)> <Delay = 5.70> <CoreInst = "FMul_maxdsp">   --->   Core 30 'FMul_maxdsp' <Latency = 3> <II = 1> <Delay = 5.70> <FuncUnit> <Opcode : 'fmul'> <InPorts = 2> <OutPorts = 1>

State 8 <SV = 7> <Delay = 7.25>
ST_8 : Operation 626 [5/5] (7.25ns)   --->   "%dot = fadd i32 %mul, i32 0" [flash_attention.cpp:112]   --->   Operation 626 'fadd' 'dot' <Predicate = (cmp715_read)> <Delay = 7.25> <CoreInst = "FAddSub_fulldsp">   --->   Core 18 'FAddSub_fulldsp' <Latency = 4> <II = 1> <Delay = 7.25> <FuncUnit> <Opcode : 'fadd' 'fsub'> <InPorts = 2> <OutPorts = 1>

State 9 <SV = 8> <Delay = 7.25>
ST_9 : Operation 627 [4/5] (7.25ns)   --->   "%dot = fadd i32 %mul, i32 0" [flash_attention.cpp:112]   --->   Operation 627 'fadd' 'dot' <Predicate = (cmp715_read)> <Delay = 7.25> <CoreInst = "FAddSub_fulldsp">   --->   Core 18 'FAddSub_fulldsp' <Latency = 4> <II = 1> <Delay = 7.25> <FuncUnit> <Opcode : 'fadd' 'fsub'> <InPorts = 2> <OutPorts = 1>

State 10 <SV = 9> <Delay = 7.25>
ST_10 : Operation 628 [3/5] (7.25ns)   --->   "%dot = fadd i32 %mul, i32 0" [flash_attention.cpp:112]   --->   Operation 628 'fadd' 'dot' <Predicate = (cmp715_read)> <Delay = 7.25> <CoreInst = "FAddSub_fulldsp">   --->   Core 18 'FAddSub_fulldsp' <Latency = 4> <II = 1> <Delay = 7.25> <FuncUnit> <Opcode : 'fadd' 'fsub'> <InPorts = 2> <OutPorts = 1>

State 11 <SV = 10> <Delay = 7.25>
ST_11 : Operation 629 [2/5] (7.25ns)   --->   "%dot = fadd i32 %mul, i32 0" [flash_attention.cpp:112]   --->   Operation 629 'fadd' 'dot' <Predicate = (cmp715_read)> <Delay = 7.25> <CoreInst = "FAddSub_fulldsp">   --->   Core 18 'FAddSub_fulldsp' <Latency = 4> <II = 1> <Delay = 7.25> <FuncUnit> <Opcode : 'fadd' 'fsub'> <InPorts = 2> <OutPorts = 1>

State 12 <SV = 11> <Delay = 7.25>
ST_12 : Operation 630 [1/5] (7.25ns)   --->   "%dot = fadd i32 %mul, i32 0" [flash_attention.cpp:112]   --->   Operation 630 'fadd' 'dot' <Predicate = (cmp715_read)> <Delay = 7.25> <CoreInst = "FAddSub_fulldsp">   --->   Core 18 'FAddSub_fulldsp' <Latency = 4> <II = 1> <Delay = 7.25> <FuncUnit> <Opcode : 'fadd' 'fsub'> <InPorts = 2> <OutPorts = 1>

State 13 <SV = 12> <Delay = 0.69>
ST_13 : Operation 631 [1/1] (0.69ns)   --->   "%dot_1 = select i1 %cmp715_read, i32 %dot, i32 0" [flash_attention.cpp:112]   --->   Operation 631 'select' 'dot_1' <Predicate = true> <Delay = 0.69> <CoreInst = "Sel">   --->   Core 73 'Sel' <Latency = 0> <II = 1> <Delay = 0.69> <FuncUnit> <Opcode : 'select'> <InPorts = 3> <OutPorts = 1>

State 14 <SV = 13> <Delay = 7.25>
ST_14 : Operation 632 [5/5] (7.25ns)   --->   "%dot_2 = fadd i32 %dot_1, i32 %mul111_1" [flash_attention.cpp:112]   --->   Operation 632 'fadd' 'dot_2' <Predicate = (icmp_read)> <Delay = 7.25> <CoreInst = "FAddSub_fulldsp">   --->   Core 18 'FAddSub_fulldsp' <Latency = 4> <II = 1> <Delay = 7.25> <FuncUnit> <Opcode : 'fadd' 'fsub'> <InPorts = 2> <OutPorts = 1>

State 15 <SV = 14> <Delay = 7.25>
ST_15 : Operation 633 [4/5] (7.25ns)   --->   "%dot_2 = fadd i32 %dot_1, i32 %mul111_1" [flash_attention.cpp:112]   --->   Operation 633 'fadd' 'dot_2' <Predicate = (icmp_read)> <Delay = 7.25> <CoreInst = "FAddSub_fulldsp">   --->   Core 18 'FAddSub_fulldsp' <Latency = 4> <II = 1> <Delay = 7.25> <FuncUnit> <Opcode : 'fadd' 'fsub'> <InPorts = 2> <OutPorts = 1>

State 16 <SV = 15> <Delay = 7.25>
ST_16 : Operation 634 [3/5] (7.25ns)   --->   "%dot_2 = fadd i32 %dot_1, i32 %mul111_1" [flash_attention.cpp:112]   --->   Operation 634 'fadd' 'dot_2' <Predicate = (icmp_read)> <Delay = 7.25> <CoreInst = "FAddSub_fulldsp">   --->   Core 18 'FAddSub_fulldsp' <Latency = 4> <II = 1> <Delay = 7.25> <FuncUnit> <Opcode : 'fadd' 'fsub'> <InPorts = 2> <OutPorts = 1>

State 17 <SV = 16> <Delay = 7.25>
ST_17 : Operation 635 [2/5] (7.25ns)   --->   "%dot_2 = fadd i32 %dot_1, i32 %mul111_1" [flash_attention.cpp:112]   --->   Operation 635 'fadd' 'dot_2' <Predicate = (icmp_read)> <Delay = 7.25> <CoreInst = "FAddSub_fulldsp">   --->   Core 18 'FAddSub_fulldsp' <Latency = 4> <II = 1> <Delay = 7.25> <FuncUnit> <Opcode : 'fadd' 'fsub'> <InPorts = 2> <OutPorts = 1>

State 18 <SV = 17> <Delay = 7.25>
ST_18 : Operation 636 [1/5] (7.25ns)   --->   "%dot_2 = fadd i32 %dot_1, i32 %mul111_1" [flash_attention.cpp:112]   --->   Operation 636 'fadd' 'dot_2' <Predicate = (icmp_read)> <Delay = 7.25> <CoreInst = "FAddSub_fulldsp">   --->   Core 18 'FAddSub_fulldsp' <Latency = 4> <II = 1> <Delay = 7.25> <FuncUnit> <Opcode : 'fadd' 'fsub'> <InPorts = 2> <OutPorts = 1>

State 19 <SV = 18> <Delay = 0.69>
ST_19 : Operation 637 [1/1] (0.69ns)   --->   "%dot_3 = select i1 %icmp_read, i32 %dot_2, i32 %dot_1" [flash_attention.cpp:112]   --->   Operation 637 'select' 'dot_3' <Predicate = true> <Delay = 0.69> <CoreInst = "Sel">   --->   Core 73 'Sel' <Latency = 0> <II = 1> <Delay = 0.69> <FuncUnit> <Opcode : 'select'> <InPorts = 3> <OutPorts = 1>

State 20 <SV = 19> <Delay = 7.25>
ST_20 : Operation 638 [5/5] (7.25ns)   --->   "%dot_4 = fadd i32 %dot_3, i32 %mul111_2" [flash_attention.cpp:112]   --->   Operation 638 'fadd' 'dot_4' <Predicate = (cmp102_2_read)> <Delay = 7.25> <CoreInst = "FAddSub_fulldsp">   --->   Core 18 'FAddSub_fulldsp' <Latency = 4> <II = 1> <Delay = 7.25> <FuncUnit> <Opcode : 'fadd' 'fsub'> <InPorts = 2> <OutPorts = 1>

State 21 <SV = 20> <Delay = 7.25>
ST_21 : Operation 639 [4/5] (7.25ns)   --->   "%dot_4 = fadd i32 %dot_3, i32 %mul111_2" [flash_attention.cpp:112]   --->   Operation 639 'fadd' 'dot_4' <Predicate = (cmp102_2_read)> <Delay = 7.25> <CoreInst = "FAddSub_fulldsp">   --->   Core 18 'FAddSub_fulldsp' <Latency = 4> <II = 1> <Delay = 7.25> <FuncUnit> <Opcode : 'fadd' 'fsub'> <InPorts = 2> <OutPorts = 1>

State 22 <SV = 21> <Delay = 7.25>
ST_22 : Operation 640 [3/5] (7.25ns)   --->   "%dot_4 = fadd i32 %dot_3, i32 %mul111_2" [flash_attention.cpp:112]   --->   Operation 640 'fadd' 'dot_4' <Predicate = (cmp102_2_read)> <Delay = 7.25> <CoreInst = "FAddSub_fulldsp">   --->   Core 18 'FAddSub_fulldsp' <Latency = 4> <II = 1> <Delay = 7.25> <FuncUnit> <Opcode : 'fadd' 'fsub'> <InPorts = 2> <OutPorts = 1>

State 23 <SV = 22> <Delay = 7.25>
ST_23 : Operation 641 [2/5] (7.25ns)   --->   "%dot_4 = fadd i32 %dot_3, i32 %mul111_2" [flash_attention.cpp:112]   --->   Operation 641 'fadd' 'dot_4' <Predicate = (cmp102_2_read)> <Delay = 7.25> <CoreInst = "FAddSub_fulldsp">   --->   Core 18 'FAddSub_fulldsp' <Latency = 4> <II = 1> <Delay = 7.25> <FuncUnit> <Opcode : 'fadd' 'fsub'> <InPorts = 2> <OutPorts = 1>

State 24 <SV = 23> <Delay = 7.25>
ST_24 : Operation 642 [1/5] (7.25ns)   --->   "%dot_4 = fadd i32 %dot_3, i32 %mul111_2" [flash_attention.cpp:112]   --->   Operation 642 'fadd' 'dot_4' <Predicate = (cmp102_2_read)> <Delay = 7.25> <CoreInst = "FAddSub_fulldsp">   --->   Core 18 'FAddSub_fulldsp' <Latency = 4> <II = 1> <Delay = 7.25> <FuncUnit> <Opcode : 'fadd' 'fsub'> <InPorts = 2> <OutPorts = 1>

State 25 <SV = 24> <Delay = 0.69>
ST_25 : Operation 643 [1/1] (0.69ns)   --->   "%dot_5 = select i1 %cmp102_2_read, i32 %dot_4, i32 %dot_3" [flash_attention.cpp:112]   --->   Operation 643 'select' 'dot_5' <Predicate = true> <Delay = 0.69> <CoreInst = "Sel">   --->   Core 73 'Sel' <Latency = 0> <II = 1> <Delay = 0.69> <FuncUnit> <Opcode : 'select'> <InPorts = 3> <OutPorts = 1>

State 26 <SV = 25> <Delay = 7.25>
ST_26 : Operation 644 [5/5] (7.25ns)   --->   "%dot_6 = fadd i32 %dot_5, i32 %mul111_3" [flash_attention.cpp:112]   --->   Operation 644 'fadd' 'dot_6' <Predicate = (icmp49_read)> <Delay = 7.25> <CoreInst = "FAddSub_fulldsp">   --->   Core 18 'FAddSub_fulldsp' <Latency = 4> <II = 1> <Delay = 7.25> <FuncUnit> <Opcode : 'fadd' 'fsub'> <InPorts = 2> <OutPorts = 1>

State 27 <SV = 26> <Delay = 7.25>
ST_27 : Operation 645 [4/5] (7.25ns)   --->   "%dot_6 = fadd i32 %dot_5, i32 %mul111_3" [flash_attention.cpp:112]   --->   Operation 645 'fadd' 'dot_6' <Predicate = (icmp49_read)> <Delay = 7.25> <CoreInst = "FAddSub_fulldsp">   --->   Core 18 'FAddSub_fulldsp' <Latency = 4> <II = 1> <Delay = 7.25> <FuncUnit> <Opcode : 'fadd' 'fsub'> <InPorts = 2> <OutPorts = 1>

State 28 <SV = 27> <Delay = 7.25>
ST_28 : Operation 646 [3/5] (7.25ns)   --->   "%dot_6 = fadd i32 %dot_5, i32 %mul111_3" [flash_attention.cpp:112]   --->   Operation 646 'fadd' 'dot_6' <Predicate = (icmp49_read)> <Delay = 7.25> <CoreInst = "FAddSub_fulldsp">   --->   Core 18 'FAddSub_fulldsp' <Latency = 4> <II = 1> <Delay = 7.25> <FuncUnit> <Opcode : 'fadd' 'fsub'> <InPorts = 2> <OutPorts = 1>

State 29 <SV = 28> <Delay = 7.25>
ST_29 : Operation 647 [2/5] (7.25ns)   --->   "%dot_6 = fadd i32 %dot_5, i32 %mul111_3" [flash_attention.cpp:112]   --->   Operation 647 'fadd' 'dot_6' <Predicate = (icmp49_read)> <Delay = 7.25> <CoreInst = "FAddSub_fulldsp">   --->   Core 18 'FAddSub_fulldsp' <Latency = 4> <II = 1> <Delay = 7.25> <FuncUnit> <Opcode : 'fadd' 'fsub'> <InPorts = 2> <OutPorts = 1>

State 30 <SV = 29> <Delay = 7.25>
ST_30 : Operation 648 [1/5] (7.25ns)   --->   "%dot_6 = fadd i32 %dot_5, i32 %mul111_3" [flash_attention.cpp:112]   --->   Operation 648 'fadd' 'dot_6' <Predicate = (icmp49_read)> <Delay = 7.25> <CoreInst = "FAddSub_fulldsp">   --->   Core 18 'FAddSub_fulldsp' <Latency = 4> <II = 1> <Delay = 7.25> <FuncUnit> <Opcode : 'fadd' 'fsub'> <InPorts = 2> <OutPorts = 1>

State 31 <SV = 30> <Delay = 0.69>
ST_31 : Operation 649 [1/1] (0.69ns)   --->   "%dot_7 = select i1 %icmp49_read, i32 %dot_6, i32 %dot_5" [flash_attention.cpp:112]   --->   Operation 649 'select' 'dot_7' <Predicate = true> <Delay = 0.69> <CoreInst = "Sel">   --->   Core 73 'Sel' <Latency = 0> <II = 1> <Delay = 0.69> <FuncUnit> <Opcode : 'select'> <InPorts = 3> <OutPorts = 1>

State 32 <SV = 31> <Delay = 7.25>
ST_32 : Operation 650 [5/5] (7.25ns)   --->   "%dot_8 = fadd i32 %dot_7, i32 %mul111_4" [flash_attention.cpp:112]   --->   Operation 650 'fadd' 'dot_8' <Predicate = (cmp102_4_read)> <Delay = 7.25> <CoreInst = "FAddSub_fulldsp">   --->   Core 18 'FAddSub_fulldsp' <Latency = 4> <II = 1> <Delay = 7.25> <FuncUnit> <Opcode : 'fadd' 'fsub'> <InPorts = 2> <OutPorts = 1>

State 33 <SV = 32> <Delay = 7.25>
ST_33 : Operation 651 [4/5] (7.25ns)   --->   "%dot_8 = fadd i32 %dot_7, i32 %mul111_4" [flash_attention.cpp:112]   --->   Operation 651 'fadd' 'dot_8' <Predicate = (cmp102_4_read)> <Delay = 7.25> <CoreInst = "FAddSub_fulldsp">   --->   Core 18 'FAddSub_fulldsp' <Latency = 4> <II = 1> <Delay = 7.25> <FuncUnit> <Opcode : 'fadd' 'fsub'> <InPorts = 2> <OutPorts = 1>

State 34 <SV = 33> <Delay = 7.25>
ST_34 : Operation 652 [3/5] (7.25ns)   --->   "%dot_8 = fadd i32 %dot_7, i32 %mul111_4" [flash_attention.cpp:112]   --->   Operation 652 'fadd' 'dot_8' <Predicate = (cmp102_4_read)> <Delay = 7.25> <CoreInst = "FAddSub_fulldsp">   --->   Core 18 'FAddSub_fulldsp' <Latency = 4> <II = 1> <Delay = 7.25> <FuncUnit> <Opcode : 'fadd' 'fsub'> <InPorts = 2> <OutPorts = 1>

State 35 <SV = 34> <Delay = 7.25>
ST_35 : Operation 653 [2/5] (7.25ns)   --->   "%dot_8 = fadd i32 %dot_7, i32 %mul111_4" [flash_attention.cpp:112]   --->   Operation 653 'fadd' 'dot_8' <Predicate = (cmp102_4_read)> <Delay = 7.25> <CoreInst = "FAddSub_fulldsp">   --->   Core 18 'FAddSub_fulldsp' <Latency = 4> <II = 1> <Delay = 7.25> <FuncUnit> <Opcode : 'fadd' 'fsub'> <InPorts = 2> <OutPorts = 1>

State 36 <SV = 35> <Delay = 7.25>
ST_36 : Operation 654 [1/5] (7.25ns)   --->   "%dot_8 = fadd i32 %dot_7, i32 %mul111_4" [flash_attention.cpp:112]   --->   Operation 654 'fadd' 'dot_8' <Predicate = (cmp102_4_read)> <Delay = 7.25> <CoreInst = "FAddSub_fulldsp">   --->   Core 18 'FAddSub_fulldsp' <Latency = 4> <II = 1> <Delay = 7.25> <FuncUnit> <Opcode : 'fadd' 'fsub'> <InPorts = 2> <OutPorts = 1>

State 37 <SV = 36> <Delay = 0.69>
ST_37 : Operation 655 [1/1] (0.69ns)   --->   "%dot_9 = select i1 %cmp102_4_read, i32 %dot_8, i32 %dot_7" [flash_attention.cpp:112]   --->   Operation 655 'select' 'dot_9' <Predicate = true> <Delay = 0.69> <CoreInst = "Sel">   --->   Core 73 'Sel' <Latency = 0> <II = 1> <Delay = 0.69> <FuncUnit> <Opcode : 'select'> <InPorts = 3> <OutPorts = 1>

State 38 <SV = 37> <Delay = 7.25>
ST_38 : Operation 656 [5/5] (7.25ns)   --->   "%dot_10 = fadd i32 %dot_9, i32 %mul111_5" [flash_attention.cpp:112]   --->   Operation 656 'fadd' 'dot_10' <Predicate = (cmp102_5_read)> <Delay = 7.25> <CoreInst = "FAddSub_fulldsp">   --->   Core 18 'FAddSub_fulldsp' <Latency = 4> <II = 1> <Delay = 7.25> <FuncUnit> <Opcode : 'fadd' 'fsub'> <InPorts = 2> <OutPorts = 1>

State 39 <SV = 38> <Delay = 7.25>
ST_39 : Operation 657 [4/5] (7.25ns)   --->   "%dot_10 = fadd i32 %dot_9, i32 %mul111_5" [flash_attention.cpp:112]   --->   Operation 657 'fadd' 'dot_10' <Predicate = (cmp102_5_read)> <Delay = 7.25> <CoreInst = "FAddSub_fulldsp">   --->   Core 18 'FAddSub_fulldsp' <Latency = 4> <II = 1> <Delay = 7.25> <FuncUnit> <Opcode : 'fadd' 'fsub'> <InPorts = 2> <OutPorts = 1>

State 40 <SV = 39> <Delay = 7.25>
ST_40 : Operation 658 [3/5] (7.25ns)   --->   "%dot_10 = fadd i32 %dot_9, i32 %mul111_5" [flash_attention.cpp:112]   --->   Operation 658 'fadd' 'dot_10' <Predicate = (cmp102_5_read)> <Delay = 7.25> <CoreInst = "FAddSub_fulldsp">   --->   Core 18 'FAddSub_fulldsp' <Latency = 4> <II = 1> <Delay = 7.25> <FuncUnit> <Opcode : 'fadd' 'fsub'> <InPorts = 2> <OutPorts = 1>

State 41 <SV = 40> <Delay = 7.25>
ST_41 : Operation 659 [2/5] (7.25ns)   --->   "%dot_10 = fadd i32 %dot_9, i32 %mul111_5" [flash_attention.cpp:112]   --->   Operation 659 'fadd' 'dot_10' <Predicate = (cmp102_5_read)> <Delay = 7.25> <CoreInst = "FAddSub_fulldsp">   --->   Core 18 'FAddSub_fulldsp' <Latency = 4> <II = 1> <Delay = 7.25> <FuncUnit> <Opcode : 'fadd' 'fsub'> <InPorts = 2> <OutPorts = 1>

State 42 <SV = 41> <Delay = 7.25>
ST_42 : Operation 660 [1/5] (7.25ns)   --->   "%dot_10 = fadd i32 %dot_9, i32 %mul111_5" [flash_attention.cpp:112]   --->   Operation 660 'fadd' 'dot_10' <Predicate = (cmp102_5_read)> <Delay = 7.25> <CoreInst = "FAddSub_fulldsp">   --->   Core 18 'FAddSub_fulldsp' <Latency = 4> <II = 1> <Delay = 7.25> <FuncUnit> <Opcode : 'fadd' 'fsub'> <InPorts = 2> <OutPorts = 1>

State 43 <SV = 42> <Delay = 0.69>
ST_43 : Operation 661 [1/1] (0.69ns)   --->   "%dot_11 = select i1 %cmp102_5_read, i32 %dot_10, i32 %dot_9" [flash_attention.cpp:112]   --->   Operation 661 'select' 'dot_11' <Predicate = true> <Delay = 0.69> <CoreInst = "Sel">   --->   Core 73 'Sel' <Latency = 0> <II = 1> <Delay = 0.69> <FuncUnit> <Opcode : 'select'> <InPorts = 3> <OutPorts = 1>

State 44 <SV = 43> <Delay = 7.25>
ST_44 : Operation 662 [5/5] (7.25ns)   --->   "%dot_12 = fadd i32 %dot_11, i32 %mul111_6" [flash_attention.cpp:112]   --->   Operation 662 'fadd' 'dot_12' <Predicate = (cmp102_6_read)> <Delay = 7.25> <CoreInst = "FAddSub_fulldsp">   --->   Core 18 'FAddSub_fulldsp' <Latency = 4> <II = 1> <Delay = 7.25> <FuncUnit> <Opcode : 'fadd' 'fsub'> <InPorts = 2> <OutPorts = 1>

State 45 <SV = 44> <Delay = 7.25>
ST_45 : Operation 663 [4/5] (7.25ns)   --->   "%dot_12 = fadd i32 %dot_11, i32 %mul111_6" [flash_attention.cpp:112]   --->   Operation 663 'fadd' 'dot_12' <Predicate = (cmp102_6_read)> <Delay = 7.25> <CoreInst = "FAddSub_fulldsp">   --->   Core 18 'FAddSub_fulldsp' <Latency = 4> <II = 1> <Delay = 7.25> <FuncUnit> <Opcode : 'fadd' 'fsub'> <InPorts = 2> <OutPorts = 1>

State 46 <SV = 45> <Delay = 7.25>
ST_46 : Operation 664 [3/5] (7.25ns)   --->   "%dot_12 = fadd i32 %dot_11, i32 %mul111_6" [flash_attention.cpp:112]   --->   Operation 664 'fadd' 'dot_12' <Predicate = (cmp102_6_read)> <Delay = 7.25> <CoreInst = "FAddSub_fulldsp">   --->   Core 18 'FAddSub_fulldsp' <Latency = 4> <II = 1> <Delay = 7.25> <FuncUnit> <Opcode : 'fadd' 'fsub'> <InPorts = 2> <OutPorts = 1>

State 47 <SV = 46> <Delay = 7.25>
ST_47 : Operation 665 [2/5] (7.25ns)   --->   "%dot_12 = fadd i32 %dot_11, i32 %mul111_6" [flash_attention.cpp:112]   --->   Operation 665 'fadd' 'dot_12' <Predicate = (cmp102_6_read)> <Delay = 7.25> <CoreInst = "FAddSub_fulldsp">   --->   Core 18 'FAddSub_fulldsp' <Latency = 4> <II = 1> <Delay = 7.25> <FuncUnit> <Opcode : 'fadd' 'fsub'> <InPorts = 2> <OutPorts = 1>

State 48 <SV = 47> <Delay = 7.25>
ST_48 : Operation 666 [1/5] (7.25ns)   --->   "%dot_12 = fadd i32 %dot_11, i32 %mul111_6" [flash_attention.cpp:112]   --->   Operation 666 'fadd' 'dot_12' <Predicate = (cmp102_6_read)> <Delay = 7.25> <CoreInst = "FAddSub_fulldsp">   --->   Core 18 'FAddSub_fulldsp' <Latency = 4> <II = 1> <Delay = 7.25> <FuncUnit> <Opcode : 'fadd' 'fsub'> <InPorts = 2> <OutPorts = 1>

State 49 <SV = 48> <Delay = 0.69>
ST_49 : Operation 667 [1/1] (0.69ns)   --->   "%dot_13 = select i1 %cmp102_6_read, i32 %dot_12, i32 %dot_11" [flash_attention.cpp:112]   --->   Operation 667 'select' 'dot_13' <Predicate = true> <Delay = 0.69> <CoreInst = "Sel">   --->   Core 73 'Sel' <Latency = 0> <II = 1> <Delay = 0.69> <FuncUnit> <Opcode : 'select'> <InPorts = 3> <OutPorts = 1>

State 50 <SV = 49> <Delay = 7.25>
ST_50 : Operation 668 [5/5] (7.25ns)   --->   "%dot_14 = fadd i32 %dot_13, i32 %mul111_7" [flash_attention.cpp:112]   --->   Operation 668 'fadd' 'dot_14' <Predicate = (icmp52_read)> <Delay = 7.25> <CoreInst = "FAddSub_fulldsp">   --->   Core 18 'FAddSub_fulldsp' <Latency = 4> <II = 1> <Delay = 7.25> <FuncUnit> <Opcode : 'fadd' 'fsub'> <InPorts = 2> <OutPorts = 1>

State 51 <SV = 50> <Delay = 7.25>
ST_51 : Operation 669 [4/5] (7.25ns)   --->   "%dot_14 = fadd i32 %dot_13, i32 %mul111_7" [flash_attention.cpp:112]   --->   Operation 669 'fadd' 'dot_14' <Predicate = (icmp52_read)> <Delay = 7.25> <CoreInst = "FAddSub_fulldsp">   --->   Core 18 'FAddSub_fulldsp' <Latency = 4> <II = 1> <Delay = 7.25> <FuncUnit> <Opcode : 'fadd' 'fsub'> <InPorts = 2> <OutPorts = 1>

State 52 <SV = 51> <Delay = 7.25>
ST_52 : Operation 670 [3/5] (7.25ns)   --->   "%dot_14 = fadd i32 %dot_13, i32 %mul111_7" [flash_attention.cpp:112]   --->   Operation 670 'fadd' 'dot_14' <Predicate = (icmp52_read)> <Delay = 7.25> <CoreInst = "FAddSub_fulldsp">   --->   Core 18 'FAddSub_fulldsp' <Latency = 4> <II = 1> <Delay = 7.25> <FuncUnit> <Opcode : 'fadd' 'fsub'> <InPorts = 2> <OutPorts = 1>

State 53 <SV = 52> <Delay = 7.25>
ST_53 : Operation 671 [2/5] (7.25ns)   --->   "%dot_14 = fadd i32 %dot_13, i32 %mul111_7" [flash_attention.cpp:112]   --->   Operation 671 'fadd' 'dot_14' <Predicate = (icmp52_read)> <Delay = 7.25> <CoreInst = "FAddSub_fulldsp">   --->   Core 18 'FAddSub_fulldsp' <Latency = 4> <II = 1> <Delay = 7.25> <FuncUnit> <Opcode : 'fadd' 'fsub'> <InPorts = 2> <OutPorts = 1>

State 54 <SV = 53> <Delay = 7.25>
ST_54 : Operation 672 [1/5] (7.25ns)   --->   "%dot_14 = fadd i32 %dot_13, i32 %mul111_7" [flash_attention.cpp:112]   --->   Operation 672 'fadd' 'dot_14' <Predicate = (icmp52_read)> <Delay = 7.25> <CoreInst = "FAddSub_fulldsp">   --->   Core 18 'FAddSub_fulldsp' <Latency = 4> <II = 1> <Delay = 7.25> <FuncUnit> <Opcode : 'fadd' 'fsub'> <InPorts = 2> <OutPorts = 1>

State 55 <SV = 54> <Delay = 0.69>
ST_55 : Operation 673 [1/1] (0.69ns)   --->   "%dot_15 = select i1 %icmp52_read, i32 %dot_14, i32 %dot_13" [flash_attention.cpp:112]   --->   Operation 673 'select' 'dot_15' <Predicate = true> <Delay = 0.69> <CoreInst = "Sel">   --->   Core 73 'Sel' <Latency = 0> <II = 1> <Delay = 0.69> <FuncUnit> <Opcode : 'select'> <InPorts = 3> <OutPorts = 1>

State 56 <SV = 55> <Delay = 7.25>
ST_56 : Operation 674 [5/5] (7.25ns)   --->   "%dot_16 = fadd i32 %dot_15, i32 %mul111_8" [flash_attention.cpp:112]   --->   Operation 674 'fadd' 'dot_16' <Predicate = (cmp102_8_read)> <Delay = 7.25> <CoreInst = "FAddSub_fulldsp">   --->   Core 18 'FAddSub_fulldsp' <Latency = 4> <II = 1> <Delay = 7.25> <FuncUnit> <Opcode : 'fadd' 'fsub'> <InPorts = 2> <OutPorts = 1>

State 57 <SV = 56> <Delay = 7.25>
ST_57 : Operation 675 [4/5] (7.25ns)   --->   "%dot_16 = fadd i32 %dot_15, i32 %mul111_8" [flash_attention.cpp:112]   --->   Operation 675 'fadd' 'dot_16' <Predicate = (cmp102_8_read)> <Delay = 7.25> <CoreInst = "FAddSub_fulldsp">   --->   Core 18 'FAddSub_fulldsp' <Latency = 4> <II = 1> <Delay = 7.25> <FuncUnit> <Opcode : 'fadd' 'fsub'> <InPorts = 2> <OutPorts = 1>

State 58 <SV = 57> <Delay = 7.25>
ST_58 : Operation 676 [3/5] (7.25ns)   --->   "%dot_16 = fadd i32 %dot_15, i32 %mul111_8" [flash_attention.cpp:112]   --->   Operation 676 'fadd' 'dot_16' <Predicate = (cmp102_8_read)> <Delay = 7.25> <CoreInst = "FAddSub_fulldsp">   --->   Core 18 'FAddSub_fulldsp' <Latency = 4> <II = 1> <Delay = 7.25> <FuncUnit> <Opcode : 'fadd' 'fsub'> <InPorts = 2> <OutPorts = 1>

State 59 <SV = 58> <Delay = 7.25>
ST_59 : Operation 677 [2/5] (7.25ns)   --->   "%dot_16 = fadd i32 %dot_15, i32 %mul111_8" [flash_attention.cpp:112]   --->   Operation 677 'fadd' 'dot_16' <Predicate = (cmp102_8_read)> <Delay = 7.25> <CoreInst = "FAddSub_fulldsp">   --->   Core 18 'FAddSub_fulldsp' <Latency = 4> <II = 1> <Delay = 7.25> <FuncUnit> <Opcode : 'fadd' 'fsub'> <InPorts = 2> <OutPorts = 1>

State 60 <SV = 59> <Delay = 7.25>
ST_60 : Operation 678 [1/5] (7.25ns)   --->   "%dot_16 = fadd i32 %dot_15, i32 %mul111_8" [flash_attention.cpp:112]   --->   Operation 678 'fadd' 'dot_16' <Predicate = (cmp102_8_read)> <Delay = 7.25> <CoreInst = "FAddSub_fulldsp">   --->   Core 18 'FAddSub_fulldsp' <Latency = 4> <II = 1> <Delay = 7.25> <FuncUnit> <Opcode : 'fadd' 'fsub'> <InPorts = 2> <OutPorts = 1>

State 61 <SV = 60> <Delay = 0.69>
ST_61 : Operation 679 [1/1] (0.69ns)   --->   "%dot_17 = select i1 %cmp102_8_read, i32 %dot_16, i32 %dot_15" [flash_attention.cpp:112]   --->   Operation 679 'select' 'dot_17' <Predicate = true> <Delay = 0.69> <CoreInst = "Sel">   --->   Core 73 'Sel' <Latency = 0> <II = 1> <Delay = 0.69> <FuncUnit> <Opcode : 'select'> <InPorts = 3> <OutPorts = 1>

State 62 <SV = 61> <Delay = 7.25>
ST_62 : Operation 680 [5/5] (7.25ns)   --->   "%dot_18 = fadd i32 %dot_17, i32 %mul111_9" [flash_attention.cpp:112]   --->   Operation 680 'fadd' 'dot_18' <Predicate = (cmp102_9_read)> <Delay = 7.25> <CoreInst = "FAddSub_fulldsp">   --->   Core 18 'FAddSub_fulldsp' <Latency = 4> <II = 1> <Delay = 7.25> <FuncUnit> <Opcode : 'fadd' 'fsub'> <InPorts = 2> <OutPorts = 1>

State 63 <SV = 62> <Delay = 7.25>
ST_63 : Operation 681 [4/5] (7.25ns)   --->   "%dot_18 = fadd i32 %dot_17, i32 %mul111_9" [flash_attention.cpp:112]   --->   Operation 681 'fadd' 'dot_18' <Predicate = (cmp102_9_read)> <Delay = 7.25> <CoreInst = "FAddSub_fulldsp">   --->   Core 18 'FAddSub_fulldsp' <Latency = 4> <II = 1> <Delay = 7.25> <FuncUnit> <Opcode : 'fadd' 'fsub'> <InPorts = 2> <OutPorts = 1>

State 64 <SV = 63> <Delay = 7.25>
ST_64 : Operation 682 [3/5] (7.25ns)   --->   "%dot_18 = fadd i32 %dot_17, i32 %mul111_9" [flash_attention.cpp:112]   --->   Operation 682 'fadd' 'dot_18' <Predicate = (cmp102_9_read)> <Delay = 7.25> <CoreInst = "FAddSub_fulldsp">   --->   Core 18 'FAddSub_fulldsp' <Latency = 4> <II = 1> <Delay = 7.25> <FuncUnit> <Opcode : 'fadd' 'fsub'> <InPorts = 2> <OutPorts = 1>

State 65 <SV = 64> <Delay = 7.25>
ST_65 : Operation 683 [2/5] (7.25ns)   --->   "%dot_18 = fadd i32 %dot_17, i32 %mul111_9" [flash_attention.cpp:112]   --->   Operation 683 'fadd' 'dot_18' <Predicate = (cmp102_9_read)> <Delay = 7.25> <CoreInst = "FAddSub_fulldsp">   --->   Core 18 'FAddSub_fulldsp' <Latency = 4> <II = 1> <Delay = 7.25> <FuncUnit> <Opcode : 'fadd' 'fsub'> <InPorts = 2> <OutPorts = 1>

State 66 <SV = 65> <Delay = 7.25>
ST_66 : Operation 684 [1/5] (7.25ns)   --->   "%dot_18 = fadd i32 %dot_17, i32 %mul111_9" [flash_attention.cpp:112]   --->   Operation 684 'fadd' 'dot_18' <Predicate = (cmp102_9_read)> <Delay = 7.25> <CoreInst = "FAddSub_fulldsp">   --->   Core 18 'FAddSub_fulldsp' <Latency = 4> <II = 1> <Delay = 7.25> <FuncUnit> <Opcode : 'fadd' 'fsub'> <InPorts = 2> <OutPorts = 1>

State 67 <SV = 66> <Delay = 0.69>
ST_67 : Operation 685 [1/1] (0.69ns)   --->   "%dot_19 = select i1 %cmp102_9_read, i32 %dot_18, i32 %dot_17" [flash_attention.cpp:112]   --->   Operation 685 'select' 'dot_19' <Predicate = true> <Delay = 0.69> <CoreInst = "Sel">   --->   Core 73 'Sel' <Latency = 0> <II = 1> <Delay = 0.69> <FuncUnit> <Opcode : 'select'> <InPorts = 3> <OutPorts = 1>

State 68 <SV = 67> <Delay = 7.25>
ST_68 : Operation 686 [5/5] (7.25ns)   --->   "%dot_20 = fadd i32 %dot_19, i32 %mul111_s" [flash_attention.cpp:112]   --->   Operation 686 'fadd' 'dot_20' <Predicate = (cmp102_10_read)> <Delay = 7.25> <CoreInst = "FAddSub_fulldsp">   --->   Core 18 'FAddSub_fulldsp' <Latency = 4> <II = 1> <Delay = 7.25> <FuncUnit> <Opcode : 'fadd' 'fsub'> <InPorts = 2> <OutPorts = 1>

State 69 <SV = 68> <Delay = 7.25>
ST_69 : Operation 687 [4/5] (7.25ns)   --->   "%dot_20 = fadd i32 %dot_19, i32 %mul111_s" [flash_attention.cpp:112]   --->   Operation 687 'fadd' 'dot_20' <Predicate = (cmp102_10_read)> <Delay = 7.25> <CoreInst = "FAddSub_fulldsp">   --->   Core 18 'FAddSub_fulldsp' <Latency = 4> <II = 1> <Delay = 7.25> <FuncUnit> <Opcode : 'fadd' 'fsub'> <InPorts = 2> <OutPorts = 1>

State 70 <SV = 69> <Delay = 7.25>
ST_70 : Operation 688 [3/5] (7.25ns)   --->   "%dot_20 = fadd i32 %dot_19, i32 %mul111_s" [flash_attention.cpp:112]   --->   Operation 688 'fadd' 'dot_20' <Predicate = (cmp102_10_read)> <Delay = 7.25> <CoreInst = "FAddSub_fulldsp">   --->   Core 18 'FAddSub_fulldsp' <Latency = 4> <II = 1> <Delay = 7.25> <FuncUnit> <Opcode : 'fadd' 'fsub'> <InPorts = 2> <OutPorts = 1>

State 71 <SV = 70> <Delay = 7.25>
ST_71 : Operation 689 [2/5] (7.25ns)   --->   "%dot_20 = fadd i32 %dot_19, i32 %mul111_s" [flash_attention.cpp:112]   --->   Operation 689 'fadd' 'dot_20' <Predicate = (cmp102_10_read)> <Delay = 7.25> <CoreInst = "FAddSub_fulldsp">   --->   Core 18 'FAddSub_fulldsp' <Latency = 4> <II = 1> <Delay = 7.25> <FuncUnit> <Opcode : 'fadd' 'fsub'> <InPorts = 2> <OutPorts = 1>

State 72 <SV = 71> <Delay = 7.25>
ST_72 : Operation 690 [1/5] (7.25ns)   --->   "%dot_20 = fadd i32 %dot_19, i32 %mul111_s" [flash_attention.cpp:112]   --->   Operation 690 'fadd' 'dot_20' <Predicate = (cmp102_10_read)> <Delay = 7.25> <CoreInst = "FAddSub_fulldsp">   --->   Core 18 'FAddSub_fulldsp' <Latency = 4> <II = 1> <Delay = 7.25> <FuncUnit> <Opcode : 'fadd' 'fsub'> <InPorts = 2> <OutPorts = 1>

State 73 <SV = 72> <Delay = 0.69>
ST_73 : Operation 691 [1/1] (0.69ns)   --->   "%dot_21 = select i1 %cmp102_10_read, i32 %dot_20, i32 %dot_19" [flash_attention.cpp:112]   --->   Operation 691 'select' 'dot_21' <Predicate = true> <Delay = 0.69> <CoreInst = "Sel">   --->   Core 73 'Sel' <Latency = 0> <II = 1> <Delay = 0.69> <FuncUnit> <Opcode : 'select'> <InPorts = 3> <OutPorts = 1>

State 74 <SV = 73> <Delay = 7.25>
ST_74 : Operation 692 [5/5] (7.25ns)   --->   "%dot_22 = fadd i32 %dot_21, i32 %mul111_10" [flash_attention.cpp:112]   --->   Operation 692 'fadd' 'dot_22' <Predicate = (cmp102_11_read)> <Delay = 7.25> <CoreInst = "FAddSub_fulldsp">   --->   Core 18 'FAddSub_fulldsp' <Latency = 4> <II = 1> <Delay = 7.25> <FuncUnit> <Opcode : 'fadd' 'fsub'> <InPorts = 2> <OutPorts = 1>

State 75 <SV = 74> <Delay = 7.25>
ST_75 : Operation 693 [4/5] (7.25ns)   --->   "%dot_22 = fadd i32 %dot_21, i32 %mul111_10" [flash_attention.cpp:112]   --->   Operation 693 'fadd' 'dot_22' <Predicate = (cmp102_11_read)> <Delay = 7.25> <CoreInst = "FAddSub_fulldsp">   --->   Core 18 'FAddSub_fulldsp' <Latency = 4> <II = 1> <Delay = 7.25> <FuncUnit> <Opcode : 'fadd' 'fsub'> <InPorts = 2> <OutPorts = 1>

State 76 <SV = 75> <Delay = 7.25>
ST_76 : Operation 694 [3/5] (7.25ns)   --->   "%dot_22 = fadd i32 %dot_21, i32 %mul111_10" [flash_attention.cpp:112]   --->   Operation 694 'fadd' 'dot_22' <Predicate = (cmp102_11_read)> <Delay = 7.25> <CoreInst = "FAddSub_fulldsp">   --->   Core 18 'FAddSub_fulldsp' <Latency = 4> <II = 1> <Delay = 7.25> <FuncUnit> <Opcode : 'fadd' 'fsub'> <InPorts = 2> <OutPorts = 1>

State 77 <SV = 76> <Delay = 7.25>
ST_77 : Operation 695 [2/5] (7.25ns)   --->   "%dot_22 = fadd i32 %dot_21, i32 %mul111_10" [flash_attention.cpp:112]   --->   Operation 695 'fadd' 'dot_22' <Predicate = (cmp102_11_read)> <Delay = 7.25> <CoreInst = "FAddSub_fulldsp">   --->   Core 18 'FAddSub_fulldsp' <Latency = 4> <II = 1> <Delay = 7.25> <FuncUnit> <Opcode : 'fadd' 'fsub'> <InPorts = 2> <OutPorts = 1>

State 78 <SV = 77> <Delay = 7.25>
ST_78 : Operation 696 [1/5] (7.25ns)   --->   "%dot_22 = fadd i32 %dot_21, i32 %mul111_10" [flash_attention.cpp:112]   --->   Operation 696 'fadd' 'dot_22' <Predicate = (cmp102_11_read)> <Delay = 7.25> <CoreInst = "FAddSub_fulldsp">   --->   Core 18 'FAddSub_fulldsp' <Latency = 4> <II = 1> <Delay = 7.25> <FuncUnit> <Opcode : 'fadd' 'fsub'> <InPorts = 2> <OutPorts = 1>

State 79 <SV = 78> <Delay = 0.69>
ST_79 : Operation 697 [1/1] (0.69ns)   --->   "%dot_23 = select i1 %cmp102_11_read, i32 %dot_22, i32 %dot_21" [flash_attention.cpp:112]   --->   Operation 697 'select' 'dot_23' <Predicate = true> <Delay = 0.69> <CoreInst = "Sel">   --->   Core 73 'Sel' <Latency = 0> <II = 1> <Delay = 0.69> <FuncUnit> <Opcode : 'select'> <InPorts = 3> <OutPorts = 1>

State 80 <SV = 79> <Delay = 7.25>
ST_80 : Operation 698 [5/5] (7.25ns)   --->   "%dot_24 = fadd i32 %dot_23, i32 %mul111_11" [flash_attention.cpp:112]   --->   Operation 698 'fadd' 'dot_24' <Predicate = (cmp102_12_read)> <Delay = 7.25> <CoreInst = "FAddSub_fulldsp">   --->   Core 18 'FAddSub_fulldsp' <Latency = 4> <II = 1> <Delay = 7.25> <FuncUnit> <Opcode : 'fadd' 'fsub'> <InPorts = 2> <OutPorts = 1>

State 81 <SV = 80> <Delay = 7.25>
ST_81 : Operation 699 [4/5] (7.25ns)   --->   "%dot_24 = fadd i32 %dot_23, i32 %mul111_11" [flash_attention.cpp:112]   --->   Operation 699 'fadd' 'dot_24' <Predicate = (cmp102_12_read)> <Delay = 7.25> <CoreInst = "FAddSub_fulldsp">   --->   Core 18 'FAddSub_fulldsp' <Latency = 4> <II = 1> <Delay = 7.25> <FuncUnit> <Opcode : 'fadd' 'fsub'> <InPorts = 2> <OutPorts = 1>

State 82 <SV = 81> <Delay = 7.25>
ST_82 : Operation 700 [3/5] (7.25ns)   --->   "%dot_24 = fadd i32 %dot_23, i32 %mul111_11" [flash_attention.cpp:112]   --->   Operation 700 'fadd' 'dot_24' <Predicate = (cmp102_12_read)> <Delay = 7.25> <CoreInst = "FAddSub_fulldsp">   --->   Core 18 'FAddSub_fulldsp' <Latency = 4> <II = 1> <Delay = 7.25> <FuncUnit> <Opcode : 'fadd' 'fsub'> <InPorts = 2> <OutPorts = 1>

State 83 <SV = 82> <Delay = 7.25>
ST_83 : Operation 701 [2/5] (7.25ns)   --->   "%dot_24 = fadd i32 %dot_23, i32 %mul111_11" [flash_attention.cpp:112]   --->   Operation 701 'fadd' 'dot_24' <Predicate = (cmp102_12_read)> <Delay = 7.25> <CoreInst = "FAddSub_fulldsp">   --->   Core 18 'FAddSub_fulldsp' <Latency = 4> <II = 1> <Delay = 7.25> <FuncUnit> <Opcode : 'fadd' 'fsub'> <InPorts = 2> <OutPorts = 1>

State 84 <SV = 83> <Delay = 7.25>
ST_84 : Operation 702 [1/5] (7.25ns)   --->   "%dot_24 = fadd i32 %dot_23, i32 %mul111_11" [flash_attention.cpp:112]   --->   Operation 702 'fadd' 'dot_24' <Predicate = (cmp102_12_read)> <Delay = 7.25> <CoreInst = "FAddSub_fulldsp">   --->   Core 18 'FAddSub_fulldsp' <Latency = 4> <II = 1> <Delay = 7.25> <FuncUnit> <Opcode : 'fadd' 'fsub'> <InPorts = 2> <OutPorts = 1>

State 85 <SV = 84> <Delay = 0.69>
ST_85 : Operation 703 [1/1] (0.69ns)   --->   "%dot_25 = select i1 %cmp102_12_read, i32 %dot_24, i32 %dot_23" [flash_attention.cpp:112]   --->   Operation 703 'select' 'dot_25' <Predicate = true> <Delay = 0.69> <CoreInst = "Sel">   --->   Core 73 'Sel' <Latency = 0> <II = 1> <Delay = 0.69> <FuncUnit> <Opcode : 'select'> <InPorts = 3> <OutPorts = 1>

State 86 <SV = 85> <Delay = 7.25>
ST_86 : Operation 704 [5/5] (7.25ns)   --->   "%dot_26 = fadd i32 %dot_25, i32 %mul111_12" [flash_attention.cpp:112]   --->   Operation 704 'fadd' 'dot_26' <Predicate = (cmp102_13_read)> <Delay = 7.25> <CoreInst = "FAddSub_fulldsp">   --->   Core 18 'FAddSub_fulldsp' <Latency = 4> <II = 1> <Delay = 7.25> <FuncUnit> <Opcode : 'fadd' 'fsub'> <InPorts = 2> <OutPorts = 1>

State 87 <SV = 86> <Delay = 7.25>
ST_87 : Operation 705 [4/5] (7.25ns)   --->   "%dot_26 = fadd i32 %dot_25, i32 %mul111_12" [flash_attention.cpp:112]   --->   Operation 705 'fadd' 'dot_26' <Predicate = (cmp102_13_read)> <Delay = 7.25> <CoreInst = "FAddSub_fulldsp">   --->   Core 18 'FAddSub_fulldsp' <Latency = 4> <II = 1> <Delay = 7.25> <FuncUnit> <Opcode : 'fadd' 'fsub'> <InPorts = 2> <OutPorts = 1>

State 88 <SV = 87> <Delay = 7.25>
ST_88 : Operation 706 [3/5] (7.25ns)   --->   "%dot_26 = fadd i32 %dot_25, i32 %mul111_12" [flash_attention.cpp:112]   --->   Operation 706 'fadd' 'dot_26' <Predicate = (cmp102_13_read)> <Delay = 7.25> <CoreInst = "FAddSub_fulldsp">   --->   Core 18 'FAddSub_fulldsp' <Latency = 4> <II = 1> <Delay = 7.25> <FuncUnit> <Opcode : 'fadd' 'fsub'> <InPorts = 2> <OutPorts = 1>

State 89 <SV = 88> <Delay = 7.25>
ST_89 : Operation 707 [2/5] (7.25ns)   --->   "%dot_26 = fadd i32 %dot_25, i32 %mul111_12" [flash_attention.cpp:112]   --->   Operation 707 'fadd' 'dot_26' <Predicate = (cmp102_13_read)> <Delay = 7.25> <CoreInst = "FAddSub_fulldsp">   --->   Core 18 'FAddSub_fulldsp' <Latency = 4> <II = 1> <Delay = 7.25> <FuncUnit> <Opcode : 'fadd' 'fsub'> <InPorts = 2> <OutPorts = 1>

State 90 <SV = 89> <Delay = 7.25>
ST_90 : Operation 708 [1/5] (7.25ns)   --->   "%dot_26 = fadd i32 %dot_25, i32 %mul111_12" [flash_attention.cpp:112]   --->   Operation 708 'fadd' 'dot_26' <Predicate = (cmp102_13_read)> <Delay = 7.25> <CoreInst = "FAddSub_fulldsp">   --->   Core 18 'FAddSub_fulldsp' <Latency = 4> <II = 1> <Delay = 7.25> <FuncUnit> <Opcode : 'fadd' 'fsub'> <InPorts = 2> <OutPorts = 1>

State 91 <SV = 90> <Delay = 0.69>
ST_91 : Operation 709 [1/1] (0.69ns)   --->   "%dot_27 = select i1 %cmp102_13_read, i32 %dot_26, i32 %dot_25" [flash_attention.cpp:112]   --->   Operation 709 'select' 'dot_27' <Predicate = true> <Delay = 0.69> <CoreInst = "Sel">   --->   Core 73 'Sel' <Latency = 0> <II = 1> <Delay = 0.69> <FuncUnit> <Opcode : 'select'> <InPorts = 3> <OutPorts = 1>

State 92 <SV = 91> <Delay = 7.25>
ST_92 : Operation 710 [5/5] (7.25ns)   --->   "%dot_28 = fadd i32 %dot_27, i32 %mul111_13" [flash_attention.cpp:112]   --->   Operation 710 'fadd' 'dot_28' <Predicate = (cmp102_14_read)> <Delay = 7.25> <CoreInst = "FAddSub_fulldsp">   --->   Core 18 'FAddSub_fulldsp' <Latency = 4> <II = 1> <Delay = 7.25> <FuncUnit> <Opcode : 'fadd' 'fsub'> <InPorts = 2> <OutPorts = 1>

State 93 <SV = 92> <Delay = 7.25>
ST_93 : Operation 711 [4/5] (7.25ns)   --->   "%dot_28 = fadd i32 %dot_27, i32 %mul111_13" [flash_attention.cpp:112]   --->   Operation 711 'fadd' 'dot_28' <Predicate = (cmp102_14_read)> <Delay = 7.25> <CoreInst = "FAddSub_fulldsp">   --->   Core 18 'FAddSub_fulldsp' <Latency = 4> <II = 1> <Delay = 7.25> <FuncUnit> <Opcode : 'fadd' 'fsub'> <InPorts = 2> <OutPorts = 1>

State 94 <SV = 93> <Delay = 7.25>
ST_94 : Operation 712 [3/5] (7.25ns)   --->   "%dot_28 = fadd i32 %dot_27, i32 %mul111_13" [flash_attention.cpp:112]   --->   Operation 712 'fadd' 'dot_28' <Predicate = (cmp102_14_read)> <Delay = 7.25> <CoreInst = "FAddSub_fulldsp">   --->   Core 18 'FAddSub_fulldsp' <Latency = 4> <II = 1> <Delay = 7.25> <FuncUnit> <Opcode : 'fadd' 'fsub'> <InPorts = 2> <OutPorts = 1>

State 95 <SV = 94> <Delay = 7.25>
ST_95 : Operation 713 [2/5] (7.25ns)   --->   "%dot_28 = fadd i32 %dot_27, i32 %mul111_13" [flash_attention.cpp:112]   --->   Operation 713 'fadd' 'dot_28' <Predicate = (cmp102_14_read)> <Delay = 7.25> <CoreInst = "FAddSub_fulldsp">   --->   Core 18 'FAddSub_fulldsp' <Latency = 4> <II = 1> <Delay = 7.25> <FuncUnit> <Opcode : 'fadd' 'fsub'> <InPorts = 2> <OutPorts = 1>

State 96 <SV = 95> <Delay = 7.25>
ST_96 : Operation 714 [1/5] (7.25ns)   --->   "%dot_28 = fadd i32 %dot_27, i32 %mul111_13" [flash_attention.cpp:112]   --->   Operation 714 'fadd' 'dot_28' <Predicate = (cmp102_14_read)> <Delay = 7.25> <CoreInst = "FAddSub_fulldsp">   --->   Core 18 'FAddSub_fulldsp' <Latency = 4> <II = 1> <Delay = 7.25> <FuncUnit> <Opcode : 'fadd' 'fsub'> <InPorts = 2> <OutPorts = 1>

State 97 <SV = 96> <Delay = 0.69>
ST_97 : Operation 715 [1/1] (0.69ns)   --->   "%dot_29 = select i1 %cmp102_14_read, i32 %dot_28, i32 %dot_27" [flash_attention.cpp:112]   --->   Operation 715 'select' 'dot_29' <Predicate = true> <Delay = 0.69> <CoreInst = "Sel">   --->   Core 73 'Sel' <Latency = 0> <II = 1> <Delay = 0.69> <FuncUnit> <Opcode : 'select'> <InPorts = 3> <OutPorts = 1>

State 98 <SV = 97> <Delay = 7.25>
ST_98 : Operation 716 [5/5] (7.25ns)   --->   "%dot_30 = fadd i32 %dot_29, i32 %mul111_14" [flash_attention.cpp:112]   --->   Operation 716 'fadd' 'dot_30' <Predicate = (icmp55_read)> <Delay = 7.25> <CoreInst = "FAddSub_fulldsp">   --->   Core 18 'FAddSub_fulldsp' <Latency = 4> <II = 1> <Delay = 7.25> <FuncUnit> <Opcode : 'fadd' 'fsub'> <InPorts = 2> <OutPorts = 1>

State 99 <SV = 98> <Delay = 7.25>
ST_99 : Operation 717 [4/5] (7.25ns)   --->   "%dot_30 = fadd i32 %dot_29, i32 %mul111_14" [flash_attention.cpp:112]   --->   Operation 717 'fadd' 'dot_30' <Predicate = (icmp55_read)> <Delay = 7.25> <CoreInst = "FAddSub_fulldsp">   --->   Core 18 'FAddSub_fulldsp' <Latency = 4> <II = 1> <Delay = 7.25> <FuncUnit> <Opcode : 'fadd' 'fsub'> <InPorts = 2> <OutPorts = 1>

State 100 <SV = 99> <Delay = 7.25>
ST_100 : Operation 718 [3/5] (7.25ns)   --->   "%dot_30 = fadd i32 %dot_29, i32 %mul111_14" [flash_attention.cpp:112]   --->   Operation 718 'fadd' 'dot_30' <Predicate = (icmp55_read)> <Delay = 7.25> <CoreInst = "FAddSub_fulldsp">   --->   Core 18 'FAddSub_fulldsp' <Latency = 4> <II = 1> <Delay = 7.25> <FuncUnit> <Opcode : 'fadd' 'fsub'> <InPorts = 2> <OutPorts = 1>

State 101 <SV = 100> <Delay = 7.25>
ST_101 : Operation 719 [2/5] (7.25ns)   --->   "%dot_30 = fadd i32 %dot_29, i32 %mul111_14" [flash_attention.cpp:112]   --->   Operation 719 'fadd' 'dot_30' <Predicate = (icmp55_read)> <Delay = 7.25> <CoreInst = "FAddSub_fulldsp">   --->   Core 18 'FAddSub_fulldsp' <Latency = 4> <II = 1> <Delay = 7.25> <FuncUnit> <Opcode : 'fadd' 'fsub'> <InPorts = 2> <OutPorts = 1>

State 102 <SV = 101> <Delay = 7.25>
ST_102 : Operation 720 [1/5] (7.25ns)   --->   "%dot_30 = fadd i32 %dot_29, i32 %mul111_14" [flash_attention.cpp:112]   --->   Operation 720 'fadd' 'dot_30' <Predicate = (icmp55_read)> <Delay = 7.25> <CoreInst = "FAddSub_fulldsp">   --->   Core 18 'FAddSub_fulldsp' <Latency = 4> <II = 1> <Delay = 7.25> <FuncUnit> <Opcode : 'fadd' 'fsub'> <InPorts = 2> <OutPorts = 1>

State 103 <SV = 102> <Delay = 0.69>
ST_103 : Operation 721 [1/1] (0.69ns)   --->   "%dot_31 = select i1 %icmp55_read, i32 %dot_30, i32 %dot_29" [flash_attention.cpp:112]   --->   Operation 721 'select' 'dot_31' <Predicate = true> <Delay = 0.69> <CoreInst = "Sel">   --->   Core 73 'Sel' <Latency = 0> <II = 1> <Delay = 0.69> <FuncUnit> <Opcode : 'select'> <InPorts = 3> <OutPorts = 1>

State 104 <SV = 103> <Delay = 7.25>
ST_104 : Operation 722 [5/5] (7.25ns)   --->   "%dot_32 = fadd i32 %dot_31, i32 %mul111_15" [flash_attention.cpp:112]   --->   Operation 722 'fadd' 'dot_32' <Predicate = (cmp102_16_read)> <Delay = 7.25> <CoreInst = "FAddSub_fulldsp">   --->   Core 18 'FAddSub_fulldsp' <Latency = 4> <II = 1> <Delay = 7.25> <FuncUnit> <Opcode : 'fadd' 'fsub'> <InPorts = 2> <OutPorts = 1>

State 105 <SV = 104> <Delay = 7.25>
ST_105 : Operation 723 [4/5] (7.25ns)   --->   "%dot_32 = fadd i32 %dot_31, i32 %mul111_15" [flash_attention.cpp:112]   --->   Operation 723 'fadd' 'dot_32' <Predicate = (cmp102_16_read)> <Delay = 7.25> <CoreInst = "FAddSub_fulldsp">   --->   Core 18 'FAddSub_fulldsp' <Latency = 4> <II = 1> <Delay = 7.25> <FuncUnit> <Opcode : 'fadd' 'fsub'> <InPorts = 2> <OutPorts = 1>

State 106 <SV = 105> <Delay = 7.25>
ST_106 : Operation 724 [3/5] (7.25ns)   --->   "%dot_32 = fadd i32 %dot_31, i32 %mul111_15" [flash_attention.cpp:112]   --->   Operation 724 'fadd' 'dot_32' <Predicate = (cmp102_16_read)> <Delay = 7.25> <CoreInst = "FAddSub_fulldsp">   --->   Core 18 'FAddSub_fulldsp' <Latency = 4> <II = 1> <Delay = 7.25> <FuncUnit> <Opcode : 'fadd' 'fsub'> <InPorts = 2> <OutPorts = 1>

State 107 <SV = 106> <Delay = 7.25>
ST_107 : Operation 725 [2/5] (7.25ns)   --->   "%dot_32 = fadd i32 %dot_31, i32 %mul111_15" [flash_attention.cpp:112]   --->   Operation 725 'fadd' 'dot_32' <Predicate = (cmp102_16_read)> <Delay = 7.25> <CoreInst = "FAddSub_fulldsp">   --->   Core 18 'FAddSub_fulldsp' <Latency = 4> <II = 1> <Delay = 7.25> <FuncUnit> <Opcode : 'fadd' 'fsub'> <InPorts = 2> <OutPorts = 1>

State 108 <SV = 107> <Delay = 7.25>
ST_108 : Operation 726 [1/5] (7.25ns)   --->   "%dot_32 = fadd i32 %dot_31, i32 %mul111_15" [flash_attention.cpp:112]   --->   Operation 726 'fadd' 'dot_32' <Predicate = (cmp102_16_read)> <Delay = 7.25> <CoreInst = "FAddSub_fulldsp">   --->   Core 18 'FAddSub_fulldsp' <Latency = 4> <II = 1> <Delay = 7.25> <FuncUnit> <Opcode : 'fadd' 'fsub'> <InPorts = 2> <OutPorts = 1>

State 109 <SV = 108> <Delay = 0.69>
ST_109 : Operation 727 [1/1] (0.69ns)   --->   "%dot_33 = select i1 %cmp102_16_read, i32 %dot_32, i32 %dot_31" [flash_attention.cpp:112]   --->   Operation 727 'select' 'dot_33' <Predicate = true> <Delay = 0.69> <CoreInst = "Sel">   --->   Core 73 'Sel' <Latency = 0> <II = 1> <Delay = 0.69> <FuncUnit> <Opcode : 'select'> <InPorts = 3> <OutPorts = 1>

State 110 <SV = 109> <Delay = 7.25>
ST_110 : Operation 728 [5/5] (7.25ns)   --->   "%dot_34 = fadd i32 %dot_33, i32 %mul111_16" [flash_attention.cpp:112]   --->   Operation 728 'fadd' 'dot_34' <Predicate = (cmp102_17_read)> <Delay = 7.25> <CoreInst = "FAddSub_fulldsp">   --->   Core 18 'FAddSub_fulldsp' <Latency = 4> <II = 1> <Delay = 7.25> <FuncUnit> <Opcode : 'fadd' 'fsub'> <InPorts = 2> <OutPorts = 1>

State 111 <SV = 110> <Delay = 7.25>
ST_111 : Operation 729 [4/5] (7.25ns)   --->   "%dot_34 = fadd i32 %dot_33, i32 %mul111_16" [flash_attention.cpp:112]   --->   Operation 729 'fadd' 'dot_34' <Predicate = (cmp102_17_read)> <Delay = 7.25> <CoreInst = "FAddSub_fulldsp">   --->   Core 18 'FAddSub_fulldsp' <Latency = 4> <II = 1> <Delay = 7.25> <FuncUnit> <Opcode : 'fadd' 'fsub'> <InPorts = 2> <OutPorts = 1>

State 112 <SV = 111> <Delay = 7.25>
ST_112 : Operation 730 [3/5] (7.25ns)   --->   "%dot_34 = fadd i32 %dot_33, i32 %mul111_16" [flash_attention.cpp:112]   --->   Operation 730 'fadd' 'dot_34' <Predicate = (cmp102_17_read)> <Delay = 7.25> <CoreInst = "FAddSub_fulldsp">   --->   Core 18 'FAddSub_fulldsp' <Latency = 4> <II = 1> <Delay = 7.25> <FuncUnit> <Opcode : 'fadd' 'fsub'> <InPorts = 2> <OutPorts = 1>

State 113 <SV = 112> <Delay = 7.25>
ST_113 : Operation 731 [2/5] (7.25ns)   --->   "%dot_34 = fadd i32 %dot_33, i32 %mul111_16" [flash_attention.cpp:112]   --->   Operation 731 'fadd' 'dot_34' <Predicate = (cmp102_17_read)> <Delay = 7.25> <CoreInst = "FAddSub_fulldsp">   --->   Core 18 'FAddSub_fulldsp' <Latency = 4> <II = 1> <Delay = 7.25> <FuncUnit> <Opcode : 'fadd' 'fsub'> <InPorts = 2> <OutPorts = 1>

State 114 <SV = 113> <Delay = 7.25>
ST_114 : Operation 732 [1/5] (7.25ns)   --->   "%dot_34 = fadd i32 %dot_33, i32 %mul111_16" [flash_attention.cpp:112]   --->   Operation 732 'fadd' 'dot_34' <Predicate = (cmp102_17_read)> <Delay = 7.25> <CoreInst = "FAddSub_fulldsp">   --->   Core 18 'FAddSub_fulldsp' <Latency = 4> <II = 1> <Delay = 7.25> <FuncUnit> <Opcode : 'fadd' 'fsub'> <InPorts = 2> <OutPorts = 1>

State 115 <SV = 114> <Delay = 0.69>
ST_115 : Operation 733 [1/1] (0.69ns)   --->   "%dot_35 = select i1 %cmp102_17_read, i32 %dot_34, i32 %dot_33" [flash_attention.cpp:112]   --->   Operation 733 'select' 'dot_35' <Predicate = true> <Delay = 0.69> <CoreInst = "Sel">   --->   Core 73 'Sel' <Latency = 0> <II = 1> <Delay = 0.69> <FuncUnit> <Opcode : 'select'> <InPorts = 3> <OutPorts = 1>

State 116 <SV = 115> <Delay = 7.25>
ST_116 : Operation 734 [5/5] (7.25ns)   --->   "%dot_36 = fadd i32 %dot_35, i32 %mul111_17" [flash_attention.cpp:112]   --->   Operation 734 'fadd' 'dot_36' <Predicate = (cmp102_18_read)> <Delay = 7.25> <CoreInst = "FAddSub_fulldsp">   --->   Core 18 'FAddSub_fulldsp' <Latency = 4> <II = 1> <Delay = 7.25> <FuncUnit> <Opcode : 'fadd' 'fsub'> <InPorts = 2> <OutPorts = 1>

State 117 <SV = 116> <Delay = 7.25>
ST_117 : Operation 735 [4/5] (7.25ns)   --->   "%dot_36 = fadd i32 %dot_35, i32 %mul111_17" [flash_attention.cpp:112]   --->   Operation 735 'fadd' 'dot_36' <Predicate = (cmp102_18_read)> <Delay = 7.25> <CoreInst = "FAddSub_fulldsp">   --->   Core 18 'FAddSub_fulldsp' <Latency = 4> <II = 1> <Delay = 7.25> <FuncUnit> <Opcode : 'fadd' 'fsub'> <InPorts = 2> <OutPorts = 1>

State 118 <SV = 117> <Delay = 7.25>
ST_118 : Operation 736 [3/5] (7.25ns)   --->   "%dot_36 = fadd i32 %dot_35, i32 %mul111_17" [flash_attention.cpp:112]   --->   Operation 736 'fadd' 'dot_36' <Predicate = (cmp102_18_read)> <Delay = 7.25> <CoreInst = "FAddSub_fulldsp">   --->   Core 18 'FAddSub_fulldsp' <Latency = 4> <II = 1> <Delay = 7.25> <FuncUnit> <Opcode : 'fadd' 'fsub'> <InPorts = 2> <OutPorts = 1>

State 119 <SV = 118> <Delay = 7.25>
ST_119 : Operation 737 [2/5] (7.25ns)   --->   "%dot_36 = fadd i32 %dot_35, i32 %mul111_17" [flash_attention.cpp:112]   --->   Operation 737 'fadd' 'dot_36' <Predicate = (cmp102_18_read)> <Delay = 7.25> <CoreInst = "FAddSub_fulldsp">   --->   Core 18 'FAddSub_fulldsp' <Latency = 4> <II = 1> <Delay = 7.25> <FuncUnit> <Opcode : 'fadd' 'fsub'> <InPorts = 2> <OutPorts = 1>

State 120 <SV = 119> <Delay = 7.25>
ST_120 : Operation 738 [1/5] (7.25ns)   --->   "%dot_36 = fadd i32 %dot_35, i32 %mul111_17" [flash_attention.cpp:112]   --->   Operation 738 'fadd' 'dot_36' <Predicate = (cmp102_18_read)> <Delay = 7.25> <CoreInst = "FAddSub_fulldsp">   --->   Core 18 'FAddSub_fulldsp' <Latency = 4> <II = 1> <Delay = 7.25> <FuncUnit> <Opcode : 'fadd' 'fsub'> <InPorts = 2> <OutPorts = 1>

State 121 <SV = 120> <Delay = 0.69>
ST_121 : Operation 739 [1/1] (0.69ns)   --->   "%dot_37 = select i1 %cmp102_18_read, i32 %dot_36, i32 %dot_35" [flash_attention.cpp:112]   --->   Operation 739 'select' 'dot_37' <Predicate = true> <Delay = 0.69> <CoreInst = "Sel">   --->   Core 73 'Sel' <Latency = 0> <II = 1> <Delay = 0.69> <FuncUnit> <Opcode : 'select'> <InPorts = 3> <OutPorts = 1>

State 122 <SV = 121> <Delay = 7.25>
ST_122 : Operation 740 [5/5] (7.25ns)   --->   "%dot_38 = fadd i32 %dot_37, i32 %mul111_18" [flash_attention.cpp:112]   --->   Operation 740 'fadd' 'dot_38' <Predicate = (cmp102_19_read)> <Delay = 7.25> <CoreInst = "FAddSub_fulldsp">   --->   Core 18 'FAddSub_fulldsp' <Latency = 4> <II = 1> <Delay = 7.25> <FuncUnit> <Opcode : 'fadd' 'fsub'> <InPorts = 2> <OutPorts = 1>

State 123 <SV = 122> <Delay = 7.25>
ST_123 : Operation 741 [4/5] (7.25ns)   --->   "%dot_38 = fadd i32 %dot_37, i32 %mul111_18" [flash_attention.cpp:112]   --->   Operation 741 'fadd' 'dot_38' <Predicate = (cmp102_19_read)> <Delay = 7.25> <CoreInst = "FAddSub_fulldsp">   --->   Core 18 'FAddSub_fulldsp' <Latency = 4> <II = 1> <Delay = 7.25> <FuncUnit> <Opcode : 'fadd' 'fsub'> <InPorts = 2> <OutPorts = 1>

State 124 <SV = 123> <Delay = 7.25>
ST_124 : Operation 742 [3/5] (7.25ns)   --->   "%dot_38 = fadd i32 %dot_37, i32 %mul111_18" [flash_attention.cpp:112]   --->   Operation 742 'fadd' 'dot_38' <Predicate = (cmp102_19_read)> <Delay = 7.25> <CoreInst = "FAddSub_fulldsp">   --->   Core 18 'FAddSub_fulldsp' <Latency = 4> <II = 1> <Delay = 7.25> <FuncUnit> <Opcode : 'fadd' 'fsub'> <InPorts = 2> <OutPorts = 1>

State 125 <SV = 124> <Delay = 7.25>
ST_125 : Operation 743 [2/5] (7.25ns)   --->   "%dot_38 = fadd i32 %dot_37, i32 %mul111_18" [flash_attention.cpp:112]   --->   Operation 743 'fadd' 'dot_38' <Predicate = (cmp102_19_read)> <Delay = 7.25> <CoreInst = "FAddSub_fulldsp">   --->   Core 18 'FAddSub_fulldsp' <Latency = 4> <II = 1> <Delay = 7.25> <FuncUnit> <Opcode : 'fadd' 'fsub'> <InPorts = 2> <OutPorts = 1>

State 126 <SV = 125> <Delay = 7.25>
ST_126 : Operation 744 [1/5] (7.25ns)   --->   "%dot_38 = fadd i32 %dot_37, i32 %mul111_18" [flash_attention.cpp:112]   --->   Operation 744 'fadd' 'dot_38' <Predicate = (cmp102_19_read)> <Delay = 7.25> <CoreInst = "FAddSub_fulldsp">   --->   Core 18 'FAddSub_fulldsp' <Latency = 4> <II = 1> <Delay = 7.25> <FuncUnit> <Opcode : 'fadd' 'fsub'> <InPorts = 2> <OutPorts = 1>

State 127 <SV = 126> <Delay = 0.69>
ST_127 : Operation 745 [1/1] (0.69ns)   --->   "%dot_39 = select i1 %cmp102_19_read, i32 %dot_38, i32 %dot_37" [flash_attention.cpp:112]   --->   Operation 745 'select' 'dot_39' <Predicate = true> <Delay = 0.69> <CoreInst = "Sel">   --->   Core 73 'Sel' <Latency = 0> <II = 1> <Delay = 0.69> <FuncUnit> <Opcode : 'select'> <InPorts = 3> <OutPorts = 1>

State 128 <SV = 127> <Delay = 7.25>
ST_128 : Operation 746 [5/5] (7.25ns)   --->   "%dot_40 = fadd i32 %dot_39, i32 %mul111_19" [flash_attention.cpp:112]   --->   Operation 746 'fadd' 'dot_40' <Predicate = (cmp102_20_read)> <Delay = 7.25> <CoreInst = "FAddSub_fulldsp">   --->   Core 18 'FAddSub_fulldsp' <Latency = 4> <II = 1> <Delay = 7.25> <FuncUnit> <Opcode : 'fadd' 'fsub'> <InPorts = 2> <OutPorts = 1>

State 129 <SV = 128> <Delay = 7.25>
ST_129 : Operation 747 [4/5] (7.25ns)   --->   "%dot_40 = fadd i32 %dot_39, i32 %mul111_19" [flash_attention.cpp:112]   --->   Operation 747 'fadd' 'dot_40' <Predicate = (cmp102_20_read)> <Delay = 7.25> <CoreInst = "FAddSub_fulldsp">   --->   Core 18 'FAddSub_fulldsp' <Latency = 4> <II = 1> <Delay = 7.25> <FuncUnit> <Opcode : 'fadd' 'fsub'> <InPorts = 2> <OutPorts = 1>

State 130 <SV = 129> <Delay = 7.25>
ST_130 : Operation 748 [3/5] (7.25ns)   --->   "%dot_40 = fadd i32 %dot_39, i32 %mul111_19" [flash_attention.cpp:112]   --->   Operation 748 'fadd' 'dot_40' <Predicate = (cmp102_20_read)> <Delay = 7.25> <CoreInst = "FAddSub_fulldsp">   --->   Core 18 'FAddSub_fulldsp' <Latency = 4> <II = 1> <Delay = 7.25> <FuncUnit> <Opcode : 'fadd' 'fsub'> <InPorts = 2> <OutPorts = 1>

State 131 <SV = 130> <Delay = 7.25>
ST_131 : Operation 749 [2/5] (7.25ns)   --->   "%dot_40 = fadd i32 %dot_39, i32 %mul111_19" [flash_attention.cpp:112]   --->   Operation 749 'fadd' 'dot_40' <Predicate = (cmp102_20_read)> <Delay = 7.25> <CoreInst = "FAddSub_fulldsp">   --->   Core 18 'FAddSub_fulldsp' <Latency = 4> <II = 1> <Delay = 7.25> <FuncUnit> <Opcode : 'fadd' 'fsub'> <InPorts = 2> <OutPorts = 1>

State 132 <SV = 131> <Delay = 7.25>
ST_132 : Operation 750 [1/5] (7.25ns)   --->   "%dot_40 = fadd i32 %dot_39, i32 %mul111_19" [flash_attention.cpp:112]   --->   Operation 750 'fadd' 'dot_40' <Predicate = (cmp102_20_read)> <Delay = 7.25> <CoreInst = "FAddSub_fulldsp">   --->   Core 18 'FAddSub_fulldsp' <Latency = 4> <II = 1> <Delay = 7.25> <FuncUnit> <Opcode : 'fadd' 'fsub'> <InPorts = 2> <OutPorts = 1>

State 133 <SV = 132> <Delay = 0.69>
ST_133 : Operation 751 [1/1] (0.69ns)   --->   "%dot_41 = select i1 %cmp102_20_read, i32 %dot_40, i32 %dot_39" [flash_attention.cpp:112]   --->   Operation 751 'select' 'dot_41' <Predicate = true> <Delay = 0.69> <CoreInst = "Sel">   --->   Core 73 'Sel' <Latency = 0> <II = 1> <Delay = 0.69> <FuncUnit> <Opcode : 'select'> <InPorts = 3> <OutPorts = 1>

State 134 <SV = 133> <Delay = 7.25>
ST_134 : Operation 752 [5/5] (7.25ns)   --->   "%dot_42 = fadd i32 %dot_41, i32 %mul111_20" [flash_attention.cpp:112]   --->   Operation 752 'fadd' 'dot_42' <Predicate = (cmp102_21_read)> <Delay = 7.25> <CoreInst = "FAddSub_fulldsp">   --->   Core 18 'FAddSub_fulldsp' <Latency = 4> <II = 1> <Delay = 7.25> <FuncUnit> <Opcode : 'fadd' 'fsub'> <InPorts = 2> <OutPorts = 1>

State 135 <SV = 134> <Delay = 7.25>
ST_135 : Operation 753 [4/5] (7.25ns)   --->   "%dot_42 = fadd i32 %dot_41, i32 %mul111_20" [flash_attention.cpp:112]   --->   Operation 753 'fadd' 'dot_42' <Predicate = (cmp102_21_read)> <Delay = 7.25> <CoreInst = "FAddSub_fulldsp">   --->   Core 18 'FAddSub_fulldsp' <Latency = 4> <II = 1> <Delay = 7.25> <FuncUnit> <Opcode : 'fadd' 'fsub'> <InPorts = 2> <OutPorts = 1>

State 136 <SV = 135> <Delay = 7.25>
ST_136 : Operation 754 [3/5] (7.25ns)   --->   "%dot_42 = fadd i32 %dot_41, i32 %mul111_20" [flash_attention.cpp:112]   --->   Operation 754 'fadd' 'dot_42' <Predicate = (cmp102_21_read)> <Delay = 7.25> <CoreInst = "FAddSub_fulldsp">   --->   Core 18 'FAddSub_fulldsp' <Latency = 4> <II = 1> <Delay = 7.25> <FuncUnit> <Opcode : 'fadd' 'fsub'> <InPorts = 2> <OutPorts = 1>

State 137 <SV = 136> <Delay = 7.25>
ST_137 : Operation 755 [2/5] (7.25ns)   --->   "%dot_42 = fadd i32 %dot_41, i32 %mul111_20" [flash_attention.cpp:112]   --->   Operation 755 'fadd' 'dot_42' <Predicate = (cmp102_21_read)> <Delay = 7.25> <CoreInst = "FAddSub_fulldsp">   --->   Core 18 'FAddSub_fulldsp' <Latency = 4> <II = 1> <Delay = 7.25> <FuncUnit> <Opcode : 'fadd' 'fsub'> <InPorts = 2> <OutPorts = 1>

State 138 <SV = 137> <Delay = 7.25>
ST_138 : Operation 756 [1/5] (7.25ns)   --->   "%dot_42 = fadd i32 %dot_41, i32 %mul111_20" [flash_attention.cpp:112]   --->   Operation 756 'fadd' 'dot_42' <Predicate = (cmp102_21_read)> <Delay = 7.25> <CoreInst = "FAddSub_fulldsp">   --->   Core 18 'FAddSub_fulldsp' <Latency = 4> <II = 1> <Delay = 7.25> <FuncUnit> <Opcode : 'fadd' 'fsub'> <InPorts = 2> <OutPorts = 1>

State 139 <SV = 138> <Delay = 0.69>
ST_139 : Operation 757 [1/1] (0.69ns)   --->   "%dot_43 = select i1 %cmp102_21_read, i32 %dot_42, i32 %dot_41" [flash_attention.cpp:112]   --->   Operation 757 'select' 'dot_43' <Predicate = true> <Delay = 0.69> <CoreInst = "Sel">   --->   Core 73 'Sel' <Latency = 0> <II = 1> <Delay = 0.69> <FuncUnit> <Opcode : 'select'> <InPorts = 3> <OutPorts = 1>

State 140 <SV = 139> <Delay = 7.25>
ST_140 : Operation 758 [5/5] (7.25ns)   --->   "%dot_44 = fadd i32 %dot_43, i32 %mul111_21" [flash_attention.cpp:112]   --->   Operation 758 'fadd' 'dot_44' <Predicate = (cmp102_22_read)> <Delay = 7.25> <CoreInst = "FAddSub_fulldsp">   --->   Core 18 'FAddSub_fulldsp' <Latency = 4> <II = 1> <Delay = 7.25> <FuncUnit> <Opcode : 'fadd' 'fsub'> <InPorts = 2> <OutPorts = 1>

State 141 <SV = 140> <Delay = 7.25>
ST_141 : Operation 759 [4/5] (7.25ns)   --->   "%dot_44 = fadd i32 %dot_43, i32 %mul111_21" [flash_attention.cpp:112]   --->   Operation 759 'fadd' 'dot_44' <Predicate = (cmp102_22_read)> <Delay = 7.25> <CoreInst = "FAddSub_fulldsp">   --->   Core 18 'FAddSub_fulldsp' <Latency = 4> <II = 1> <Delay = 7.25> <FuncUnit> <Opcode : 'fadd' 'fsub'> <InPorts = 2> <OutPorts = 1>

State 142 <SV = 141> <Delay = 7.25>
ST_142 : Operation 760 [3/5] (7.25ns)   --->   "%dot_44 = fadd i32 %dot_43, i32 %mul111_21" [flash_attention.cpp:112]   --->   Operation 760 'fadd' 'dot_44' <Predicate = (cmp102_22_read)> <Delay = 7.25> <CoreInst = "FAddSub_fulldsp">   --->   Core 18 'FAddSub_fulldsp' <Latency = 4> <II = 1> <Delay = 7.25> <FuncUnit> <Opcode : 'fadd' 'fsub'> <InPorts = 2> <OutPorts = 1>

State 143 <SV = 142> <Delay = 7.25>
ST_143 : Operation 761 [2/5] (7.25ns)   --->   "%dot_44 = fadd i32 %dot_43, i32 %mul111_21" [flash_attention.cpp:112]   --->   Operation 761 'fadd' 'dot_44' <Predicate = (cmp102_22_read)> <Delay = 7.25> <CoreInst = "FAddSub_fulldsp">   --->   Core 18 'FAddSub_fulldsp' <Latency = 4> <II = 1> <Delay = 7.25> <FuncUnit> <Opcode : 'fadd' 'fsub'> <InPorts = 2> <OutPorts = 1>

State 144 <SV = 143> <Delay = 7.25>
ST_144 : Operation 762 [1/5] (7.25ns)   --->   "%dot_44 = fadd i32 %dot_43, i32 %mul111_21" [flash_attention.cpp:112]   --->   Operation 762 'fadd' 'dot_44' <Predicate = (cmp102_22_read)> <Delay = 7.25> <CoreInst = "FAddSub_fulldsp">   --->   Core 18 'FAddSub_fulldsp' <Latency = 4> <II = 1> <Delay = 7.25> <FuncUnit> <Opcode : 'fadd' 'fsub'> <InPorts = 2> <OutPorts = 1>

State 145 <SV = 144> <Delay = 0.69>
ST_145 : Operation 763 [1/1] (0.69ns)   --->   "%dot_45 = select i1 %cmp102_22_read, i32 %dot_44, i32 %dot_43" [flash_attention.cpp:112]   --->   Operation 763 'select' 'dot_45' <Predicate = true> <Delay = 0.69> <CoreInst = "Sel">   --->   Core 73 'Sel' <Latency = 0> <II = 1> <Delay = 0.69> <FuncUnit> <Opcode : 'select'> <InPorts = 3> <OutPorts = 1>

State 146 <SV = 145> <Delay = 7.25>
ST_146 : Operation 764 [5/5] (7.25ns)   --->   "%dot_46 = fadd i32 %dot_45, i32 %mul111_22" [flash_attention.cpp:112]   --->   Operation 764 'fadd' 'dot_46' <Predicate = (cmp102_23_read)> <Delay = 7.25> <CoreInst = "FAddSub_fulldsp">   --->   Core 18 'FAddSub_fulldsp' <Latency = 4> <II = 1> <Delay = 7.25> <FuncUnit> <Opcode : 'fadd' 'fsub'> <InPorts = 2> <OutPorts = 1>

State 147 <SV = 146> <Delay = 7.25>
ST_147 : Operation 765 [4/5] (7.25ns)   --->   "%dot_46 = fadd i32 %dot_45, i32 %mul111_22" [flash_attention.cpp:112]   --->   Operation 765 'fadd' 'dot_46' <Predicate = (cmp102_23_read)> <Delay = 7.25> <CoreInst = "FAddSub_fulldsp">   --->   Core 18 'FAddSub_fulldsp' <Latency = 4> <II = 1> <Delay = 7.25> <FuncUnit> <Opcode : 'fadd' 'fsub'> <InPorts = 2> <OutPorts = 1>

State 148 <SV = 147> <Delay = 7.25>
ST_148 : Operation 766 [3/5] (7.25ns)   --->   "%dot_46 = fadd i32 %dot_45, i32 %mul111_22" [flash_attention.cpp:112]   --->   Operation 766 'fadd' 'dot_46' <Predicate = (cmp102_23_read)> <Delay = 7.25> <CoreInst = "FAddSub_fulldsp">   --->   Core 18 'FAddSub_fulldsp' <Latency = 4> <II = 1> <Delay = 7.25> <FuncUnit> <Opcode : 'fadd' 'fsub'> <InPorts = 2> <OutPorts = 1>

State 149 <SV = 148> <Delay = 7.25>
ST_149 : Operation 767 [2/5] (7.25ns)   --->   "%dot_46 = fadd i32 %dot_45, i32 %mul111_22" [flash_attention.cpp:112]   --->   Operation 767 'fadd' 'dot_46' <Predicate = (cmp102_23_read)> <Delay = 7.25> <CoreInst = "FAddSub_fulldsp">   --->   Core 18 'FAddSub_fulldsp' <Latency = 4> <II = 1> <Delay = 7.25> <FuncUnit> <Opcode : 'fadd' 'fsub'> <InPorts = 2> <OutPorts = 1>

State 150 <SV = 149> <Delay = 7.25>
ST_150 : Operation 768 [1/5] (7.25ns)   --->   "%dot_46 = fadd i32 %dot_45, i32 %mul111_22" [flash_attention.cpp:112]   --->   Operation 768 'fadd' 'dot_46' <Predicate = (cmp102_23_read)> <Delay = 7.25> <CoreInst = "FAddSub_fulldsp">   --->   Core 18 'FAddSub_fulldsp' <Latency = 4> <II = 1> <Delay = 7.25> <FuncUnit> <Opcode : 'fadd' 'fsub'> <InPorts = 2> <OutPorts = 1>

State 151 <SV = 150> <Delay = 0.69>
ST_151 : Operation 769 [1/1] (0.69ns)   --->   "%dot_47 = select i1 %cmp102_23_read, i32 %dot_46, i32 %dot_45" [flash_attention.cpp:112]   --->   Operation 769 'select' 'dot_47' <Predicate = true> <Delay = 0.69> <CoreInst = "Sel">   --->   Core 73 'Sel' <Latency = 0> <II = 1> <Delay = 0.69> <FuncUnit> <Opcode : 'select'> <InPorts = 3> <OutPorts = 1>

State 152 <SV = 151> <Delay = 7.25>
ST_152 : Operation 770 [5/5] (7.25ns)   --->   "%dot_48 = fadd i32 %dot_47, i32 %mul111_23" [flash_attention.cpp:112]   --->   Operation 770 'fadd' 'dot_48' <Predicate = (cmp102_24_read)> <Delay = 7.25> <CoreInst = "FAddSub_fulldsp">   --->   Core 18 'FAddSub_fulldsp' <Latency = 4> <II = 1> <Delay = 7.25> <FuncUnit> <Opcode : 'fadd' 'fsub'> <InPorts = 2> <OutPorts = 1>

State 153 <SV = 152> <Delay = 7.25>
ST_153 : Operation 771 [4/5] (7.25ns)   --->   "%dot_48 = fadd i32 %dot_47, i32 %mul111_23" [flash_attention.cpp:112]   --->   Operation 771 'fadd' 'dot_48' <Predicate = (cmp102_24_read)> <Delay = 7.25> <CoreInst = "FAddSub_fulldsp">   --->   Core 18 'FAddSub_fulldsp' <Latency = 4> <II = 1> <Delay = 7.25> <FuncUnit> <Opcode : 'fadd' 'fsub'> <InPorts = 2> <OutPorts = 1>

State 154 <SV = 153> <Delay = 7.25>
ST_154 : Operation 772 [3/5] (7.25ns)   --->   "%dot_48 = fadd i32 %dot_47, i32 %mul111_23" [flash_attention.cpp:112]   --->   Operation 772 'fadd' 'dot_48' <Predicate = (cmp102_24_read)> <Delay = 7.25> <CoreInst = "FAddSub_fulldsp">   --->   Core 18 'FAddSub_fulldsp' <Latency = 4> <II = 1> <Delay = 7.25> <FuncUnit> <Opcode : 'fadd' 'fsub'> <InPorts = 2> <OutPorts = 1>

State 155 <SV = 154> <Delay = 7.25>
ST_155 : Operation 773 [2/5] (7.25ns)   --->   "%dot_48 = fadd i32 %dot_47, i32 %mul111_23" [flash_attention.cpp:112]   --->   Operation 773 'fadd' 'dot_48' <Predicate = (cmp102_24_read)> <Delay = 7.25> <CoreInst = "FAddSub_fulldsp">   --->   Core 18 'FAddSub_fulldsp' <Latency = 4> <II = 1> <Delay = 7.25> <FuncUnit> <Opcode : 'fadd' 'fsub'> <InPorts = 2> <OutPorts = 1>

State 156 <SV = 155> <Delay = 7.25>
ST_156 : Operation 774 [1/5] (7.25ns)   --->   "%dot_48 = fadd i32 %dot_47, i32 %mul111_23" [flash_attention.cpp:112]   --->   Operation 774 'fadd' 'dot_48' <Predicate = (cmp102_24_read)> <Delay = 7.25> <CoreInst = "FAddSub_fulldsp">   --->   Core 18 'FAddSub_fulldsp' <Latency = 4> <II = 1> <Delay = 7.25> <FuncUnit> <Opcode : 'fadd' 'fsub'> <InPorts = 2> <OutPorts = 1>

State 157 <SV = 156> <Delay = 0.69>
ST_157 : Operation 775 [1/1] (0.69ns)   --->   "%dot_49 = select i1 %cmp102_24_read, i32 %dot_48, i32 %dot_47" [flash_attention.cpp:112]   --->   Operation 775 'select' 'dot_49' <Predicate = true> <Delay = 0.69> <CoreInst = "Sel">   --->   Core 73 'Sel' <Latency = 0> <II = 1> <Delay = 0.69> <FuncUnit> <Opcode : 'select'> <InPorts = 3> <OutPorts = 1>

State 158 <SV = 157> <Delay = 7.25>
ST_158 : Operation 776 [5/5] (7.25ns)   --->   "%dot_50 = fadd i32 %dot_49, i32 %mul111_24" [flash_attention.cpp:112]   --->   Operation 776 'fadd' 'dot_50' <Predicate = (cmp102_25_read)> <Delay = 7.25> <CoreInst = "FAddSub_fulldsp">   --->   Core 18 'FAddSub_fulldsp' <Latency = 4> <II = 1> <Delay = 7.25> <FuncUnit> <Opcode : 'fadd' 'fsub'> <InPorts = 2> <OutPorts = 1>

State 159 <SV = 158> <Delay = 7.25>
ST_159 : Operation 777 [4/5] (7.25ns)   --->   "%dot_50 = fadd i32 %dot_49, i32 %mul111_24" [flash_attention.cpp:112]   --->   Operation 777 'fadd' 'dot_50' <Predicate = (cmp102_25_read)> <Delay = 7.25> <CoreInst = "FAddSub_fulldsp">   --->   Core 18 'FAddSub_fulldsp' <Latency = 4> <II = 1> <Delay = 7.25> <FuncUnit> <Opcode : 'fadd' 'fsub'> <InPorts = 2> <OutPorts = 1>

State 160 <SV = 159> <Delay = 7.25>
ST_160 : Operation 778 [3/5] (7.25ns)   --->   "%dot_50 = fadd i32 %dot_49, i32 %mul111_24" [flash_attention.cpp:112]   --->   Operation 778 'fadd' 'dot_50' <Predicate = (cmp102_25_read)> <Delay = 7.25> <CoreInst = "FAddSub_fulldsp">   --->   Core 18 'FAddSub_fulldsp' <Latency = 4> <II = 1> <Delay = 7.25> <FuncUnit> <Opcode : 'fadd' 'fsub'> <InPorts = 2> <OutPorts = 1>

State 161 <SV = 160> <Delay = 7.25>
ST_161 : Operation 779 [2/5] (7.25ns)   --->   "%dot_50 = fadd i32 %dot_49, i32 %mul111_24" [flash_attention.cpp:112]   --->   Operation 779 'fadd' 'dot_50' <Predicate = (cmp102_25_read)> <Delay = 7.25> <CoreInst = "FAddSub_fulldsp">   --->   Core 18 'FAddSub_fulldsp' <Latency = 4> <II = 1> <Delay = 7.25> <FuncUnit> <Opcode : 'fadd' 'fsub'> <InPorts = 2> <OutPorts = 1>

State 162 <SV = 161> <Delay = 7.25>
ST_162 : Operation 780 [1/5] (7.25ns)   --->   "%dot_50 = fadd i32 %dot_49, i32 %mul111_24" [flash_attention.cpp:112]   --->   Operation 780 'fadd' 'dot_50' <Predicate = (cmp102_25_read)> <Delay = 7.25> <CoreInst = "FAddSub_fulldsp">   --->   Core 18 'FAddSub_fulldsp' <Latency = 4> <II = 1> <Delay = 7.25> <FuncUnit> <Opcode : 'fadd' 'fsub'> <InPorts = 2> <OutPorts = 1>

State 163 <SV = 162> <Delay = 0.69>
ST_163 : Operation 781 [1/1] (0.69ns)   --->   "%dot_51 = select i1 %cmp102_25_read, i32 %dot_50, i32 %dot_49" [flash_attention.cpp:112]   --->   Operation 781 'select' 'dot_51' <Predicate = true> <Delay = 0.69> <CoreInst = "Sel">   --->   Core 73 'Sel' <Latency = 0> <II = 1> <Delay = 0.69> <FuncUnit> <Opcode : 'select'> <InPorts = 3> <OutPorts = 1>

State 164 <SV = 163> <Delay = 7.25>
ST_164 : Operation 782 [5/5] (7.25ns)   --->   "%dot_52 = fadd i32 %dot_51, i32 %mul111_25" [flash_attention.cpp:112]   --->   Operation 782 'fadd' 'dot_52' <Predicate = (cmp102_26_read)> <Delay = 7.25> <CoreInst = "FAddSub_fulldsp">   --->   Core 18 'FAddSub_fulldsp' <Latency = 4> <II = 1> <Delay = 7.25> <FuncUnit> <Opcode : 'fadd' 'fsub'> <InPorts = 2> <OutPorts = 1>

State 165 <SV = 164> <Delay = 7.25>
ST_165 : Operation 783 [4/5] (7.25ns)   --->   "%dot_52 = fadd i32 %dot_51, i32 %mul111_25" [flash_attention.cpp:112]   --->   Operation 783 'fadd' 'dot_52' <Predicate = (cmp102_26_read)> <Delay = 7.25> <CoreInst = "FAddSub_fulldsp">   --->   Core 18 'FAddSub_fulldsp' <Latency = 4> <II = 1> <Delay = 7.25> <FuncUnit> <Opcode : 'fadd' 'fsub'> <InPorts = 2> <OutPorts = 1>

State 166 <SV = 165> <Delay = 7.25>
ST_166 : Operation 784 [3/5] (7.25ns)   --->   "%dot_52 = fadd i32 %dot_51, i32 %mul111_25" [flash_attention.cpp:112]   --->   Operation 784 'fadd' 'dot_52' <Predicate = (cmp102_26_read)> <Delay = 7.25> <CoreInst = "FAddSub_fulldsp">   --->   Core 18 'FAddSub_fulldsp' <Latency = 4> <II = 1> <Delay = 7.25> <FuncUnit> <Opcode : 'fadd' 'fsub'> <InPorts = 2> <OutPorts = 1>

State 167 <SV = 166> <Delay = 7.25>
ST_167 : Operation 785 [2/5] (7.25ns)   --->   "%dot_52 = fadd i32 %dot_51, i32 %mul111_25" [flash_attention.cpp:112]   --->   Operation 785 'fadd' 'dot_52' <Predicate = (cmp102_26_read)> <Delay = 7.25> <CoreInst = "FAddSub_fulldsp">   --->   Core 18 'FAddSub_fulldsp' <Latency = 4> <II = 1> <Delay = 7.25> <FuncUnit> <Opcode : 'fadd' 'fsub'> <InPorts = 2> <OutPorts = 1>

State 168 <SV = 167> <Delay = 7.25>
ST_168 : Operation 786 [1/5] (7.25ns)   --->   "%dot_52 = fadd i32 %dot_51, i32 %mul111_25" [flash_attention.cpp:112]   --->   Operation 786 'fadd' 'dot_52' <Predicate = (cmp102_26_read)> <Delay = 7.25> <CoreInst = "FAddSub_fulldsp">   --->   Core 18 'FAddSub_fulldsp' <Latency = 4> <II = 1> <Delay = 7.25> <FuncUnit> <Opcode : 'fadd' 'fsub'> <InPorts = 2> <OutPorts = 1>

State 169 <SV = 168> <Delay = 0.69>
ST_169 : Operation 787 [1/1] (0.69ns)   --->   "%dot_53 = select i1 %cmp102_26_read, i32 %dot_52, i32 %dot_51" [flash_attention.cpp:112]   --->   Operation 787 'select' 'dot_53' <Predicate = true> <Delay = 0.69> <CoreInst = "Sel">   --->   Core 73 'Sel' <Latency = 0> <II = 1> <Delay = 0.69> <FuncUnit> <Opcode : 'select'> <InPorts = 3> <OutPorts = 1>

State 170 <SV = 169> <Delay = 7.25>
ST_170 : Operation 788 [5/5] (7.25ns)   --->   "%dot_54 = fadd i32 %dot_53, i32 %mul111_26" [flash_attention.cpp:112]   --->   Operation 788 'fadd' 'dot_54' <Predicate = (cmp102_27_read)> <Delay = 7.25> <CoreInst = "FAddSub_fulldsp">   --->   Core 18 'FAddSub_fulldsp' <Latency = 4> <II = 1> <Delay = 7.25> <FuncUnit> <Opcode : 'fadd' 'fsub'> <InPorts = 2> <OutPorts = 1>

State 171 <SV = 170> <Delay = 7.25>
ST_171 : Operation 789 [4/5] (7.25ns)   --->   "%dot_54 = fadd i32 %dot_53, i32 %mul111_26" [flash_attention.cpp:112]   --->   Operation 789 'fadd' 'dot_54' <Predicate = (cmp102_27_read)> <Delay = 7.25> <CoreInst = "FAddSub_fulldsp">   --->   Core 18 'FAddSub_fulldsp' <Latency = 4> <II = 1> <Delay = 7.25> <FuncUnit> <Opcode : 'fadd' 'fsub'> <InPorts = 2> <OutPorts = 1>

State 172 <SV = 171> <Delay = 7.25>
ST_172 : Operation 790 [3/5] (7.25ns)   --->   "%dot_54 = fadd i32 %dot_53, i32 %mul111_26" [flash_attention.cpp:112]   --->   Operation 790 'fadd' 'dot_54' <Predicate = (cmp102_27_read)> <Delay = 7.25> <CoreInst = "FAddSub_fulldsp">   --->   Core 18 'FAddSub_fulldsp' <Latency = 4> <II = 1> <Delay = 7.25> <FuncUnit> <Opcode : 'fadd' 'fsub'> <InPorts = 2> <OutPorts = 1>

State 173 <SV = 172> <Delay = 7.25>
ST_173 : Operation 791 [2/5] (7.25ns)   --->   "%dot_54 = fadd i32 %dot_53, i32 %mul111_26" [flash_attention.cpp:112]   --->   Operation 791 'fadd' 'dot_54' <Predicate = (cmp102_27_read)> <Delay = 7.25> <CoreInst = "FAddSub_fulldsp">   --->   Core 18 'FAddSub_fulldsp' <Latency = 4> <II = 1> <Delay = 7.25> <FuncUnit> <Opcode : 'fadd' 'fsub'> <InPorts = 2> <OutPorts = 1>

State 174 <SV = 173> <Delay = 7.25>
ST_174 : Operation 792 [1/5] (7.25ns)   --->   "%dot_54 = fadd i32 %dot_53, i32 %mul111_26" [flash_attention.cpp:112]   --->   Operation 792 'fadd' 'dot_54' <Predicate = (cmp102_27_read)> <Delay = 7.25> <CoreInst = "FAddSub_fulldsp">   --->   Core 18 'FAddSub_fulldsp' <Latency = 4> <II = 1> <Delay = 7.25> <FuncUnit> <Opcode : 'fadd' 'fsub'> <InPorts = 2> <OutPorts = 1>

State 175 <SV = 174> <Delay = 0.69>
ST_175 : Operation 793 [1/1] (0.69ns)   --->   "%dot_55 = select i1 %cmp102_27_read, i32 %dot_54, i32 %dot_53" [flash_attention.cpp:112]   --->   Operation 793 'select' 'dot_55' <Predicate = true> <Delay = 0.69> <CoreInst = "Sel">   --->   Core 73 'Sel' <Latency = 0> <II = 1> <Delay = 0.69> <FuncUnit> <Opcode : 'select'> <InPorts = 3> <OutPorts = 1>

State 176 <SV = 175> <Delay = 7.25>
ST_176 : Operation 794 [5/5] (7.25ns)   --->   "%dot_56 = fadd i32 %dot_55, i32 %mul111_27" [flash_attention.cpp:112]   --->   Operation 794 'fadd' 'dot_56' <Predicate = (cmp102_28_read)> <Delay = 7.25> <CoreInst = "FAddSub_fulldsp">   --->   Core 18 'FAddSub_fulldsp' <Latency = 4> <II = 1> <Delay = 7.25> <FuncUnit> <Opcode : 'fadd' 'fsub'> <InPorts = 2> <OutPorts = 1>

State 177 <SV = 176> <Delay = 7.25>
ST_177 : Operation 795 [4/5] (7.25ns)   --->   "%dot_56 = fadd i32 %dot_55, i32 %mul111_27" [flash_attention.cpp:112]   --->   Operation 795 'fadd' 'dot_56' <Predicate = (cmp102_28_read)> <Delay = 7.25> <CoreInst = "FAddSub_fulldsp">   --->   Core 18 'FAddSub_fulldsp' <Latency = 4> <II = 1> <Delay = 7.25> <FuncUnit> <Opcode : 'fadd' 'fsub'> <InPorts = 2> <OutPorts = 1>

State 178 <SV = 177> <Delay = 7.25>
ST_178 : Operation 796 [3/5] (7.25ns)   --->   "%dot_56 = fadd i32 %dot_55, i32 %mul111_27" [flash_attention.cpp:112]   --->   Operation 796 'fadd' 'dot_56' <Predicate = (cmp102_28_read)> <Delay = 7.25> <CoreInst = "FAddSub_fulldsp">   --->   Core 18 'FAddSub_fulldsp' <Latency = 4> <II = 1> <Delay = 7.25> <FuncUnit> <Opcode : 'fadd' 'fsub'> <InPorts = 2> <OutPorts = 1>

State 179 <SV = 178> <Delay = 7.25>
ST_179 : Operation 797 [2/5] (7.25ns)   --->   "%dot_56 = fadd i32 %dot_55, i32 %mul111_27" [flash_attention.cpp:112]   --->   Operation 797 'fadd' 'dot_56' <Predicate = (cmp102_28_read)> <Delay = 7.25> <CoreInst = "FAddSub_fulldsp">   --->   Core 18 'FAddSub_fulldsp' <Latency = 4> <II = 1> <Delay = 7.25> <FuncUnit> <Opcode : 'fadd' 'fsub'> <InPorts = 2> <OutPorts = 1>

State 180 <SV = 179> <Delay = 7.25>
ST_180 : Operation 798 [1/5] (7.25ns)   --->   "%dot_56 = fadd i32 %dot_55, i32 %mul111_27" [flash_attention.cpp:112]   --->   Operation 798 'fadd' 'dot_56' <Predicate = (cmp102_28_read)> <Delay = 7.25> <CoreInst = "FAddSub_fulldsp">   --->   Core 18 'FAddSub_fulldsp' <Latency = 4> <II = 1> <Delay = 7.25> <FuncUnit> <Opcode : 'fadd' 'fsub'> <InPorts = 2> <OutPorts = 1>

State 181 <SV = 180> <Delay = 0.69>
ST_181 : Operation 799 [1/1] (0.69ns)   --->   "%dot_57 = select i1 %cmp102_28_read, i32 %dot_56, i32 %dot_55" [flash_attention.cpp:112]   --->   Operation 799 'select' 'dot_57' <Predicate = true> <Delay = 0.69> <CoreInst = "Sel">   --->   Core 73 'Sel' <Latency = 0> <II = 1> <Delay = 0.69> <FuncUnit> <Opcode : 'select'> <InPorts = 3> <OutPorts = 1>

State 182 <SV = 181> <Delay = 7.25>
ST_182 : Operation 800 [5/5] (7.25ns)   --->   "%dot_58 = fadd i32 %dot_57, i32 %mul111_28" [flash_attention.cpp:112]   --->   Operation 800 'fadd' 'dot_58' <Predicate = (cmp102_29_read)> <Delay = 7.25> <CoreInst = "FAddSub_fulldsp">   --->   Core 18 'FAddSub_fulldsp' <Latency = 4> <II = 1> <Delay = 7.25> <FuncUnit> <Opcode : 'fadd' 'fsub'> <InPorts = 2> <OutPorts = 1>

State 183 <SV = 182> <Delay = 7.25>
ST_183 : Operation 801 [4/5] (7.25ns)   --->   "%dot_58 = fadd i32 %dot_57, i32 %mul111_28" [flash_attention.cpp:112]   --->   Operation 801 'fadd' 'dot_58' <Predicate = (cmp102_29_read)> <Delay = 7.25> <CoreInst = "FAddSub_fulldsp">   --->   Core 18 'FAddSub_fulldsp' <Latency = 4> <II = 1> <Delay = 7.25> <FuncUnit> <Opcode : 'fadd' 'fsub'> <InPorts = 2> <OutPorts = 1>

State 184 <SV = 183> <Delay = 7.25>
ST_184 : Operation 802 [3/5] (7.25ns)   --->   "%dot_58 = fadd i32 %dot_57, i32 %mul111_28" [flash_attention.cpp:112]   --->   Operation 802 'fadd' 'dot_58' <Predicate = (cmp102_29_read)> <Delay = 7.25> <CoreInst = "FAddSub_fulldsp">   --->   Core 18 'FAddSub_fulldsp' <Latency = 4> <II = 1> <Delay = 7.25> <FuncUnit> <Opcode : 'fadd' 'fsub'> <InPorts = 2> <OutPorts = 1>

State 185 <SV = 184> <Delay = 7.25>
ST_185 : Operation 803 [2/5] (7.25ns)   --->   "%dot_58 = fadd i32 %dot_57, i32 %mul111_28" [flash_attention.cpp:112]   --->   Operation 803 'fadd' 'dot_58' <Predicate = (cmp102_29_read)> <Delay = 7.25> <CoreInst = "FAddSub_fulldsp">   --->   Core 18 'FAddSub_fulldsp' <Latency = 4> <II = 1> <Delay = 7.25> <FuncUnit> <Opcode : 'fadd' 'fsub'> <InPorts = 2> <OutPorts = 1>

State 186 <SV = 185> <Delay = 7.25>
ST_186 : Operation 804 [1/5] (7.25ns)   --->   "%dot_58 = fadd i32 %dot_57, i32 %mul111_28" [flash_attention.cpp:112]   --->   Operation 804 'fadd' 'dot_58' <Predicate = (cmp102_29_read)> <Delay = 7.25> <CoreInst = "FAddSub_fulldsp">   --->   Core 18 'FAddSub_fulldsp' <Latency = 4> <II = 1> <Delay = 7.25> <FuncUnit> <Opcode : 'fadd' 'fsub'> <InPorts = 2> <OutPorts = 1>

State 187 <SV = 186> <Delay = 0.69>
ST_187 : Operation 805 [1/1] (0.69ns)   --->   "%dot_59 = select i1 %cmp102_29_read, i32 %dot_58, i32 %dot_57" [flash_attention.cpp:112]   --->   Operation 805 'select' 'dot_59' <Predicate = true> <Delay = 0.69> <CoreInst = "Sel">   --->   Core 73 'Sel' <Latency = 0> <II = 1> <Delay = 0.69> <FuncUnit> <Opcode : 'select'> <InPorts = 3> <OutPorts = 1>

State 188 <SV = 187> <Delay = 7.25>
ST_188 : Operation 806 [5/5] (7.25ns)   --->   "%dot_60 = fadd i32 %dot_59, i32 %mul111_29" [flash_attention.cpp:112]   --->   Operation 806 'fadd' 'dot_60' <Predicate = (cmp102_30_read)> <Delay = 7.25> <CoreInst = "FAddSub_fulldsp">   --->   Core 18 'FAddSub_fulldsp' <Latency = 4> <II = 1> <Delay = 7.25> <FuncUnit> <Opcode : 'fadd' 'fsub'> <InPorts = 2> <OutPorts = 1>

State 189 <SV = 188> <Delay = 7.25>
ST_189 : Operation 807 [4/5] (7.25ns)   --->   "%dot_60 = fadd i32 %dot_59, i32 %mul111_29" [flash_attention.cpp:112]   --->   Operation 807 'fadd' 'dot_60' <Predicate = (cmp102_30_read)> <Delay = 7.25> <CoreInst = "FAddSub_fulldsp">   --->   Core 18 'FAddSub_fulldsp' <Latency = 4> <II = 1> <Delay = 7.25> <FuncUnit> <Opcode : 'fadd' 'fsub'> <InPorts = 2> <OutPorts = 1>

State 190 <SV = 189> <Delay = 7.25>
ST_190 : Operation 808 [3/5] (7.25ns)   --->   "%dot_60 = fadd i32 %dot_59, i32 %mul111_29" [flash_attention.cpp:112]   --->   Operation 808 'fadd' 'dot_60' <Predicate = (cmp102_30_read)> <Delay = 7.25> <CoreInst = "FAddSub_fulldsp">   --->   Core 18 'FAddSub_fulldsp' <Latency = 4> <II = 1> <Delay = 7.25> <FuncUnit> <Opcode : 'fadd' 'fsub'> <InPorts = 2> <OutPorts = 1>

State 191 <SV = 190> <Delay = 7.25>
ST_191 : Operation 809 [2/5] (7.25ns)   --->   "%dot_60 = fadd i32 %dot_59, i32 %mul111_29" [flash_attention.cpp:112]   --->   Operation 809 'fadd' 'dot_60' <Predicate = (cmp102_30_read)> <Delay = 7.25> <CoreInst = "FAddSub_fulldsp">   --->   Core 18 'FAddSub_fulldsp' <Latency = 4> <II = 1> <Delay = 7.25> <FuncUnit> <Opcode : 'fadd' 'fsub'> <InPorts = 2> <OutPorts = 1>

State 192 <SV = 191> <Delay = 7.25>
ST_192 : Operation 810 [1/5] (7.25ns)   --->   "%dot_60 = fadd i32 %dot_59, i32 %mul111_29" [flash_attention.cpp:112]   --->   Operation 810 'fadd' 'dot_60' <Predicate = (cmp102_30_read)> <Delay = 7.25> <CoreInst = "FAddSub_fulldsp">   --->   Core 18 'FAddSub_fulldsp' <Latency = 4> <II = 1> <Delay = 7.25> <FuncUnit> <Opcode : 'fadd' 'fsub'> <InPorts = 2> <OutPorts = 1>

State 193 <SV = 192> <Delay = 0.69>
ST_193 : Operation 811 [1/1] (0.69ns)   --->   "%dot_61 = select i1 %cmp102_30_read, i32 %dot_60, i32 %dot_59" [flash_attention.cpp:112]   --->   Operation 811 'select' 'dot_61' <Predicate = true> <Delay = 0.69> <CoreInst = "Sel">   --->   Core 73 'Sel' <Latency = 0> <II = 1> <Delay = 0.69> <FuncUnit> <Opcode : 'select'> <InPorts = 3> <OutPorts = 1>

State 194 <SV = 193> <Delay = 7.25>
ST_194 : Operation 812 [5/5] (7.25ns)   --->   "%dot_62 = fadd i32 %dot_61, i32 %mul111_30" [flash_attention.cpp:112]   --->   Operation 812 'fadd' 'dot_62' <Predicate = (icmp58_read)> <Delay = 7.25> <CoreInst = "FAddSub_fulldsp">   --->   Core 18 'FAddSub_fulldsp' <Latency = 4> <II = 1> <Delay = 7.25> <FuncUnit> <Opcode : 'fadd' 'fsub'> <InPorts = 2> <OutPorts = 1>

State 195 <SV = 194> <Delay = 7.25>
ST_195 : Operation 813 [4/5] (7.25ns)   --->   "%dot_62 = fadd i32 %dot_61, i32 %mul111_30" [flash_attention.cpp:112]   --->   Operation 813 'fadd' 'dot_62' <Predicate = (icmp58_read)> <Delay = 7.25> <CoreInst = "FAddSub_fulldsp">   --->   Core 18 'FAddSub_fulldsp' <Latency = 4> <II = 1> <Delay = 7.25> <FuncUnit> <Opcode : 'fadd' 'fsub'> <InPorts = 2> <OutPorts = 1>

State 196 <SV = 195> <Delay = 7.25>
ST_196 : Operation 814 [3/5] (7.25ns)   --->   "%dot_62 = fadd i32 %dot_61, i32 %mul111_30" [flash_attention.cpp:112]   --->   Operation 814 'fadd' 'dot_62' <Predicate = (icmp58_read)> <Delay = 7.25> <CoreInst = "FAddSub_fulldsp">   --->   Core 18 'FAddSub_fulldsp' <Latency = 4> <II = 1> <Delay = 7.25> <FuncUnit> <Opcode : 'fadd' 'fsub'> <InPorts = 2> <OutPorts = 1>

State 197 <SV = 196> <Delay = 7.25>
ST_197 : Operation 815 [2/5] (7.25ns)   --->   "%dot_62 = fadd i32 %dot_61, i32 %mul111_30" [flash_attention.cpp:112]   --->   Operation 815 'fadd' 'dot_62' <Predicate = (icmp58_read)> <Delay = 7.25> <CoreInst = "FAddSub_fulldsp">   --->   Core 18 'FAddSub_fulldsp' <Latency = 4> <II = 1> <Delay = 7.25> <FuncUnit> <Opcode : 'fadd' 'fsub'> <InPorts = 2> <OutPorts = 1>

State 198 <SV = 197> <Delay = 7.25>
ST_198 : Operation 816 [1/5] (7.25ns)   --->   "%dot_62 = fadd i32 %dot_61, i32 %mul111_30" [flash_attention.cpp:112]   --->   Operation 816 'fadd' 'dot_62' <Predicate = (icmp58_read)> <Delay = 7.25> <CoreInst = "FAddSub_fulldsp">   --->   Core 18 'FAddSub_fulldsp' <Latency = 4> <II = 1> <Delay = 7.25> <FuncUnit> <Opcode : 'fadd' 'fsub'> <InPorts = 2> <OutPorts = 1>

State 199 <SV = 198> <Delay = 6.40>
ST_199 : Operation 817 [1/1] (0.69ns)   --->   "%dot_63 = select i1 %icmp58_read, i32 %dot_62, i32 %dot_61" [flash_attention.cpp:112]   --->   Operation 817 'select' 'dot_63' <Predicate = true> <Delay = 0.69> <CoreInst = "Sel">   --->   Core 73 'Sel' <Latency = 0> <II = 1> <Delay = 0.69> <FuncUnit> <Opcode : 'select'> <InPorts = 3> <OutPorts = 1>
ST_199 : Operation 818 [4/4] (5.70ns)   --->   "%s = fmul i32 %dot_63, i32 %inv_sqrt_d_read" [flash_attention.cpp:115]   --->   Operation 818 'fmul' 's' <Predicate = true> <Delay = 5.70> <CoreInst = "FMul_maxdsp">   --->   Core 30 'FMul_maxdsp' <Latency = 3> <II = 1> <Delay = 5.70> <FuncUnit> <Opcode : 'fmul'> <InPorts = 2> <OutPorts = 1>

State 200 <SV = 199> <Delay = 5.70>
ST_200 : Operation 819 [3/4] (5.70ns)   --->   "%s = fmul i32 %dot_63, i32 %inv_sqrt_d_read" [flash_attention.cpp:115]   --->   Operation 819 'fmul' 's' <Predicate = true> <Delay = 5.70> <CoreInst = "FMul_maxdsp">   --->   Core 30 'FMul_maxdsp' <Latency = 3> <II = 1> <Delay = 5.70> <FuncUnit> <Opcode : 'fmul'> <InPorts = 2> <OutPorts = 1>

State 201 <SV = 200> <Delay = 5.70>
ST_201 : Operation 820 [2/4] (5.70ns)   --->   "%s = fmul i32 %dot_63, i32 %inv_sqrt_d_read" [flash_attention.cpp:115]   --->   Operation 820 'fmul' 's' <Predicate = true> <Delay = 5.70> <CoreInst = "FMul_maxdsp">   --->   Core 30 'FMul_maxdsp' <Latency = 3> <II = 1> <Delay = 5.70> <FuncUnit> <Opcode : 'fmul'> <InPorts = 2> <OutPorts = 1>

State 202 <SV = 201> <Delay = 6.68>
ST_202 : Operation 821 [1/4] (5.70ns)   --->   "%s = fmul i32 %dot_63, i32 %inv_sqrt_d_read" [flash_attention.cpp:115]   --->   Operation 821 'fmul' 's' <Predicate = true> <Delay = 5.70> <CoreInst = "FMul_maxdsp">   --->   Core 30 'FMul_maxdsp' <Latency = 3> <II = 1> <Delay = 5.70> <FuncUnit> <Opcode : 'fmul'> <InPorts = 2> <OutPorts = 1>
ST_202 : Operation 822 [1/1] (0.00ns) (grouped into LUT with out node s_1)   --->   "%and_ln119 = and i1 %tobool_read, i1 %icmp_ln119" [flash_attention.cpp:119]   --->   Operation 822 'and' 'and_ln119' <Predicate = true> <Delay = 0.00> <CoreInst = "LogicGate">   --->   Core 74 'LogicGate' <Latency = 0> <II = 1> <Delay = 0.97> <FuncUnit> <Opcode : 'and' 'or' 'xor'> <InPorts = 2> <OutPorts = 1>
ST_202 : Operation 823 [1/1] (0.97ns) (out node of the LUT)   --->   "%s_1 = select i1 %and_ln119, i32 -1e+30, i32 %s" [flash_attention.cpp:119]   --->   Operation 823 'select' 's_1' <Predicate = true> <Delay = 0.97> <CoreInst = "Sel">   --->   Core 73 'Sel' <Latency = 0> <II = 1> <Delay = 0.69> <FuncUnit> <Opcode : 'select'> <InPorts = 3> <OutPorts = 1>
ST_202 : Operation 830 [1/1] (0.00ns)   --->   "%ret_ln0 = ret"   --->   Operation 830 'ret' 'ret_ln0' <Predicate = (icmp_ln104)> <Delay = 0.00>

State 203 <SV = 202> <Delay = 3.25>
ST_203 : Operation 824 [1/1] (0.00ns)   --->   "%specloopname_ln0 = specloopname void @_ssdm_op_SpecLoopName, void @SCORE_LOOP_I_SCORE_LOOP_J_str"   --->   Operation 824 'specloopname' 'specloopname_ln0' <Predicate = true> <Delay = 0.00>
ST_203 : Operation 825 [1/1] (0.00ns)   --->   "%zext_ln123 = zext i6 %add_ln123" [flash_attention.cpp:123]   --->   Operation 825 'zext' 'zext_ln123' <Predicate = true> <Delay = 0.00>
ST_203 : Operation 826 [1/1] (0.00ns)   --->   "%scores_addr = getelementptr i32 %scores, i64 0, i64 %zext_ln123" [flash_attention.cpp:123]   --->   Operation 826 'getelementptr' 'scores_addr' <Predicate = true> <Delay = 0.00>
ST_203 : Operation 827 [1/1] (0.00ns)   --->   "%specpipeline_ln107 = specpipeline void @_ssdm_op_SpecPipeline, i32 1, i32 0, i32 0, i32 0, void @empty_22" [flash_attention.cpp:107]   --->   Operation 827 'specpipeline' 'specpipeline_ln107' <Predicate = true> <Delay = 0.00>
ST_203 : Operation 828 [1/1] (3.25ns)   --->   "%store_ln123 = store i32 %s_1, i6 %scores_addr" [flash_attention.cpp:123]   --->   Operation 828 'store' 'store_ln123' <Predicate = true> <Delay = 3.25> <CoreInst = "RAM">   --->   Core 82 'RAM' <Latency = 1> <II = 1> <Delay = 3.25> <Storage> <Opcode : 'load' 'store'> <Ports = 2> <Width = 32> <Depth = 64> <RAM>
ST_203 : Operation 829 [1/1] (0.00ns)   --->   "%br_ln106 = br void %SCORE_LOOP_X" [flash_attention.cpp:106]   --->   Operation 829 'br' 'br_ln106' <Predicate = true> <Delay = 0.00>


============================================================
+ Verbose Summary: Timing violations
============================================================
Target clock period: 10.000ns, clock uncertainty: 2.700ns.

 <State 1>: 1.588ns
The critical path consists of the following:
	'alloca' operation 63 bit ('indvar_flatten19') [50]  (0.000 ns)
	'store' operation 0 bit ('store_ln0') of constant 0 on local variable 'indvar_flatten19' [89]  (1.588 ns)

 <State 2>: 7.003ns
The critical path consists of the following:
	'load' operation 7 bit ('j', flash_attention.cpp:106) on local variable 'j', flash_attention.cpp:106 [94]  (0.000 ns)
	'icmp' operation 1 bit ('icmp_ln106', flash_attention.cpp:106) [97]  (2.552 ns)
	'select' operation 7 bit ('select_ln104', flash_attention.cpp:104) [105]  (0.993 ns)
	'add' operation 7 bit ('add_ln106', flash_attention.cpp:106) [379]  (1.870 ns)
	'store' operation 0 bit ('store_ln106', flash_attention.cpp:106) of variable 'add_ln106', flash_attention.cpp:106 on local variable 'j', flash_attention.cpp:106 [382]  (1.588 ns)

 <State 3>: 5.104ns
The critical path consists of the following:
	'add' operation 32 bit ('empty', flash_attention.cpp:104) [159]  (2.552 ns)
	'icmp' operation 1 bit ('icmp_ln119', flash_attention.cpp:119) [375]  (2.552 ns)

 <State 4>: 5.702ns
The critical path consists of the following:
	'fmul' operation 32 bit ('mul', flash_attention.cpp:112) [246]  (5.702 ns)

 <State 5>: 5.702ns
The critical path consists of the following:
	'fmul' operation 32 bit ('mul', flash_attention.cpp:112) [246]  (5.702 ns)

 <State 6>: 5.702ns
The critical path consists of the following:
	'fmul' operation 32 bit ('mul', flash_attention.cpp:112) [246]  (5.702 ns)

 <State 7>: 5.702ns
The critical path consists of the following:
	'fmul' operation 32 bit ('mul', flash_attention.cpp:112) [246]  (5.702 ns)

 <State 8>: 7.256ns
The critical path consists of the following:
	'fadd' operation 32 bit ('dot', flash_attention.cpp:112) [247]  (7.256 ns)

 <State 9>: 7.256ns
The critical path consists of the following:
	'fadd' operation 32 bit ('dot', flash_attention.cpp:112) [247]  (7.256 ns)

 <State 10>: 7.256ns
The critical path consists of the following:
	'fadd' operation 32 bit ('dot', flash_attention.cpp:112) [247]  (7.256 ns)

 <State 11>: 7.256ns
The critical path consists of the following:
	'fadd' operation 32 bit ('dot', flash_attention.cpp:112) [247]  (7.256 ns)

 <State 12>: 7.256ns
The critical path consists of the following:
	'fadd' operation 32 bit ('dot', flash_attention.cpp:112) [247]  (7.256 ns)

 <State 13>: 0.698ns
The critical path consists of the following:
	'select' operation 32 bit ('dot', flash_attention.cpp:112) [248]  (0.698 ns)

 <State 14>: 7.256ns
The critical path consists of the following:
	'fadd' operation 32 bit ('dot', flash_attention.cpp:112) [251]  (7.256 ns)

 <State 15>: 7.256ns
The critical path consists of the following:
	'fadd' operation 32 bit ('dot', flash_attention.cpp:112) [251]  (7.256 ns)

 <State 16>: 7.256ns
The critical path consists of the following:
	'fadd' operation 32 bit ('dot', flash_attention.cpp:112) [251]  (7.256 ns)

 <State 17>: 7.256ns
The critical path consists of the following:
	'fadd' operation 32 bit ('dot', flash_attention.cpp:112) [251]  (7.256 ns)

 <State 18>: 7.256ns
The critical path consists of the following:
	'fadd' operation 32 bit ('dot', flash_attention.cpp:112) [251]  (7.256 ns)

 <State 19>: 0.698ns
The critical path consists of the following:
	'select' operation 32 bit ('dot', flash_attention.cpp:112) [252]  (0.698 ns)

 <State 20>: 7.256ns
The critical path consists of the following:
	'fadd' operation 32 bit ('dot', flash_attention.cpp:112) [255]  (7.256 ns)

 <State 21>: 7.256ns
The critical path consists of the following:
	'fadd' operation 32 bit ('dot', flash_attention.cpp:112) [255]  (7.256 ns)

 <State 22>: 7.256ns
The critical path consists of the following:
	'fadd' operation 32 bit ('dot', flash_attention.cpp:112) [255]  (7.256 ns)

 <State 23>: 7.256ns
The critical path consists of the following:
	'fadd' operation 32 bit ('dot', flash_attention.cpp:112) [255]  (7.256 ns)

 <State 24>: 7.256ns
The critical path consists of the following:
	'fadd' operation 32 bit ('dot', flash_attention.cpp:112) [255]  (7.256 ns)

 <State 25>: 0.698ns
The critical path consists of the following:
	'select' operation 32 bit ('dot', flash_attention.cpp:112) [256]  (0.698 ns)

 <State 26>: 7.256ns
The critical path consists of the following:
	'fadd' operation 32 bit ('dot', flash_attention.cpp:112) [259]  (7.256 ns)

 <State 27>: 7.256ns
The critical path consists of the following:
	'fadd' operation 32 bit ('dot', flash_attention.cpp:112) [259]  (7.256 ns)

 <State 28>: 7.256ns
The critical path consists of the following:
	'fadd' operation 32 bit ('dot', flash_attention.cpp:112) [259]  (7.256 ns)

 <State 29>: 7.256ns
The critical path consists of the following:
	'fadd' operation 32 bit ('dot', flash_attention.cpp:112) [259]  (7.256 ns)

 <State 30>: 7.256ns
The critical path consists of the following:
	'fadd' operation 32 bit ('dot', flash_attention.cpp:112) [259]  (7.256 ns)

 <State 31>: 0.698ns
The critical path consists of the following:
	'select' operation 32 bit ('dot', flash_attention.cpp:112) [260]  (0.698 ns)

 <State 32>: 7.256ns
The critical path consists of the following:
	'fadd' operation 32 bit ('dot', flash_attention.cpp:112) [263]  (7.256 ns)

 <State 33>: 7.256ns
The critical path consists of the following:
	'fadd' operation 32 bit ('dot', flash_attention.cpp:112) [263]  (7.256 ns)

 <State 34>: 7.256ns
The critical path consists of the following:
	'fadd' operation 32 bit ('dot', flash_attention.cpp:112) [263]  (7.256 ns)

 <State 35>: 7.256ns
The critical path consists of the following:
	'fadd' operation 32 bit ('dot', flash_attention.cpp:112) [263]  (7.256 ns)

 <State 36>: 7.256ns
The critical path consists of the following:
	'fadd' operation 32 bit ('dot', flash_attention.cpp:112) [263]  (7.256 ns)

 <State 37>: 0.698ns
The critical path consists of the following:
	'select' operation 32 bit ('dot', flash_attention.cpp:112) [264]  (0.698 ns)

 <State 38>: 7.256ns
The critical path consists of the following:
	'fadd' operation 32 bit ('dot', flash_attention.cpp:112) [267]  (7.256 ns)

 <State 39>: 7.256ns
The critical path consists of the following:
	'fadd' operation 32 bit ('dot', flash_attention.cpp:112) [267]  (7.256 ns)

 <State 40>: 7.256ns
The critical path consists of the following:
	'fadd' operation 32 bit ('dot', flash_attention.cpp:112) [267]  (7.256 ns)

 <State 41>: 7.256ns
The critical path consists of the following:
	'fadd' operation 32 bit ('dot', flash_attention.cpp:112) [267]  (7.256 ns)

 <State 42>: 7.256ns
The critical path consists of the following:
	'fadd' operation 32 bit ('dot', flash_attention.cpp:112) [267]  (7.256 ns)

 <State 43>: 0.698ns
The critical path consists of the following:
	'select' operation 32 bit ('dot', flash_attention.cpp:112) [268]  (0.698 ns)

 <State 44>: 7.256ns
The critical path consists of the following:
	'fadd' operation 32 bit ('dot', flash_attention.cpp:112) [271]  (7.256 ns)

 <State 45>: 7.256ns
The critical path consists of the following:
	'fadd' operation 32 bit ('dot', flash_attention.cpp:112) [271]  (7.256 ns)

 <State 46>: 7.256ns
The critical path consists of the following:
	'fadd' operation 32 bit ('dot', flash_attention.cpp:112) [271]  (7.256 ns)

 <State 47>: 7.256ns
The critical path consists of the following:
	'fadd' operation 32 bit ('dot', flash_attention.cpp:112) [271]  (7.256 ns)

 <State 48>: 7.256ns
The critical path consists of the following:
	'fadd' operation 32 bit ('dot', flash_attention.cpp:112) [271]  (7.256 ns)

 <State 49>: 0.698ns
The critical path consists of the following:
	'select' operation 32 bit ('dot', flash_attention.cpp:112) [272]  (0.698 ns)

 <State 50>: 7.256ns
The critical path consists of the following:
	'fadd' operation 32 bit ('dot', flash_attention.cpp:112) [275]  (7.256 ns)

 <State 51>: 7.256ns
The critical path consists of the following:
	'fadd' operation 32 bit ('dot', flash_attention.cpp:112) [275]  (7.256 ns)

 <State 52>: 7.256ns
The critical path consists of the following:
	'fadd' operation 32 bit ('dot', flash_attention.cpp:112) [275]  (7.256 ns)

 <State 53>: 7.256ns
The critical path consists of the following:
	'fadd' operation 32 bit ('dot', flash_attention.cpp:112) [275]  (7.256 ns)

 <State 54>: 7.256ns
The critical path consists of the following:
	'fadd' operation 32 bit ('dot', flash_attention.cpp:112) [275]  (7.256 ns)

 <State 55>: 0.698ns
The critical path consists of the following:
	'select' operation 32 bit ('dot', flash_attention.cpp:112) [276]  (0.698 ns)

 <State 56>: 7.256ns
The critical path consists of the following:
	'fadd' operation 32 bit ('dot', flash_attention.cpp:112) [279]  (7.256 ns)

 <State 57>: 7.256ns
The critical path consists of the following:
	'fadd' operation 32 bit ('dot', flash_attention.cpp:112) [279]  (7.256 ns)

 <State 58>: 7.256ns
The critical path consists of the following:
	'fadd' operation 32 bit ('dot', flash_attention.cpp:112) [279]  (7.256 ns)

 <State 59>: 7.256ns
The critical path consists of the following:
	'fadd' operation 32 bit ('dot', flash_attention.cpp:112) [279]  (7.256 ns)

 <State 60>: 7.256ns
The critical path consists of the following:
	'fadd' operation 32 bit ('dot', flash_attention.cpp:112) [279]  (7.256 ns)

 <State 61>: 0.698ns
The critical path consists of the following:
	'select' operation 32 bit ('dot', flash_attention.cpp:112) [280]  (0.698 ns)

 <State 62>: 7.256ns
The critical path consists of the following:
	'fadd' operation 32 bit ('dot', flash_attention.cpp:112) [283]  (7.256 ns)

 <State 63>: 7.256ns
The critical path consists of the following:
	'fadd' operation 32 bit ('dot', flash_attention.cpp:112) [283]  (7.256 ns)

 <State 64>: 7.256ns
The critical path consists of the following:
	'fadd' operation 32 bit ('dot', flash_attention.cpp:112) [283]  (7.256 ns)

 <State 65>: 7.256ns
The critical path consists of the following:
	'fadd' operation 32 bit ('dot', flash_attention.cpp:112) [283]  (7.256 ns)

 <State 66>: 7.256ns
The critical path consists of the following:
	'fadd' operation 32 bit ('dot', flash_attention.cpp:112) [283]  (7.256 ns)

 <State 67>: 0.698ns
The critical path consists of the following:
	'select' operation 32 bit ('dot', flash_attention.cpp:112) [284]  (0.698 ns)

 <State 68>: 7.256ns
The critical path consists of the following:
	'fadd' operation 32 bit ('dot', flash_attention.cpp:112) [287]  (7.256 ns)

 <State 69>: 7.256ns
The critical path consists of the following:
	'fadd' operation 32 bit ('dot', flash_attention.cpp:112) [287]  (7.256 ns)

 <State 70>: 7.256ns
The critical path consists of the following:
	'fadd' operation 32 bit ('dot', flash_attention.cpp:112) [287]  (7.256 ns)

 <State 71>: 7.256ns
The critical path consists of the following:
	'fadd' operation 32 bit ('dot', flash_attention.cpp:112) [287]  (7.256 ns)

 <State 72>: 7.256ns
The critical path consists of the following:
	'fadd' operation 32 bit ('dot', flash_attention.cpp:112) [287]  (7.256 ns)

 <State 73>: 0.698ns
The critical path consists of the following:
	'select' operation 32 bit ('dot', flash_attention.cpp:112) [288]  (0.698 ns)

 <State 74>: 7.256ns
The critical path consists of the following:
	'fadd' operation 32 bit ('dot', flash_attention.cpp:112) [291]  (7.256 ns)

 <State 75>: 7.256ns
The critical path consists of the following:
	'fadd' operation 32 bit ('dot', flash_attention.cpp:112) [291]  (7.256 ns)

 <State 76>: 7.256ns
The critical path consists of the following:
	'fadd' operation 32 bit ('dot', flash_attention.cpp:112) [291]  (7.256 ns)

 <State 77>: 7.256ns
The critical path consists of the following:
	'fadd' operation 32 bit ('dot', flash_attention.cpp:112) [291]  (7.256 ns)

 <State 78>: 7.256ns
The critical path consists of the following:
	'fadd' operation 32 bit ('dot', flash_attention.cpp:112) [291]  (7.256 ns)

 <State 79>: 0.698ns
The critical path consists of the following:
	'select' operation 32 bit ('dot', flash_attention.cpp:112) [292]  (0.698 ns)

 <State 80>: 7.256ns
The critical path consists of the following:
	'fadd' operation 32 bit ('dot', flash_attention.cpp:112) [295]  (7.256 ns)

 <State 81>: 7.256ns
The critical path consists of the following:
	'fadd' operation 32 bit ('dot', flash_attention.cpp:112) [295]  (7.256 ns)

 <State 82>: 7.256ns
The critical path consists of the following:
	'fadd' operation 32 bit ('dot', flash_attention.cpp:112) [295]  (7.256 ns)

 <State 83>: 7.256ns
The critical path consists of the following:
	'fadd' operation 32 bit ('dot', flash_attention.cpp:112) [295]  (7.256 ns)

 <State 84>: 7.256ns
The critical path consists of the following:
	'fadd' operation 32 bit ('dot', flash_attention.cpp:112) [295]  (7.256 ns)

 <State 85>: 0.698ns
The critical path consists of the following:
	'select' operation 32 bit ('dot', flash_attention.cpp:112) [296]  (0.698 ns)

 <State 86>: 7.256ns
The critical path consists of the following:
	'fadd' operation 32 bit ('dot', flash_attention.cpp:112) [299]  (7.256 ns)

 <State 87>: 7.256ns
The critical path consists of the following:
	'fadd' operation 32 bit ('dot', flash_attention.cpp:112) [299]  (7.256 ns)

 <State 88>: 7.256ns
The critical path consists of the following:
	'fadd' operation 32 bit ('dot', flash_attention.cpp:112) [299]  (7.256 ns)

 <State 89>: 7.256ns
The critical path consists of the following:
	'fadd' operation 32 bit ('dot', flash_attention.cpp:112) [299]  (7.256 ns)

 <State 90>: 7.256ns
The critical path consists of the following:
	'fadd' operation 32 bit ('dot', flash_attention.cpp:112) [299]  (7.256 ns)

 <State 91>: 0.698ns
The critical path consists of the following:
	'select' operation 32 bit ('dot', flash_attention.cpp:112) [300]  (0.698 ns)

 <State 92>: 7.256ns
The critical path consists of the following:
	'fadd' operation 32 bit ('dot', flash_attention.cpp:112) [303]  (7.256 ns)

 <State 93>: 7.256ns
The critical path consists of the following:
	'fadd' operation 32 bit ('dot', flash_attention.cpp:112) [303]  (7.256 ns)

 <State 94>: 7.256ns
The critical path consists of the following:
	'fadd' operation 32 bit ('dot', flash_attention.cpp:112) [303]  (7.256 ns)

 <State 95>: 7.256ns
The critical path consists of the following:
	'fadd' operation 32 bit ('dot', flash_attention.cpp:112) [303]  (7.256 ns)

 <State 96>: 7.256ns
The critical path consists of the following:
	'fadd' operation 32 bit ('dot', flash_attention.cpp:112) [303]  (7.256 ns)

 <State 97>: 0.698ns
The critical path consists of the following:
	'select' operation 32 bit ('dot', flash_attention.cpp:112) [304]  (0.698 ns)

 <State 98>: 7.256ns
The critical path consists of the following:
	'fadd' operation 32 bit ('dot', flash_attention.cpp:112) [307]  (7.256 ns)

 <State 99>: 7.256ns
The critical path consists of the following:
	'fadd' operation 32 bit ('dot', flash_attention.cpp:112) [307]  (7.256 ns)

 <State 100>: 7.256ns
The critical path consists of the following:
	'fadd' operation 32 bit ('dot', flash_attention.cpp:112) [307]  (7.256 ns)

 <State 101>: 7.256ns
The critical path consists of the following:
	'fadd' operation 32 bit ('dot', flash_attention.cpp:112) [307]  (7.256 ns)

 <State 102>: 7.256ns
The critical path consists of the following:
	'fadd' operation 32 bit ('dot', flash_attention.cpp:112) [307]  (7.256 ns)

 <State 103>: 0.698ns
The critical path consists of the following:
	'select' operation 32 bit ('dot', flash_attention.cpp:112) [308]  (0.698 ns)

 <State 104>: 7.256ns
The critical path consists of the following:
	'fadd' operation 32 bit ('dot', flash_attention.cpp:112) [311]  (7.256 ns)

 <State 105>: 7.256ns
The critical path consists of the following:
	'fadd' operation 32 bit ('dot', flash_attention.cpp:112) [311]  (7.256 ns)

 <State 106>: 7.256ns
The critical path consists of the following:
	'fadd' operation 32 bit ('dot', flash_attention.cpp:112) [311]  (7.256 ns)

 <State 107>: 7.256ns
The critical path consists of the following:
	'fadd' operation 32 bit ('dot', flash_attention.cpp:112) [311]  (7.256 ns)

 <State 108>: 7.256ns
The critical path consists of the following:
	'fadd' operation 32 bit ('dot', flash_attention.cpp:112) [311]  (7.256 ns)

 <State 109>: 0.698ns
The critical path consists of the following:
	'select' operation 32 bit ('dot', flash_attention.cpp:112) [312]  (0.698 ns)

 <State 110>: 7.256ns
The critical path consists of the following:
	'fadd' operation 32 bit ('dot', flash_attention.cpp:112) [315]  (7.256 ns)

 <State 111>: 7.256ns
The critical path consists of the following:
	'fadd' operation 32 bit ('dot', flash_attention.cpp:112) [315]  (7.256 ns)

 <State 112>: 7.256ns
The critical path consists of the following:
	'fadd' operation 32 bit ('dot', flash_attention.cpp:112) [315]  (7.256 ns)

 <State 113>: 7.256ns
The critical path consists of the following:
	'fadd' operation 32 bit ('dot', flash_attention.cpp:112) [315]  (7.256 ns)

 <State 114>: 7.256ns
The critical path consists of the following:
	'fadd' operation 32 bit ('dot', flash_attention.cpp:112) [315]  (7.256 ns)

 <State 115>: 0.698ns
The critical path consists of the following:
	'select' operation 32 bit ('dot', flash_attention.cpp:112) [316]  (0.698 ns)

 <State 116>: 7.256ns
The critical path consists of the following:
	'fadd' operation 32 bit ('dot', flash_attention.cpp:112) [319]  (7.256 ns)

 <State 117>: 7.256ns
The critical path consists of the following:
	'fadd' operation 32 bit ('dot', flash_attention.cpp:112) [319]  (7.256 ns)

 <State 118>: 7.256ns
The critical path consists of the following:
	'fadd' operation 32 bit ('dot', flash_attention.cpp:112) [319]  (7.256 ns)

 <State 119>: 7.256ns
The critical path consists of the following:
	'fadd' operation 32 bit ('dot', flash_attention.cpp:112) [319]  (7.256 ns)

 <State 120>: 7.256ns
The critical path consists of the following:
	'fadd' operation 32 bit ('dot', flash_attention.cpp:112) [319]  (7.256 ns)

 <State 121>: 0.698ns
The critical path consists of the following:
	'select' operation 32 bit ('dot', flash_attention.cpp:112) [320]  (0.698 ns)

 <State 122>: 7.256ns
The critical path consists of the following:
	'fadd' operation 32 bit ('dot', flash_attention.cpp:112) [323]  (7.256 ns)

 <State 123>: 7.256ns
The critical path consists of the following:
	'fadd' operation 32 bit ('dot', flash_attention.cpp:112) [323]  (7.256 ns)

 <State 124>: 7.256ns
The critical path consists of the following:
	'fadd' operation 32 bit ('dot', flash_attention.cpp:112) [323]  (7.256 ns)

 <State 125>: 7.256ns
The critical path consists of the following:
	'fadd' operation 32 bit ('dot', flash_attention.cpp:112) [323]  (7.256 ns)

 <State 126>: 7.256ns
The critical path consists of the following:
	'fadd' operation 32 bit ('dot', flash_attention.cpp:112) [323]  (7.256 ns)

 <State 127>: 0.698ns
The critical path consists of the following:
	'select' operation 32 bit ('dot', flash_attention.cpp:112) [324]  (0.698 ns)

 <State 128>: 7.256ns
The critical path consists of the following:
	'fadd' operation 32 bit ('dot', flash_attention.cpp:112) [327]  (7.256 ns)

 <State 129>: 7.256ns
The critical path consists of the following:
	'fadd' operation 32 bit ('dot', flash_attention.cpp:112) [327]  (7.256 ns)

 <State 130>: 7.256ns
The critical path consists of the following:
	'fadd' operation 32 bit ('dot', flash_attention.cpp:112) [327]  (7.256 ns)

 <State 131>: 7.256ns
The critical path consists of the following:
	'fadd' operation 32 bit ('dot', flash_attention.cpp:112) [327]  (7.256 ns)

 <State 132>: 7.256ns
The critical path consists of the following:
	'fadd' operation 32 bit ('dot', flash_attention.cpp:112) [327]  (7.256 ns)

 <State 133>: 0.698ns
The critical path consists of the following:
	'select' operation 32 bit ('dot', flash_attention.cpp:112) [328]  (0.698 ns)

 <State 134>: 7.256ns
The critical path consists of the following:
	'fadd' operation 32 bit ('dot', flash_attention.cpp:112) [331]  (7.256 ns)

 <State 135>: 7.256ns
The critical path consists of the following:
	'fadd' operation 32 bit ('dot', flash_attention.cpp:112) [331]  (7.256 ns)

 <State 136>: 7.256ns
The critical path consists of the following:
	'fadd' operation 32 bit ('dot', flash_attention.cpp:112) [331]  (7.256 ns)

 <State 137>: 7.256ns
The critical path consists of the following:
	'fadd' operation 32 bit ('dot', flash_attention.cpp:112) [331]  (7.256 ns)

 <State 138>: 7.256ns
The critical path consists of the following:
	'fadd' operation 32 bit ('dot', flash_attention.cpp:112) [331]  (7.256 ns)

 <State 139>: 0.698ns
The critical path consists of the following:
	'select' operation 32 bit ('dot', flash_attention.cpp:112) [332]  (0.698 ns)

 <State 140>: 7.256ns
The critical path consists of the following:
	'fadd' operation 32 bit ('dot', flash_attention.cpp:112) [335]  (7.256 ns)

 <State 141>: 7.256ns
The critical path consists of the following:
	'fadd' operation 32 bit ('dot', flash_attention.cpp:112) [335]  (7.256 ns)

 <State 142>: 7.256ns
The critical path consists of the following:
	'fadd' operation 32 bit ('dot', flash_attention.cpp:112) [335]  (7.256 ns)

 <State 143>: 7.256ns
The critical path consists of the following:
	'fadd' operation 32 bit ('dot', flash_attention.cpp:112) [335]  (7.256 ns)

 <State 144>: 7.256ns
The critical path consists of the following:
	'fadd' operation 32 bit ('dot', flash_attention.cpp:112) [335]  (7.256 ns)

 <State 145>: 0.698ns
The critical path consists of the following:
	'select' operation 32 bit ('dot', flash_attention.cpp:112) [336]  (0.698 ns)

 <State 146>: 7.256ns
The critical path consists of the following:
	'fadd' operation 32 bit ('dot', flash_attention.cpp:112) [339]  (7.256 ns)

 <State 147>: 7.256ns
The critical path consists of the following:
	'fadd' operation 32 bit ('dot', flash_attention.cpp:112) [339]  (7.256 ns)

 <State 148>: 7.256ns
The critical path consists of the following:
	'fadd' operation 32 bit ('dot', flash_attention.cpp:112) [339]  (7.256 ns)

 <State 149>: 7.256ns
The critical path consists of the following:
	'fadd' operation 32 bit ('dot', flash_attention.cpp:112) [339]  (7.256 ns)

 <State 150>: 7.256ns
The critical path consists of the following:
	'fadd' operation 32 bit ('dot', flash_attention.cpp:112) [339]  (7.256 ns)

 <State 151>: 0.698ns
The critical path consists of the following:
	'select' operation 32 bit ('dot', flash_attention.cpp:112) [340]  (0.698 ns)

 <State 152>: 7.256ns
The critical path consists of the following:
	'fadd' operation 32 bit ('dot', flash_attention.cpp:112) [343]  (7.256 ns)

 <State 153>: 7.256ns
The critical path consists of the following:
	'fadd' operation 32 bit ('dot', flash_attention.cpp:112) [343]  (7.256 ns)

 <State 154>: 7.256ns
The critical path consists of the following:
	'fadd' operation 32 bit ('dot', flash_attention.cpp:112) [343]  (7.256 ns)

 <State 155>: 7.256ns
The critical path consists of the following:
	'fadd' operation 32 bit ('dot', flash_attention.cpp:112) [343]  (7.256 ns)

 <State 156>: 7.256ns
The critical path consists of the following:
	'fadd' operation 32 bit ('dot', flash_attention.cpp:112) [343]  (7.256 ns)

 <State 157>: 0.698ns
The critical path consists of the following:
	'select' operation 32 bit ('dot', flash_attention.cpp:112) [344]  (0.698 ns)

 <State 158>: 7.256ns
The critical path consists of the following:
	'fadd' operation 32 bit ('dot', flash_attention.cpp:112) [347]  (7.256 ns)

 <State 159>: 7.256ns
The critical path consists of the following:
	'fadd' operation 32 bit ('dot', flash_attention.cpp:112) [347]  (7.256 ns)

 <State 160>: 7.256ns
The critical path consists of the following:
	'fadd' operation 32 bit ('dot', flash_attention.cpp:112) [347]  (7.256 ns)

 <State 161>: 7.256ns
The critical path consists of the following:
	'fadd' operation 32 bit ('dot', flash_attention.cpp:112) [347]  (7.256 ns)

 <State 162>: 7.256ns
The critical path consists of the following:
	'fadd' operation 32 bit ('dot', flash_attention.cpp:112) [347]  (7.256 ns)

 <State 163>: 0.698ns
The critical path consists of the following:
	'select' operation 32 bit ('dot', flash_attention.cpp:112) [348]  (0.698 ns)

 <State 164>: 7.256ns
The critical path consists of the following:
	'fadd' operation 32 bit ('dot', flash_attention.cpp:112) [351]  (7.256 ns)

 <State 165>: 7.256ns
The critical path consists of the following:
	'fadd' operation 32 bit ('dot', flash_attention.cpp:112) [351]  (7.256 ns)

 <State 166>: 7.256ns
The critical path consists of the following:
	'fadd' operation 32 bit ('dot', flash_attention.cpp:112) [351]  (7.256 ns)

 <State 167>: 7.256ns
The critical path consists of the following:
	'fadd' operation 32 bit ('dot', flash_attention.cpp:112) [351]  (7.256 ns)

 <State 168>: 7.256ns
The critical path consists of the following:
	'fadd' operation 32 bit ('dot', flash_attention.cpp:112) [351]  (7.256 ns)

 <State 169>: 0.698ns
The critical path consists of the following:
	'select' operation 32 bit ('dot', flash_attention.cpp:112) [352]  (0.698 ns)

 <State 170>: 7.256ns
The critical path consists of the following:
	'fadd' operation 32 bit ('dot', flash_attention.cpp:112) [355]  (7.256 ns)

 <State 171>: 7.256ns
The critical path consists of the following:
	'fadd' operation 32 bit ('dot', flash_attention.cpp:112) [355]  (7.256 ns)

 <State 172>: 7.256ns
The critical path consists of the following:
	'fadd' operation 32 bit ('dot', flash_attention.cpp:112) [355]  (7.256 ns)

 <State 173>: 7.256ns
The critical path consists of the following:
	'fadd' operation 32 bit ('dot', flash_attention.cpp:112) [355]  (7.256 ns)

 <State 174>: 7.256ns
The critical path consists of the following:
	'fadd' operation 32 bit ('dot', flash_attention.cpp:112) [355]  (7.256 ns)

 <State 175>: 0.698ns
The critical path consists of the following:
	'select' operation 32 bit ('dot', flash_attention.cpp:112) [356]  (0.698 ns)

 <State 176>: 7.256ns
The critical path consists of the following:
	'fadd' operation 32 bit ('dot', flash_attention.cpp:112) [359]  (7.256 ns)

 <State 177>: 7.256ns
The critical path consists of the following:
	'fadd' operation 32 bit ('dot', flash_attention.cpp:112) [359]  (7.256 ns)

 <State 178>: 7.256ns
The critical path consists of the following:
	'fadd' operation 32 bit ('dot', flash_attention.cpp:112) [359]  (7.256 ns)

 <State 179>: 7.256ns
The critical path consists of the following:
	'fadd' operation 32 bit ('dot', flash_attention.cpp:112) [359]  (7.256 ns)

 <State 180>: 7.256ns
The critical path consists of the following:
	'fadd' operation 32 bit ('dot', flash_attention.cpp:112) [359]  (7.256 ns)

 <State 181>: 0.698ns
The critical path consists of the following:
	'select' operation 32 bit ('dot', flash_attention.cpp:112) [360]  (0.698 ns)

 <State 182>: 7.256ns
The critical path consists of the following:
	'fadd' operation 32 bit ('dot', flash_attention.cpp:112) [363]  (7.256 ns)

 <State 183>: 7.256ns
The critical path consists of the following:
	'fadd' operation 32 bit ('dot', flash_attention.cpp:112) [363]  (7.256 ns)

 <State 184>: 7.256ns
The critical path consists of the following:
	'fadd' operation 32 bit ('dot', flash_attention.cpp:112) [363]  (7.256 ns)

 <State 185>: 7.256ns
The critical path consists of the following:
	'fadd' operation 32 bit ('dot', flash_attention.cpp:112) [363]  (7.256 ns)

 <State 186>: 7.256ns
The critical path consists of the following:
	'fadd' operation 32 bit ('dot', flash_attention.cpp:112) [363]  (7.256 ns)

 <State 187>: 0.698ns
The critical path consists of the following:
	'select' operation 32 bit ('dot', flash_attention.cpp:112) [364]  (0.698 ns)

 <State 188>: 7.256ns
The critical path consists of the following:
	'fadd' operation 32 bit ('dot', flash_attention.cpp:112) [367]  (7.256 ns)

 <State 189>: 7.256ns
The critical path consists of the following:
	'fadd' operation 32 bit ('dot', flash_attention.cpp:112) [367]  (7.256 ns)

 <State 190>: 7.256ns
The critical path consists of the following:
	'fadd' operation 32 bit ('dot', flash_attention.cpp:112) [367]  (7.256 ns)

 <State 191>: 7.256ns
The critical path consists of the following:
	'fadd' operation 32 bit ('dot', flash_attention.cpp:112) [367]  (7.256 ns)

 <State 192>: 7.256ns
The critical path consists of the following:
	'fadd' operation 32 bit ('dot', flash_attention.cpp:112) [367]  (7.256 ns)

 <State 193>: 0.698ns
The critical path consists of the following:
	'select' operation 32 bit ('dot', flash_attention.cpp:112) [368]  (0.698 ns)

 <State 194>: 7.256ns
The critical path consists of the following:
	'fadd' operation 32 bit ('dot', flash_attention.cpp:112) [371]  (7.256 ns)

 <State 195>: 7.256ns
The critical path consists of the following:
	'fadd' operation 32 bit ('dot', flash_attention.cpp:112) [371]  (7.256 ns)

 <State 196>: 7.256ns
The critical path consists of the following:
	'fadd' operation 32 bit ('dot', flash_attention.cpp:112) [371]  (7.256 ns)

 <State 197>: 7.256ns
The critical path consists of the following:
	'fadd' operation 32 bit ('dot', flash_attention.cpp:112) [371]  (7.256 ns)

 <State 198>: 7.256ns
The critical path consists of the following:
	'fadd' operation 32 bit ('dot', flash_attention.cpp:112) [371]  (7.256 ns)

 <State 199>: 6.400ns
The critical path consists of the following:
	'select' operation 32 bit ('dot', flash_attention.cpp:112) [372]  (0.698 ns)
	'fmul' operation 32 bit ('s', flash_attention.cpp:115) [373]  (5.702 ns)

 <State 200>: 5.702ns
The critical path consists of the following:
	'fmul' operation 32 bit ('s', flash_attention.cpp:115) [373]  (5.702 ns)

 <State 201>: 5.702ns
The critical path consists of the following:
	'fmul' operation 32 bit ('s', flash_attention.cpp:115) [373]  (5.702 ns)

 <State 202>: 6.680ns
The critical path consists of the following:
	'fmul' operation 32 bit ('s', flash_attention.cpp:115) [373]  (5.702 ns)
	'select' operation 32 bit ('s', flash_attention.cpp:119) [377]  (0.978 ns)

 <State 203>: 3.254ns
The critical path consists of the following:
	'getelementptr' operation 6 bit ('scores_addr', flash_attention.cpp:123) [243]  (0.000 ns)
	'store' operation 0 bit ('store_ln123', flash_attention.cpp:123) of variable 's', flash_attention.cpp:119 on array 'scores' [378]  (3.254 ns)


============================================================
+ Verbose Summary: Binding
============================================================
N/A
* FSMD analyzer results:
  - Output states:
 - Input state : 
  - Chain level:
	State 1
	State 2
	State 3
	State 4
	State 5
	State 6
	State 7
	State 8
	State 9
	State 10
	State 11
	State 12
	State 13
	State 14
	State 15
	State 16
	State 17
	State 18
	State 19
	State 20
	State 21
	State 22
	State 23
	State 24
	State 25
	State 26
	State 27
	State 28
	State 29
	State 30
	State 31
	State 32
	State 33
	State 34
	State 35
	State 36
	State 37
	State 38
	State 39
	State 40
	State 41
	State 42
	State 43
	State 44
	State 45
	State 46
	State 47
	State 48
	State 49
	State 50
	State 51
	State 52
	State 53
	State 54
	State 55
	State 56
	State 57
	State 58
	State 59
	State 60
	State 61
	State 62
	State 63
	State 64
	State 65
	State 66
	State 67
	State 68
	State 69
	State 70
	State 71
	State 72
	State 73
	State 74
	State 75
	State 76
	State 77
	State 78
	State 79
	State 80
	State 81
	State 82
	State 83
	State 84
	State 85
	State 86
	State 87
	State 88
	State 89
	State 90
	State 91
	State 92
	State 93
	State 94
	State 95
	State 96
	State 97
	State 98
	State 99
	State 100
	State 101
	State 102
	State 103
	State 104
	State 105
	State 106
	State 107
	State 108
	State 109
	State 110
	State 111
	State 112
	State 113
	State 114
	State 115
	State 116
	State 117
	State 118
	State 119
	State 120
	State 121
	State 122
	State 123
	State 124
	State 125
	State 126
	State 127
	State 128
	State 129
	State 130
	State 131
	State 132
	State 133
	State 134
	State 135
	State 136
	State 137
	State 138
	State 139
	State 140
	State 141
	State 142
	State 143
	State 144
	State 145
	State 146
	State 147
	State 148
	State 149
	State 150
	State 151
	State 152
	State 153
	State 154
	State 155
	State 156
	State 157
	State 158
	State 159
	State 160
	State 161
	State 162
	State 163
	State 164
	State 165
	State 166
	State 167
	State 168
	State 169
	State 170
	State 171
	State 172
	State 173
	State 174
	State 175
	State 176
	State 177
	State 178
	State 179
	State 180
	State 181
	State 182
	State 183
	State 184
	State 185
	State 186
	State 187
	State 188
	State 189
	State 190
	State 191
	State 192
	State 193
	State 194
	State 195
	State 196
	State 197
	State 198
	State 199
	State 200
	State 201
	State 202
	State 203


============================================================
+ Verbose Summary: Datapath Resource usage 
============================================================
N/A
