

================================================================
== Vitis HLS Report for 'flash_attention_hls_Pipeline_STORE_O_VITIS_LOOP_188_5'
================================================================
* Date:           Fri May  8 14:39:24 2026

* Version:        2023.2 (Build 4023990 on Oct 11 2023)
* Project:        flash_attention_proj
* Solution:       solution1 (Vivado IP Flow Target)
* Product family: zynq
* Target device:  xc7z020-clg400-1


================================================================
== Performance Estimates
================================================================
+ Timing: 
    * Summary: 
    +--------+----------+----------+------------+
    |  Clock |  Target  | Estimated| Uncertainty|
    +--------+----------+----------+------------+
    |ap_clk  |  10.00 ns|  7.396 ns|     2.70 ns|
    +--------+----------+----------+------------+

+ Latency: 
    * Summary: 
    +---------+---------+----------+----------+-----+-----+---------+
    |  Latency (cycles) |  Latency (absolute) |  Interval | Pipeline|
    |   min   |   max   |    min   |    max   | min | max |   Type  |
    +---------+---------+----------+----------+-----+-----+---------+
    |        ?|        ?|         ?|         ?|    ?|    ?|       no|
    +---------+---------+----------+----------+-----+-----+---------+

    + Detail: 
        * Instance: 
        N/A

        * Loop: 
        +----------------------------+---------+---------+----------+-----------+-----------+------+----------+
        |                            |  Latency (cycles) | Iteration|  Initiation Interval  | Trip |          |
        |          Loop Name         |   min   |   max   |  Latency |  achieved |   target  | Count| Pipelined|
        +----------------------------+---------+---------+----------+-----------+-----------+------+----------+
        |- STORE_O_VITIS_LOOP_188_5  |        ?|        ?|         9|          1|          1|     ?|       yes|
        +----------------------------+---------+---------+----------+-----------+-----------+------+----------+



================================================================
== Utilization Estimates
================================================================
* Summary: 
+-----------------+---------+-----+--------+-------+-----+
|       Name      | BRAM_18K| DSP |   FF   |  LUT  | URAM|
+-----------------+---------+-----+--------+-------+-----+
|DSP              |        -|    -|       -|      -|    -|
|Expression       |        -|    -|       0|    444|    -|
|FIFO             |        -|    -|       -|      -|    -|
|Instance         |        -|    -|       0|     20|    -|
|Memory           |        -|    -|       -|      -|    -|
|Multiplexer      |        -|    -|       -|     90|    -|
|Register         |        -|    -|     356|     32|    -|
+-----------------+---------+-----+--------+-------+-----+
|Total            |        0|    0|     356|    586|    0|
+-----------------+---------+-----+--------+-------+-----+
|Available        |      280|  220|  106400|  53200|    0|
+-----------------+---------+-----+--------+-------+-----+
|Utilization (%)  |        0|    0|      ~0|      1|    0|
+-----------------+---------+-----+--------+-------+-----+

+ Detail: 
    * Instance: 
    +---------------------------+----------------------+---------+----+---+----+-----+
    |          Instance         |        Module        | BRAM_18K| DSP| FF| LUT| URAM|
    +---------------------------+----------------------+---------+----+---+----+-----+
    |sparsemux_9_2_32_1_1_U196  |sparsemux_9_2_32_1_1  |        0|   0|  0|  20|    0|
    +---------------------------+----------------------+---------+----+---+----+-----+
    |Total                      |                      |        0|   0|  0|  20|    0|
    +---------------------------+----------------------+---------+----+---+----+-----+

    * DSP: 
    N/A

    * Memory: 
    N/A

    * FIFO: 
    N/A

    * Expression: 
    +-----------------------------------+----------+----+---+----+------------+------------+
    |           Variable Name           | Operation| DSP| FF| LUT| Bitwidth P0| Bitwidth P1|
    +-----------------------------------+----------+----+---+----+------------+------------+
    |add_ln187_1_fu_381_p2              |         +|   0|  0|  39|          32|          32|
    |add_ln187_2_fu_398_p2              |         +|   0|  0|  71|          64|          64|
    |add_ln187_3_fu_274_p2              |         +|   0|  0|  71|          64|           1|
    |add_ln187_fu_283_p2                |         +|   0|  0|  13|           4|           1|
    |add_ln188_fu_349_p2                |         +|   0|  0|  38|          31|           1|
    |add_ln190_fu_343_p2                |         +|   0|  0|  14|           6|           6|
    |ap_block_pp0_stage0_01001          |       and|   0|  0|   2|           1|           1|
    |ap_block_state10_pp0_stage0_iter9  |       and|   0|  0|   2|           1|           1|
    |ap_block_state4_io                 |       and|   0|  0|   2|           1|           1|
    |icmp_ln187_fu_269_p2               |      icmp|   0|  0|  71|          64|          64|
    |icmp_ln188_1_fu_423_p2             |      icmp|   0|  0|  39|          32|          32|
    |icmp_ln188_fu_264_p2               |      icmp|   0|  0|  39|          32|          32|
    |ap_block_pp0_stage0_11001          |        or|   0|  0|   2|           1|           1|
    |or_ln187_fu_295_p2                 |        or|   0|  0|   2|           1|           1|
    |select_ln187_1_fu_309_p3           |    select|   0|  0|   4|           1|           4|
    |select_ln187_fu_301_p3             |    select|   0|  0|  31|           1|          31|
    |ap_enable_pp0                      |       xor|   0|  0|   2|           1|           2|
    |xor_ln187_fu_289_p2                |       xor|   0|  0|   2|           1|           2|
    +-----------------------------------+----------+----+---+----+------------+------------+
    |Total                              |          |   0|  0| 444|         338|         277|
    +-----------------------------------+----------+----+---+----+------------+------------+

    * Multiplexer: 
    +---------------------------------------+----+-----------+-----+-----------+
    |                  Name                 | LUT| Input Size| Bits| Total Bits|
    +---------------------------------------+----+-----------+-----+-----------+
    |ap_done_int                            |   9|          2|    1|          2|
    |ap_enable_reg_pp0_iter1                |   9|          2|    1|          2|
    |ap_enable_reg_pp0_iter2                |   9|          2|    1|          2|
    |ap_phi_mux_first_iter_3_phi_fu_227_p4  |   9|          2|    1|          2|
    |gmem3_blk_n_AW                         |   9|          2|    1|          2|
    |gmem3_blk_n_B                          |   9|          2|    1|          2|
    |gmem3_blk_n_W                          |   9|          2|    1|          2|
    |i_fu_114                               |   9|          2|    4|          8|
    |indvar_flatten44_fu_118                |   9|          2|   64|        128|
    |x_2_fu_110                             |   9|          2|   31|         62|
    +---------------------------------------+----+-----------+-----+-----------+
    |Total                                  |  90|         20|  106|        212|
    +---------------------------------------+----+-----------+-----+-----------+

    * Register: 
    +-----------------------------------+----+----+-----+-----------+
    |                Name               | FF | LUT| Bits| Const Bits|
    +-----------------------------------+----+----+-----+-----------+
    |add_ln188_reg_541                  |  31|   0|   31|          0|
    |add_ln190_reg_536                  |   6|   0|    6|          0|
    |ap_CS_fsm                          |   1|   0|    1|          0|
    |ap_done_reg                        |   1|   0|    1|          0|
    |ap_enable_reg_pp0_iter1            |   1|   0|    1|          0|
    |ap_enable_reg_pp0_iter2            |   1|   0|    1|          0|
    |ap_enable_reg_pp0_iter3            |   1|   0|    1|          0|
    |ap_enable_reg_pp0_iter4            |   1|   0|    1|          0|
    |ap_enable_reg_pp0_iter5            |   1|   0|    1|          0|
    |ap_enable_reg_pp0_iter6            |   1|   0|    1|          0|
    |ap_enable_reg_pp0_iter7            |   1|   0|    1|          0|
    |ap_enable_reg_pp0_iter8            |   1|   0|    1|          0|
    |ap_enable_reg_pp0_iter9            |   1|   0|    1|          0|
    |ap_loop_exit_ready_pp0_iter2_reg   |   1|   0|    1|          0|
    |ap_loop_exit_ready_pp0_iter3_reg   |   1|   0|    1|          0|
    |ap_loop_exit_ready_pp0_iter4_reg   |   1|   0|    1|          0|
    |ap_loop_exit_ready_pp0_iter5_reg   |   1|   0|    1|          0|
    |ap_loop_exit_ready_pp0_iter6_reg   |   1|   0|    1|          0|
    |ap_loop_exit_ready_pp0_iter7_reg   |   1|   0|    1|          0|
    |ap_loop_exit_ready_pp0_iter8_reg   |   1|   0|    1|          0|
    |first_iter_3_reg_223               |   1|   0|    1|          0|
    |i_fu_114                           |   4|   0|    4|          0|
    |icmp_ln187_reg_518                 |   1|   0|    1|          0|
    |icmp_ln188_1_reg_571               |   1|   0|    1|          0|
    |indvar_flatten44_fu_118            |  64|   0|   64|          0|
    |or_ln187_reg_522                   |   1|   0|    1|          0|
    |or_ln187_reg_522_pp0_iter2_reg     |   1|   0|    1|          0|
    |select_ln187_1_reg_526             |   4|   0|    4|          0|
    |sext_ln188_mid2_v_reg_546          |  62|   0|   62|          0|
    |tmp_1_reg_575                      |  32|   0|   32|          0|
    |trunc_ln188_reg_531                |   2|   0|    2|          0|
    |trunc_ln188_reg_531_pp0_iter2_reg  |   2|   0|    2|          0|
    |x_2_fu_110                         |  31|   0|   31|          0|
    |zext_ln63_cast_reg_513             |  31|   0|   32|          1|
    |icmp_ln188_1_reg_571               |  64|  32|    1|          0|
    +-----------------------------------+----+----+-----+-----------+
    |Total                              | 356|  32|  294|          1|
    +-----------------------------------+----+----+-----+-----------+



================================================================
== Interface
================================================================
* Summary: 
+----------------------+-----+-----+------------+-------------------------------------------------------+--------------+
|       RTL Ports      | Dir | Bits|  Protocol  |                     Source Object                     |    C Type    |
+----------------------+-----+-----+------------+-------------------------------------------------------+--------------+
|ap_clk                |   in|    1|  ap_ctrl_hs|  flash_attention_hls_Pipeline_STORE_O_VITIS_LOOP_188_5|  return value|
|ap_rst                |   in|    1|  ap_ctrl_hs|  flash_attention_hls_Pipeline_STORE_O_VITIS_LOOP_188_5|  return value|
|ap_start              |   in|    1|  ap_ctrl_hs|  flash_attention_hls_Pipeline_STORE_O_VITIS_LOOP_188_5|  return value|
|ap_done               |  out|    1|  ap_ctrl_hs|  flash_attention_hls_Pipeline_STORE_O_VITIS_LOOP_188_5|  return value|
|ap_idle               |  out|    1|  ap_ctrl_hs|  flash_attention_hls_Pipeline_STORE_O_VITIS_LOOP_188_5|  return value|
|ap_ready              |  out|    1|  ap_ctrl_hs|  flash_attention_hls_Pipeline_STORE_O_VITIS_LOOP_188_5|  return value|
|m_axi_gmem3_AWVALID   |  out|    1|       m_axi|                                                  gmem3|       pointer|
|m_axi_gmem3_AWREADY   |   in|    1|       m_axi|                                                  gmem3|       pointer|
|m_axi_gmem3_AWADDR    |  out|   64|       m_axi|                                                  gmem3|       pointer|
|m_axi_gmem3_AWID      |  out|    1|       m_axi|                                                  gmem3|       pointer|
|m_axi_gmem3_AWLEN     |  out|   32|       m_axi|                                                  gmem3|       pointer|
|m_axi_gmem3_AWSIZE    |  out|    3|       m_axi|                                                  gmem3|       pointer|
|m_axi_gmem3_AWBURST   |  out|    2|       m_axi|                                                  gmem3|       pointer|
|m_axi_gmem3_AWLOCK    |  out|    2|       m_axi|                                                  gmem3|       pointer|
|m_axi_gmem3_AWCACHE   |  out|    4|       m_axi|                                                  gmem3|       pointer|
|m_axi_gmem3_AWPROT    |  out|    3|       m_axi|                                                  gmem3|       pointer|
|m_axi_gmem3_AWQOS     |  out|    4|       m_axi|                                                  gmem3|       pointer|
|m_axi_gmem3_AWREGION  |  out|    4|       m_axi|                                                  gmem3|       pointer|
|m_axi_gmem3_AWUSER    |  out|    1|       m_axi|                                                  gmem3|       pointer|
|m_axi_gmem3_WVALID    |  out|    1|       m_axi|                                                  gmem3|       pointer|
|m_axi_gmem3_WREADY    |   in|    1|       m_axi|                                                  gmem3|       pointer|
|m_axi_gmem3_WDATA     |  out|   32|       m_axi|                                                  gmem3|       pointer|
|m_axi_gmem3_WSTRB     |  out|    4|       m_axi|                                                  gmem3|       pointer|
|m_axi_gmem3_WLAST     |  out|    1|       m_axi|                                                  gmem3|       pointer|
|m_axi_gmem3_WID       |  out|    1|       m_axi|                                                  gmem3|       pointer|
|m_axi_gmem3_WUSER     |  out|    1|       m_axi|                                                  gmem3|       pointer|
|m_axi_gmem3_ARVALID   |  out|    1|       m_axi|                                                  gmem3|       pointer|
|m_axi_gmem3_ARREADY   |   in|    1|       m_axi|                                                  gmem3|       pointer|
|m_axi_gmem3_ARADDR    |  out|   64|       m_axi|                                                  gmem3|       pointer|
|m_axi_gmem3_ARID      |  out|    1|       m_axi|                                                  gmem3|       pointer|
|m_axi_gmem3_ARLEN     |  out|   32|       m_axi|                                                  gmem3|       pointer|
|m_axi_gmem3_ARSIZE    |  out|    3|       m_axi|                                                  gmem3|       pointer|
|m_axi_gmem3_ARBURST   |  out|    2|       m_axi|                                                  gmem3|       pointer|
|m_axi_gmem3_ARLOCK    |  out|    2|       m_axi|                                                  gmem3|       pointer|
|m_axi_gmem3_ARCACHE   |  out|    4|       m_axi|                                                  gmem3|       pointer|
|m_axi_gmem3_ARPROT    |  out|    3|       m_axi|                                                  gmem3|       pointer|
|m_axi_gmem3_ARQOS     |  out|    4|       m_axi|                                                  gmem3|       pointer|
|m_axi_gmem3_ARREGION  |  out|    4|       m_axi|                                                  gmem3|       pointer|
|m_axi_gmem3_ARUSER    |  out|    1|       m_axi|                                                  gmem3|       pointer|
|m_axi_gmem3_RVALID    |   in|    1|       m_axi|                                                  gmem3|       pointer|
|m_axi_gmem3_RREADY    |  out|    1|       m_axi|                                                  gmem3|       pointer|
|m_axi_gmem3_RDATA     |   in|   32|       m_axi|                                                  gmem3|       pointer|
|m_axi_gmem3_RLAST     |   in|    1|       m_axi|                                                  gmem3|       pointer|
|m_axi_gmem3_RID       |   in|    1|       m_axi|                                                  gmem3|       pointer|
|m_axi_gmem3_RFIFONUM  |   in|    9|       m_axi|                                                  gmem3|       pointer|
|m_axi_gmem3_RUSER     |   in|    1|       m_axi|                                                  gmem3|       pointer|
|m_axi_gmem3_RRESP     |   in|    2|       m_axi|                                                  gmem3|       pointer|
|m_axi_gmem3_BVALID    |   in|    1|       m_axi|                                                  gmem3|       pointer|
|m_axi_gmem3_BREADY    |  out|    1|       m_axi|                                                  gmem3|       pointer|
|m_axi_gmem3_BRESP     |   in|    2|       m_axi|                                                  gmem3|       pointer|
|m_axi_gmem3_BID       |   in|    1|       m_axi|                                                  gmem3|       pointer|
|m_axi_gmem3_BUSER     |   in|    1|       m_axi|                                                  gmem3|       pointer|
|d                     |   in|   32|     ap_none|                                                      d|        scalar|
|mul_ln187             |   in|   64|     ap_none|                                              mul_ln187|        scalar|
|acc_address0          |  out|    6|   ap_memory|                                                    acc|         array|
|acc_ce0               |  out|    1|   ap_memory|                                                    acc|         array|
|acc_q0                |   in|   32|   ap_memory|                                                    acc|         array|
|acc_1_address0        |  out|    6|   ap_memory|                                                  acc_1|         array|
|acc_1_ce0             |  out|    1|   ap_memory|                                                  acc_1|         array|
|acc_1_q0              |   in|   32|   ap_memory|                                                  acc_1|         array|
|acc_2_address0        |  out|    6|   ap_memory|                                                  acc_2|         array|
|acc_2_ce0             |  out|    1|   ap_memory|                                                  acc_2|         array|
|acc_2_q0              |   in|   32|   ap_memory|                                                  acc_2|         array|
|acc_3_address0        |  out|    6|   ap_memory|                                                  acc_3|         array|
|acc_3_ce0             |  out|    1|   ap_memory|                                                  acc_3|         array|
|acc_3_q0              |   in|   32|   ap_memory|                                                  acc_3|         array|
|zext_ln63             |   in|   31|     ap_none|                                              zext_ln63|        scalar|
|shl_ln68_2            |   in|   32|     ap_none|                                             shl_ln68_2|        scalar|
|O                     |   in|   64|     ap_none|                                                      O|        scalar|
+----------------------+-----+-----+------------+-------------------------------------------------------+--------------+

============================================================
+ Verbose Summary: Synthesis Manager
============================================================
InlineROM: 1
ExposeGlobal: 0
============================================================
+ Verbose Summary: CDFG Model
============================================================
IsTopModel: 0
ResetActiveHigh: 1
IsCombinational: 2
IsDatapathOnly: 2
HasWiredReturn: 1
HasMFsm: 2
HasVarLatency: 1
IsPipeline: 0
IsRtlPipelined: 0
IsInstanceOverlapped: 0
IsDontTouch: 0
HasImplIP: 0
IsGatedGlobalClock: 0

+ Individual pipeline summary: 
  * Pipeline-0: initiation interval (II) = 1, depth = 10


============================================================
+ Verbose Summary: Schedule
============================================================
* Number of FSM states : 10
* Pipeline : 1
  Pipeline-0 : II = 1, D = 10, States = { 1 2 3 4 5 6 7 8 9 10 }
* Dataflow Pipeline: 0

* FSM state transitions: 
1 --> 2 
2 --> 3 
3 --> 4 
4 --> 5 
5 --> 6 
6 --> 7 
7 --> 8 
8 --> 9 
9 --> 10 
10 --> 

* FSM state operations: 

State 1 <SV = 0> <Delay = 1.58>
ST_1 : Operation 12 [1/1] (0.00ns)   --->   "%x_2 = alloca i32 1" [flash_attention.cpp:188]   --->   Operation 12 'alloca' 'x_2' <Predicate = true> <Delay = 0.00>
ST_1 : Operation 13 [1/1] (0.00ns)   --->   "%i = alloca i32 1" [flash_attention.cpp:187]   --->   Operation 13 'alloca' 'i' <Predicate = true> <Delay = 0.00>
ST_1 : Operation 14 [1/1] (0.00ns)   --->   "%indvar_flatten44 = alloca i32 1"   --->   Operation 14 'alloca' 'indvar_flatten44' <Predicate = true> <Delay = 0.00>
ST_1 : Operation 15 [1/1] (0.00ns)   --->   "%O_read = read i64 @_ssdm_op_Read.ap_auto.i64, i64 %O"   --->   Operation 15 'read' 'O_read' <Predicate = true> <Delay = 0.00>
ST_1 : Operation 16 [1/1] (0.00ns)   --->   "%shl_ln68_2_read = read i32 @_ssdm_op_Read.ap_auto.i32, i32 %shl_ln68_2"   --->   Operation 16 'read' 'shl_ln68_2_read' <Predicate = true> <Delay = 0.00>
ST_1 : Operation 17 [1/1] (0.00ns)   --->   "%zext_ln63_read = read i31 @_ssdm_op_Read.ap_auto.i31, i31 %zext_ln63"   --->   Operation 17 'read' 'zext_ln63_read' <Predicate = true> <Delay = 0.00>
ST_1 : Operation 18 [1/1] (0.00ns)   --->   "%mul_ln187_read = read i64 @_ssdm_op_Read.ap_auto.i64, i64 %mul_ln187"   --->   Operation 18 'read' 'mul_ln187_read' <Predicate = true> <Delay = 0.00>
ST_1 : Operation 19 [1/1] (0.00ns)   --->   "%d_read = read i32 @_ssdm_op_Read.ap_auto.i32, i32 %d"   --->   Operation 19 'read' 'd_read' <Predicate = true> <Delay = 0.00>
ST_1 : Operation 20 [1/1] (0.00ns)   --->   "%zext_ln63_cast = zext i31 %zext_ln63_read"   --->   Operation 20 'zext' 'zext_ln63_cast' <Predicate = true> <Delay = 0.00>
ST_1 : Operation 21 [1/1] (0.00ns)   --->   "%specinterface_ln0 = specinterface void @_ssdm_op_SpecInterface, i32 %gmem3, void @empty_5, i32 0, i32 0, void @empty_22, i32 0, i32 2048, void @empty_8, void @empty_23, void @empty_22, i32 16, i32 16, i32 16, i32 16, void @empty_22, void @empty_22, i32 4294967295, i32 0"   --->   Operation 21 'specinterface' 'specinterface_ln0' <Predicate = true> <Delay = 0.00>
ST_1 : Operation 22 [1/1] (1.58ns)   --->   "%store_ln0 = store i64 0, i64 %indvar_flatten44"   --->   Operation 22 'store' 'store_ln0' <Predicate = true> <Delay = 1.58>
ST_1 : Operation 23 [1/1] (1.58ns)   --->   "%store_ln187 = store i4 0, i4 %i" [flash_attention.cpp:187]   --->   Operation 23 'store' 'store_ln187' <Predicate = true> <Delay = 1.58>
ST_1 : Operation 24 [1/1] (1.58ns)   --->   "%store_ln188 = store i31 0, i31 %x_2" [flash_attention.cpp:188]   --->   Operation 24 'store' 'store_ln188' <Predicate = true> <Delay = 1.58>
ST_1 : Operation 25 [1/1] (1.58ns)   --->   "%br_ln0 = br void %for.inc273"   --->   Operation 25 'br' 'br_ln0' <Predicate = true> <Delay = 1.58>

State 2 <SV = 1> <Delay = 7.39>
ST_2 : Operation 26 [1/1] (0.00ns)   --->   "%first_iter_3 = phi i1 1, void %newFuncRoot, i1 0, void %new.latch.for.inc273.split"   --->   Operation 26 'phi' 'first_iter_3' <Predicate = true> <Delay = 0.00>
ST_2 : Operation 27 [1/1] (0.00ns)   --->   "%x = load i31 %x_2" [flash_attention.cpp:188]   --->   Operation 27 'load' 'x' <Predicate = true> <Delay = 0.00>
ST_2 : Operation 28 [1/1] (0.00ns)   --->   "%indvar_flatten44_load = load i64 %indvar_flatten44" [flash_attention.cpp:187]   --->   Operation 28 'load' 'indvar_flatten44_load' <Predicate = true> <Delay = 0.00>
ST_2 : Operation 29 [1/1] (0.00ns)   --->   "%specbitsmap_ln0 = specbitsmap void @_ssdm_op_SpecBitsMap, i32 %gmem3"   --->   Operation 29 'specbitsmap' 'specbitsmap_ln0' <Predicate = true> <Delay = 0.00>
ST_2 : Operation 30 [1/1] (0.00ns)   --->   "%zext_ln188 = zext i31 %x" [flash_attention.cpp:188]   --->   Operation 30 'zext' 'zext_ln188' <Predicate = true> <Delay = 0.00>
ST_2 : Operation 31 [1/1] (2.55ns)   --->   "%icmp_ln188 = icmp_slt  i32 %zext_ln188, i32 %d_read" [flash_attention.cpp:188]   --->   Operation 31 'icmp' 'icmp_ln188' <Predicate = true> <Delay = 2.55> <CoreInst = "Cmp">   --->   Core 9 'Cmp' <Latency = 0> <II = 1> <Delay = 2.55> <FuncUnit> <Opcode : 'icmp'> <InPorts = 2> <OutPorts = 1>
ST_2 : Operation 32 [1/1] (3.52ns)   --->   "%icmp_ln187 = icmp_eq  i64 %indvar_flatten44_load, i64 %mul_ln187_read" [flash_attention.cpp:187]   --->   Operation 32 'icmp' 'icmp_ln187' <Predicate = true> <Delay = 3.52> <CoreInst = "Cmp">   --->   Core 9 'Cmp' <Latency = 0> <II = 1> <Delay = 3.52> <FuncUnit> <Opcode : 'icmp'> <InPorts = 2> <OutPorts = 1>
ST_2 : Operation 33 [1/1] (3.52ns)   --->   "%add_ln187_3 = add i64 %indvar_flatten44_load, i64 1" [flash_attention.cpp:187]   --->   Operation 33 'add' 'add_ln187_3' <Predicate = true> <Delay = 3.52> <CoreInst = "Adder">   --->   Core 1 'Adder' <Latency = 0> <II = 1> <Delay = 3.52> <FuncUnit> <Opcode : 'add' 'sub'> <InPorts = 2> <OutPorts = 1>
ST_2 : Operation 34 [1/1] (0.00ns)   --->   "%br_ln187 = br i1 %icmp_ln187, void %for.inc276.loopexit, void %for.inc279.loopexit.exitStub" [flash_attention.cpp:187]   --->   Operation 34 'br' 'br_ln187' <Predicate = true> <Delay = 0.00>
ST_2 : Operation 35 [1/1] (0.00ns)   --->   "%i_load = load i4 %i" [flash_attention.cpp:187]   --->   Operation 35 'load' 'i_load' <Predicate = (!icmp_ln187)> <Delay = 0.00>
ST_2 : Operation 36 [1/1] (1.73ns)   --->   "%add_ln187 = add i4 %i_load, i4 1" [flash_attention.cpp:187]   --->   Operation 36 'add' 'add_ln187' <Predicate = (!icmp_ln187)> <Delay = 1.73> <CoreInst = "Adder">   --->   Core 1 'Adder' <Latency = 0> <II = 1> <Delay = 1.73> <FuncUnit> <Opcode : 'add' 'sub'> <InPorts = 2> <OutPorts = 1>
ST_2 : Operation 37 [1/1] (0.00ns) (grouped into LUT with out node or_ln187)   --->   "%xor_ln187 = xor i1 %icmp_ln188, i1 1" [flash_attention.cpp:187]   --->   Operation 37 'xor' 'xor_ln187' <Predicate = (!icmp_ln187)> <Delay = 0.00> <CoreInst = "LogicGate">   --->   Core 74 'LogicGate' <Latency = 0> <II = 1> <Delay = 0.97> <FuncUnit> <Opcode : 'and' 'or' 'xor'> <InPorts = 2> <OutPorts = 1>
ST_2 : Operation 38 [1/1] (0.97ns) (out node of the LUT)   --->   "%or_ln187 = or i1 %first_iter_3, i1 %xor_ln187" [flash_attention.cpp:187]   --->   Operation 38 'or' 'or_ln187' <Predicate = (!icmp_ln187)> <Delay = 0.97> <CoreInst = "LogicGate">   --->   Core 74 'LogicGate' <Latency = 0> <II = 1> <Delay = 0.97> <FuncUnit> <Opcode : 'and' 'or' 'xor'> <InPorts = 2> <OutPorts = 1>
ST_2 : Operation 39 [1/1] (0.73ns)   --->   "%select_ln187 = select i1 %icmp_ln188, i31 %x, i31 0" [flash_attention.cpp:187]   --->   Operation 39 'select' 'select_ln187' <Predicate = (!icmp_ln187)> <Delay = 0.73> <CoreInst = "Sel">   --->   Core 73 'Sel' <Latency = 0> <II = 1> <Delay = 0.73> <FuncUnit> <Opcode : 'select'> <InPorts = 3> <OutPorts = 1>
ST_2 : Operation 40 [1/1] (1.02ns)   --->   "%select_ln187_1 = select i1 %icmp_ln188, i4 %i_load, i4 %add_ln187" [flash_attention.cpp:187]   --->   Operation 40 'select' 'select_ln187_1' <Predicate = (!icmp_ln187)> <Delay = 1.02> <CoreInst = "Sel">   --->   Core 73 'Sel' <Latency = 0> <II = 1> <Delay = 1.02> <FuncUnit> <Opcode : 'select'> <InPorts = 3> <OutPorts = 1>
ST_2 : Operation 41 [1/1] (0.00ns)   --->   "%trunc_ln187 = trunc i4 %select_ln187_1" [flash_attention.cpp:187]   --->   Operation 41 'trunc' 'trunc_ln187' <Predicate = (!icmp_ln187)> <Delay = 0.00>
ST_2 : Operation 42 [1/1] (0.00ns)   --->   "%br_ln188 = br i1 %or_ln187, void %for.inc273.split, void %for.first.iter.for.inc273" [flash_attention.cpp:188]   --->   Operation 42 'br' 'br_ln188' <Predicate = (!icmp_ln187)> <Delay = 0.00>
ST_2 : Operation 43 [1/1] (0.00ns)   --->   "%tmp_s = bitconcatenate i6 @_ssdm_op_BitConcatenate.i6.i3.i3, i3 %trunc_ln187, i3 0" [flash_attention.cpp:190]   --->   Operation 43 'bitconcatenate' 'tmp_s' <Predicate = (!icmp_ln187)> <Delay = 0.00>
ST_2 : Operation 44 [1/1] (0.00ns)   --->   "%trunc_ln188 = trunc i31 %select_ln187" [flash_attention.cpp:188]   --->   Operation 44 'trunc' 'trunc_ln188' <Predicate = (!icmp_ln187)> <Delay = 0.00>
ST_2 : Operation 45 [1/1] (0.00ns)   --->   "%lshr_ln2 = partselect i6 @_ssdm_op_PartSelect.i6.i31.i32.i32, i31 %select_ln187, i32 2, i32 7" [flash_attention.cpp:188]   --->   Operation 45 'partselect' 'lshr_ln2' <Predicate = (!icmp_ln187)> <Delay = 0.00>
ST_2 : Operation 46 [1/1] (1.82ns)   --->   "%add_ln190 = add i6 %tmp_s, i6 %lshr_ln2" [flash_attention.cpp:190]   --->   Operation 46 'add' 'add_ln190' <Predicate = (!icmp_ln187)> <Delay = 1.82> <CoreInst = "Adder">   --->   Core 1 'Adder' <Latency = 0> <II = 1> <Delay = 1.82> <FuncUnit> <Opcode : 'add' 'sub'> <InPorts = 2> <OutPorts = 1>
ST_2 : Operation 47 [1/1] (2.52ns)   --->   "%add_ln188 = add i31 %select_ln187, i31 1" [flash_attention.cpp:188]   --->   Operation 47 'add' 'add_ln188' <Predicate = (!icmp_ln187)> <Delay = 2.52> <CoreInst = "Adder">   --->   Core 1 'Adder' <Latency = 0> <II = 1> <Delay = 2.52> <FuncUnit> <Opcode : 'add' 'sub'> <InPorts = 2> <OutPorts = 1>
ST_2 : Operation 48 [1/1] (1.58ns)   --->   "%store_ln187 = store i64 %add_ln187_3, i64 %indvar_flatten44" [flash_attention.cpp:187]   --->   Operation 48 'store' 'store_ln187' <Predicate = (!icmp_ln187)> <Delay = 1.58>
ST_2 : Operation 49 [1/1] (1.58ns)   --->   "%store_ln187 = store i4 %select_ln187_1, i4 %i" [flash_attention.cpp:187]   --->   Operation 49 'store' 'store_ln187' <Predicate = (!icmp_ln187)> <Delay = 1.58>
ST_2 : Operation 50 [1/1] (1.58ns)   --->   "%store_ln188 = store i31 %add_ln188, i31 %x_2" [flash_attention.cpp:188]   --->   Operation 50 'store' 'store_ln188' <Predicate = (!icmp_ln187)> <Delay = 1.58>
ST_2 : Operation 51 [1/1] (0.00ns)   --->   "%br_ln188 = br void %for.inc273" [flash_attention.cpp:188]   --->   Operation 51 'br' 'br_ln188' <Predicate = (!icmp_ln187)> <Delay = 0.00>

State 3 <SV = 2> <Delay = 6.07>
ST_3 : Operation 52 [1/1] (0.00ns)   --->   "%sext_ln188_mid2_v_v_v_v_v_v_v_v_v = bitconcatenate i9 @_ssdm_op_BitConcatenate.i9.i4.i5, i4 %select_ln187_1, i5 0" [flash_attention.cpp:187]   --->   Operation 52 'bitconcatenate' 'sext_ln188_mid2_v_v_v_v_v_v_v_v_v' <Predicate = true> <Delay = 0.00>
ST_3 : Operation 53 [1/1] (0.00ns)   --->   "%zext_ln187 = zext i9 %sext_ln188_mid2_v_v_v_v_v_v_v_v_v" [flash_attention.cpp:187]   --->   Operation 53 'zext' 'zext_ln187' <Predicate = true> <Delay = 0.00>
ST_3 : Operation 54 [1/1] (2.55ns)   --->   "%add_ln187_1 = add i32 %zext_ln187, i32 %shl_ln68_2_read" [flash_attention.cpp:187]   --->   Operation 54 'add' 'add_ln187_1' <Predicate = true> <Delay = 2.55> <CoreInst = "Adder">   --->   Core 1 'Adder' <Latency = 0> <II = 1> <Delay = 2.55> <FuncUnit> <Opcode : 'add' 'sub'> <InPorts = 2> <OutPorts = 1>
ST_3 : Operation 55 [1/1] (0.00ns)   --->   "%sext_ln188_mid2_v_v_v_v_v = bitconcatenate i34 @_ssdm_op_BitConcatenate.i34.i32.i2, i32 %add_ln187_1, i2 0" [flash_attention.cpp:187]   --->   Operation 55 'bitconcatenate' 'sext_ln188_mid2_v_v_v_v_v' <Predicate = true> <Delay = 0.00>
ST_3 : Operation 56 [1/1] (0.00ns)   --->   "%sext_ln187 = sext i34 %sext_ln188_mid2_v_v_v_v_v" [flash_attention.cpp:187]   --->   Operation 56 'sext' 'sext_ln187' <Predicate = true> <Delay = 0.00>
ST_3 : Operation 57 [1/1] (3.52ns)   --->   "%add_ln187_2 = add i64 %sext_ln187, i64 %O_read" [flash_attention.cpp:187]   --->   Operation 57 'add' 'add_ln187_2' <Predicate = true> <Delay = 3.52> <CoreInst = "Adder">   --->   Core 1 'Adder' <Latency = 0> <II = 1> <Delay = 3.52> <FuncUnit> <Opcode : 'add' 'sub'> <InPorts = 2> <OutPorts = 1>
ST_3 : Operation 58 [1/1] (0.00ns)   --->   "%sext_ln188_mid2_v = partselect i62 @_ssdm_op_PartSelect.i62.i64.i32.i32, i64 %add_ln187_2, i32 2, i32 63" [flash_attention.cpp:187]   --->   Operation 58 'partselect' 'sext_ln188_mid2_v' <Predicate = true> <Delay = 0.00>
ST_3 : Operation 59 [1/1] (0.00ns)   --->   "%zext_ln190 = zext i6 %add_ln190" [flash_attention.cpp:190]   --->   Operation 59 'zext' 'zext_ln190' <Predicate = true> <Delay = 0.00>
ST_3 : Operation 60 [1/1] (0.00ns)   --->   "%acc_addr = getelementptr i32 %acc, i64 0, i64 %zext_ln190" [flash_attention.cpp:190]   --->   Operation 60 'getelementptr' 'acc_addr' <Predicate = (trunc_ln188 == 0)> <Delay = 0.00>
ST_3 : Operation 61 [1/1] (0.00ns)   --->   "%acc_1_addr = getelementptr i32 %acc_1, i64 0, i64 %zext_ln190" [flash_attention.cpp:190]   --->   Operation 61 'getelementptr' 'acc_1_addr' <Predicate = (trunc_ln188 == 1)> <Delay = 0.00>
ST_3 : Operation 62 [1/1] (0.00ns)   --->   "%acc_2_addr = getelementptr i32 %acc_2, i64 0, i64 %zext_ln190" [flash_attention.cpp:190]   --->   Operation 62 'getelementptr' 'acc_2_addr' <Predicate = (trunc_ln188 == 2)> <Delay = 0.00>
ST_3 : Operation 63 [1/1] (0.00ns)   --->   "%acc_3_addr = getelementptr i32 %acc_3, i64 0, i64 %zext_ln190" [flash_attention.cpp:190]   --->   Operation 63 'getelementptr' 'acc_3_addr' <Predicate = (trunc_ln188 == 3)> <Delay = 0.00>
ST_3 : Operation 64 [2/2] (3.25ns)   --->   "%acc_load = load i6 %acc_addr" [flash_attention.cpp:190]   --->   Operation 64 'load' 'acc_load' <Predicate = (trunc_ln188 == 0)> <Delay = 3.25> <CoreInst = "RAM">   --->   Core 82 'RAM' <Latency = 1> <II = 1> <Delay = 3.25> <Storage> <Opcode : 'load' 'store'> <Ports = 2> <Width = 32> <Depth = 64> <RAM>
ST_3 : Operation 65 [2/2] (3.25ns)   --->   "%acc_1_load = load i6 %acc_1_addr" [flash_attention.cpp:190]   --->   Operation 65 'load' 'acc_1_load' <Predicate = (trunc_ln188 == 1)> <Delay = 3.25> <CoreInst = "RAM">   --->   Core 82 'RAM' <Latency = 1> <II = 1> <Delay = 3.25> <Storage> <Opcode : 'load' 'store'> <Ports = 2> <Width = 32> <Depth = 64> <RAM>
ST_3 : Operation 66 [2/2] (3.25ns)   --->   "%acc_2_load = load i6 %acc_2_addr" [flash_attention.cpp:190]   --->   Operation 66 'load' 'acc_2_load' <Predicate = (trunc_ln188 == 2)> <Delay = 3.25> <CoreInst = "RAM">   --->   Core 82 'RAM' <Latency = 1> <II = 1> <Delay = 3.25> <Storage> <Opcode : 'load' 'store'> <Ports = 2> <Width = 32> <Depth = 64> <RAM>
ST_3 : Operation 67 [2/2] (3.25ns)   --->   "%acc_3_load = load i6 %acc_3_addr" [flash_attention.cpp:190]   --->   Operation 67 'load' 'acc_3_load' <Predicate = (trunc_ln188 == 3)> <Delay = 3.25> <CoreInst = "RAM">   --->   Core 82 'RAM' <Latency = 1> <II = 1> <Delay = 3.25> <Storage> <Opcode : 'load' 'store'> <Ports = 2> <Width = 32> <Depth = 64> <RAM>
ST_3 : Operation 68 [1/1] (0.00ns)   --->   "%zext_ln188_1 = zext i31 %add_ln188" [flash_attention.cpp:188]   --->   Operation 68 'zext' 'zext_ln188_1' <Predicate = true> <Delay = 0.00>
ST_3 : Operation 69 [1/1] (2.55ns)   --->   "%icmp_ln188_1 = icmp_slt  i32 %zext_ln188_1, i32 %d_read" [flash_attention.cpp:188]   --->   Operation 69 'icmp' 'icmp_ln188_1' <Predicate = true> <Delay = 2.55> <CoreInst = "Cmp">   --->   Core 9 'Cmp' <Latency = 0> <II = 1> <Delay = 2.55> <FuncUnit> <Opcode : 'icmp'> <InPorts = 2> <OutPorts = 1>
ST_3 : Operation 70 [1/1] (0.00ns)   --->   "%br_ln188 = br i1 %icmp_ln188_1, void %last.iter.for.inc273.split, void %new.latch.for.inc273.split" [flash_attention.cpp:188]   --->   Operation 70 'br' 'br_ln188' <Predicate = true> <Delay = 0.00>

State 4 <SV = 3> <Delay = 7.30>
ST_4 : Operation 71 [1/1] (0.00ns)   --->   "%specloopname_ln0 = specloopname void @_ssdm_op_SpecLoopName, void @STORE_O_VITIS_LOOP_188_5_str"   --->   Operation 71 'specloopname' 'specloopname_ln0' <Predicate = true> <Delay = 0.00>
ST_4 : Operation 72 [1/1] (0.00ns)   --->   "%sext_ln187_1 = sext i62 %sext_ln188_mid2_v" [flash_attention.cpp:187]   --->   Operation 72 'sext' 'sext_ln187_1' <Predicate = true> <Delay = 0.00>
ST_4 : Operation 73 [1/1] (0.00ns)   --->   "%gmem3_addr = getelementptr i32 %gmem3, i64 %sext_ln187_1" [flash_attention.cpp:188]   --->   Operation 73 'getelementptr' 'gmem3_addr' <Predicate = (or_ln187)> <Delay = 0.00>
ST_4 : Operation 74 [1/1] (7.30ns)   --->   "%empty_38 = writereq i1 @_ssdm_op_WriteReq.m_axi.p1i32, i64 %gmem3_addr, i32 %zext_ln63_cast" [flash_attention.cpp:188]   --->   Operation 74 'writereq' 'empty_38' <Predicate = (or_ln187)> <Delay = 7.30> <CoreInst = "m_axi">   --->   Core 113 'm_axi' <Latency = 0> <II = 1> <Delay = 1.00> <Adapter> <Opcode : 'read' 'write' 'readreq' 'writereq' 'writeresp'>
ST_4 : Operation 75 [1/1] (0.00ns)   --->   "%br_ln188 = br void %for.inc273.split" [flash_attention.cpp:188]   --->   Operation 75 'br' 'br_ln188' <Predicate = (or_ln187)> <Delay = 0.00>
ST_4 : Operation 76 [1/2] (3.25ns)   --->   "%acc_load = load i6 %acc_addr" [flash_attention.cpp:190]   --->   Operation 76 'load' 'acc_load' <Predicate = (trunc_ln188 == 0)> <Delay = 3.25> <CoreInst = "RAM">   --->   Core 82 'RAM' <Latency = 1> <II = 1> <Delay = 3.25> <Storage> <Opcode : 'load' 'store'> <Ports = 2> <Width = 32> <Depth = 64> <RAM>
ST_4 : Operation 77 [1/2] (3.25ns)   --->   "%acc_1_load = load i6 %acc_1_addr" [flash_attention.cpp:190]   --->   Operation 77 'load' 'acc_1_load' <Predicate = (trunc_ln188 == 1)> <Delay = 3.25> <CoreInst = "RAM">   --->   Core 82 'RAM' <Latency = 1> <II = 1> <Delay = 3.25> <Storage> <Opcode : 'load' 'store'> <Ports = 2> <Width = 32> <Depth = 64> <RAM>
ST_4 : Operation 78 [1/2] (3.25ns)   --->   "%acc_2_load = load i6 %acc_2_addr" [flash_attention.cpp:190]   --->   Operation 78 'load' 'acc_2_load' <Predicate = (trunc_ln188 == 2)> <Delay = 3.25> <CoreInst = "RAM">   --->   Core 82 'RAM' <Latency = 1> <II = 1> <Delay = 3.25> <Storage> <Opcode : 'load' 'store'> <Ports = 2> <Width = 32> <Depth = 64> <RAM>
ST_4 : Operation 79 [1/2] (3.25ns)   --->   "%acc_3_load = load i6 %acc_3_addr" [flash_attention.cpp:190]   --->   Operation 79 'load' 'acc_3_load' <Predicate = (trunc_ln188 == 3)> <Delay = 3.25> <CoreInst = "RAM">   --->   Core 82 'RAM' <Latency = 1> <II = 1> <Delay = 3.25> <Storage> <Opcode : 'load' 'store'> <Ports = 2> <Width = 32> <Depth = 64> <RAM>
ST_4 : Operation 80 [1/1] (1.82ns)   --->   "%tmp_1 = sparsemux i32 @_ssdm_op_SparseMux.ap_auto.4float.float.i2, i2 0, i32 %acc_load, i2 1, i32 %acc_1_load, i2 2, i32 %acc_2_load, i2 3, i32 %acc_3_load, i32 <undef>, i2 %trunc_ln188" [flash_attention.cpp:190]   --->   Operation 80 'sparsemux' 'tmp_1' <Predicate = true> <Delay = 1.82> <CoreInst = "SparseMux">   --->   Core 135 'SparseMux' <Latency = 0> <II = 1> <Delay = 1.82> <FuncUnit> <Opcode : 'sparsemux'> <InPorts = 2> <OutPorts = 1>
ST_4 : Operation 81 [1/1] (0.00ns)   --->   "%gmem3_addr_1 = getelementptr i32 %gmem3, i64 %sext_ln187_1" [flash_attention.cpp:188]   --->   Operation 81 'getelementptr' 'gmem3_addr_1' <Predicate = true> <Delay = 0.00>

State 5 <SV = 4> <Delay = 7.30>
ST_5 : Operation 82 [1/1] (0.00ns)   --->   "%specpipeline_ln189 = specpipeline void @_ssdm_op_SpecPipeline, i32 1, i32 0, i32 0, i32 0, void @empty_22" [flash_attention.cpp:189]   --->   Operation 82 'specpipeline' 'specpipeline_ln189' <Predicate = true> <Delay = 0.00>
ST_5 : Operation 83 [1/1] (0.00ns)   --->   "%bitcast_ln190 = bitcast i32 %tmp_1" [flash_attention.cpp:190]   --->   Operation 83 'bitcast' 'bitcast_ln190' <Predicate = true> <Delay = 0.00>
ST_5 : Operation 84 [1/1] (7.30ns)   --->   "%write_ln190 = write void @_ssdm_op_Write.m_axi.p1i32, i64 %gmem3_addr_1, i32 %bitcast_ln190, i4 15" [flash_attention.cpp:190]   --->   Operation 84 'write' 'write_ln190' <Predicate = true> <Delay = 7.30> <CoreInst = "m_axi">   --->   Core 113 'm_axi' <Latency = 0> <II = 1> <Delay = 1.00> <Adapter> <Opcode : 'read' 'write' 'readreq' 'writereq' 'writeresp'>

State 6 <SV = 5> <Delay = 7.30>
ST_6 : Operation 85 [5/5] (7.30ns)   --->   "%empty = writeresp i1 @_ssdm_op_WriteResp.m_axi.p1i32, i64 %gmem3_addr_1" [flash_attention.cpp:187]   --->   Operation 85 'writeresp' 'empty' <Predicate = (!icmp_ln188_1)> <Delay = 7.30> <CoreInst = "m_axi">   --->   Core 113 'm_axi' <Latency = 0> <II = 1> <Delay = 1.00> <Adapter> <Opcode : 'read' 'write' 'readreq' 'writereq' 'writeresp'>

State 7 <SV = 6> <Delay = 7.30>
ST_7 : Operation 86 [4/5] (7.30ns)   --->   "%empty = writeresp i1 @_ssdm_op_WriteResp.m_axi.p1i32, i64 %gmem3_addr_1" [flash_attention.cpp:187]   --->   Operation 86 'writeresp' 'empty' <Predicate = (!icmp_ln188_1)> <Delay = 7.30> <CoreInst = "m_axi">   --->   Core 113 'm_axi' <Latency = 0> <II = 1> <Delay = 1.00> <Adapter> <Opcode : 'read' 'write' 'readreq' 'writereq' 'writeresp'>

State 8 <SV = 7> <Delay = 7.30>
ST_8 : Operation 87 [3/5] (7.30ns)   --->   "%empty = writeresp i1 @_ssdm_op_WriteResp.m_axi.p1i32, i64 %gmem3_addr_1" [flash_attention.cpp:187]   --->   Operation 87 'writeresp' 'empty' <Predicate = (!icmp_ln188_1)> <Delay = 7.30> <CoreInst = "m_axi">   --->   Core 113 'm_axi' <Latency = 0> <II = 1> <Delay = 1.00> <Adapter> <Opcode : 'read' 'write' 'readreq' 'writereq' 'writeresp'>

State 9 <SV = 8> <Delay = 7.30>
ST_9 : Operation 88 [2/5] (7.30ns)   --->   "%empty = writeresp i1 @_ssdm_op_WriteResp.m_axi.p1i32, i64 %gmem3_addr_1" [flash_attention.cpp:187]   --->   Operation 88 'writeresp' 'empty' <Predicate = (!icmp_ln188_1)> <Delay = 7.30> <CoreInst = "m_axi">   --->   Core 113 'm_axi' <Latency = 0> <II = 1> <Delay = 1.00> <Adapter> <Opcode : 'read' 'write' 'readreq' 'writereq' 'writeresp'>
ST_9 : Operation 91 [1/1] (0.00ns)   --->   "%ret_ln0 = ret"   --->   Operation 91 'ret' 'ret_ln0' <Predicate = (icmp_ln187)> <Delay = 0.00>

State 10 <SV = 9> <Delay = 7.30>
ST_10 : Operation 89 [1/5] (7.30ns)   --->   "%empty = writeresp i1 @_ssdm_op_WriteResp.m_axi.p1i32, i64 %gmem3_addr_1" [flash_attention.cpp:187]   --->   Operation 89 'writeresp' 'empty' <Predicate = (!icmp_ln188_1)> <Delay = 7.30> <CoreInst = "m_axi">   --->   Core 113 'm_axi' <Latency = 0> <II = 1> <Delay = 1.00> <Adapter> <Opcode : 'read' 'write' 'readreq' 'writereq' 'writeresp'>
ST_10 : Operation 90 [1/1] (0.00ns)   --->   "%br_ln188 = br void %new.latch.for.inc273.split" [flash_attention.cpp:188]   --->   Operation 90 'br' 'br_ln188' <Predicate = (!icmp_ln188_1)> <Delay = 0.00>


============================================================
+ Verbose Summary: Binding
============================================================
STG Binding: 
---------------- STG Properties BEGIN ----------------
- Is combinational: 0
- Is one-state seq: 0
- Is datapath-only: 0
- Is pipelined: 0
- Is top level: 0
Port [ Return ] is wired: 1; IO mode=ap_ctrl_hs:ce=0
Port [ gmem3]:  wired=1; compound=1; hidden=0; nouse=0; global=0; static=0; extern=0; dir=1; type=4; pingpong=0; private_global=0; IO mode=m_axi:ce=0
Port [ d]:  wired=1; compound=0; hidden=0; nouse=0; global=0; static=0; extern=0; dir=0; type=0; pingpong=0; private_global=0; IO mode=ap_none:ce=0
Port [ mul_ln187]:  wired=1; compound=0; hidden=0; nouse=0; global=0; static=0; extern=0; dir=0; type=0; pingpong=0; private_global=0; IO mode=ap_none:ce=0
Port [ acc]:  wired=1; compound=1; hidden=0; nouse=0; global=0; static=0; extern=0; dir=0; type=1; pingpong=0; private_global=0; MemPort=[13]; IO mode=ap_memory:ce=0
Port [ acc_1]:  wired=1; compound=1; hidden=0; nouse=0; global=0; static=0; extern=0; dir=0; type=1; pingpong=0; private_global=0; MemPort=[13]; IO mode=ap_memory:ce=0
Port [ acc_2]:  wired=1; compound=1; hidden=0; nouse=0; global=0; static=0; extern=0; dir=0; type=1; pingpong=0; private_global=0; MemPort=[13]; IO mode=ap_memory:ce=0
Port [ acc_3]:  wired=1; compound=1; hidden=0; nouse=0; global=0; static=0; extern=0; dir=0; type=1; pingpong=0; private_global=0; MemPort=[13]; IO mode=ap_memory:ce=0
Port [ zext_ln63]:  wired=1; compound=0; hidden=0; nouse=0; global=0; static=0; extern=0; dir=0; type=0; pingpong=0; private_global=0; IO mode=ap_none:ce=0
Port [ shl_ln68_2]:  wired=1; compound=0; hidden=0; nouse=0; global=0; static=0; extern=0; dir=0; type=0; pingpong=0; private_global=0; IO mode=ap_none:ce=0
Port [ O]:  wired=1; compound=0; hidden=0; nouse=0; global=0; static=0; extern=0; dir=0; type=0; pingpong=0; private_global=0; IO mode=ap_none:ce=0
---------------- STG Properties END ------------------

---------------- Datapath Model BEGIN ----------------

<LifeTime>
<method=bitvector/>
x_2                               (alloca        ) [ 01100000000]
i                                 (alloca        ) [ 01100000000]
indvar_flatten44                  (alloca        ) [ 01100000000]
O_read                            (read          ) [ 01110000000]
shl_ln68_2_read                   (read          ) [ 01110000000]
zext_ln63_read                    (read          ) [ 00000000000]
mul_ln187_read                    (read          ) [ 01100000000]
d_read                            (read          ) [ 01110000000]
zext_ln63_cast                    (zext          ) [ 01111000000]
specinterface_ln0                 (specinterface ) [ 00000000000]
store_ln0                         (store         ) [ 00000000000]
store_ln187                       (store         ) [ 00000000000]
store_ln188                       (store         ) [ 00000000000]
br_ln0                            (br            ) [ 01100000000]
first_iter_3                      (phi           ) [ 01100000000]
x                                 (load          ) [ 00000000000]
indvar_flatten44_load             (load          ) [ 00000000000]
specbitsmap_ln0                   (specbitsmap   ) [ 00000000000]
zext_ln188                        (zext          ) [ 00000000000]
icmp_ln188                        (icmp          ) [ 00000000000]
icmp_ln187                        (icmp          ) [ 01111111111]
add_ln187_3                       (add           ) [ 00000000000]
br_ln187                          (br            ) [ 00000000000]
i_load                            (load          ) [ 00000000000]
add_ln187                         (add           ) [ 00000000000]
xor_ln187                         (xor           ) [ 00000000000]
or_ln187                          (or            ) [ 01011000000]
select_ln187                      (select        ) [ 00000000000]
select_ln187_1                    (select        ) [ 01010000000]
trunc_ln187                       (trunc         ) [ 00000000000]
br_ln188                          (br            ) [ 00000000000]
tmp_s                             (bitconcatenate) [ 00000000000]
trunc_ln188                       (trunc         ) [ 01011000000]
lshr_ln2                          (partselect    ) [ 00000000000]
add_ln190                         (add           ) [ 01010000000]
add_ln188                         (add           ) [ 01010000000]
store_ln187                       (store         ) [ 00000000000]
store_ln187                       (store         ) [ 00000000000]
store_ln188                       (store         ) [ 00000000000]
br_ln188                          (br            ) [ 01100000000]
sext_ln188_mid2_v_v_v_v_v_v_v_v_v (bitconcatenate) [ 00000000000]
zext_ln187                        (zext          ) [ 00000000000]
add_ln187_1                       (add           ) [ 00000000000]
sext_ln188_mid2_v_v_v_v_v         (bitconcatenate) [ 00000000000]
sext_ln187                        (sext          ) [ 00000000000]
add_ln187_2                       (add           ) [ 00000000000]
sext_ln188_mid2_v                 (partselect    ) [ 01001000000]
zext_ln190                        (zext          ) [ 00000000000]
acc_addr                          (getelementptr ) [ 01001000000]
acc_1_addr                        (getelementptr ) [ 01001000000]
acc_2_addr                        (getelementptr ) [ 01001000000]
acc_3_addr                        (getelementptr ) [ 01001000000]
zext_ln188_1                      (zext          ) [ 00000000000]
icmp_ln188_1                      (icmp          ) [ 01001111111]
br_ln188                          (br            ) [ 00000000000]
specloopname_ln0                  (specloopname  ) [ 00000000000]
sext_ln187_1                      (sext          ) [ 00000000000]
gmem3_addr                        (getelementptr ) [ 00000000000]
empty_38                          (writereq      ) [ 00000000000]
br_ln188                          (br            ) [ 00000000000]
acc_load                          (load          ) [ 00000000000]
acc_1_load                        (load          ) [ 00000000000]
acc_2_load                        (load          ) [ 00000000000]
acc_3_load                        (load          ) [ 00000000000]
tmp_1                             (sparsemux     ) [ 01000100000]
gmem3_addr_1                      (getelementptr ) [ 01000111111]
specpipeline_ln189                (specpipeline  ) [ 00000000000]
bitcast_ln190                     (bitcast       ) [ 00000000000]
write_ln190                       (write         ) [ 00000000000]
empty                             (writeresp     ) [ 00000000000]
br_ln188                          (br            ) [ 00000000000]
ret_ln0                           (ret           ) [ 00000000000]
</LifeTime>

<model>

<comp_list>
<comp id="0" class="1000" name="gmem3">
<pin_list>
<pin id="1" dir="1" index="0" bw="1" slack="0"/>
</pin_list>
<bind>
<StgValue><ssdm name="gmem3"/></StgValue>
</bind>
</comp>

<comp id="2" class="1000" name="d">
<pin_list>
<pin id="3" dir="1" index="0" bw="1" slack="0"/>
</pin_list>
<bind>
<StgValue><ssdm name="d"/></StgValue>
</bind>
</comp>

<comp id="4" class="1000" name="mul_ln187">
<pin_list>
<pin id="5" dir="1" index="0" bw="1" slack="0"/>
</pin_list>
<bind>
<StgValue><ssdm name="mul_ln187"/></StgValue>
</bind>
</comp>

<comp id="6" class="1000" name="acc">
<pin_list>
<pin id="7" dir="1" index="0" bw="1" slack="0"/>
</pin_list>
<bind>
<StgValue><ssdm name="acc"/><MemPortTyVec>1 3 </MemPortTyVec>
</StgValue>
</bind>
</comp>

<comp id="8" class="1000" name="acc_1">
<pin_list>
<pin id="9" dir="1" index="0" bw="1" slack="0"/>
</pin_list>
<bind>
<StgValue><ssdm name="acc_1"/><MemPortTyVec>1 3 </MemPortTyVec>
</StgValue>
</bind>
</comp>

<comp id="10" class="1000" name="acc_2">
<pin_list>
<pin id="11" dir="1" index="0" bw="1" slack="0"/>
</pin_list>
<bind>
<StgValue><ssdm name="acc_2"/><MemPortTyVec>1 3 </MemPortTyVec>
</StgValue>
</bind>
</comp>

<comp id="12" class="1000" name="acc_3">
<pin_list>
<pin id="13" dir="1" index="0" bw="1" slack="0"/>
</pin_list>
<bind>
<StgValue><ssdm name="acc_3"/><MemPortTyVec>1 3 </MemPortTyVec>
</StgValue>
</bind>
</comp>

<comp id="14" class="1000" name="zext_ln63">
<pin_list>
<pin id="15" dir="1" index="0" bw="1" slack="0"/>
</pin_list>
<bind>
<StgValue><ssdm name="zext_ln63"/></StgValue>
</bind>
</comp>

<comp id="16" class="1000" name="shl_ln68_2">
<pin_list>
<pin id="17" dir="1" index="0" bw="1" slack="0"/>
</pin_list>
<bind>
<StgValue><ssdm name="shl_ln68_2"/></StgValue>
</bind>
</comp>

<comp id="18" class="1000" name="O">
<pin_list>
<pin id="19" dir="1" index="0" bw="1" slack="0"/>
</pin_list>
<bind>
<StgValue><ssdm name="O"/></StgValue>
</bind>
</comp>

<comp id="20" class="1001" name="const_20">
<pin_list>
<pin id="21" dir="1" index="0" bw="1" slack="0"/>
</pin_list>
<bind>
<StgValue><ssdm name=""/></StgValue>
</bind>
</comp>

<comp id="22" class="1001" name="const_22">
<pin_list>
<pin id="23" dir="1" index="0" bw="1" slack="0"/>
</pin_list>
<bind>
<StgValue><ssdm name="_ssdm_op_Read.ap_auto.i64"/></StgValue>
</bind>
</comp>

<comp id="24" class="1001" name="const_24">
<pin_list>
<pin id="25" dir="1" index="0" bw="1" slack="0"/>
</pin_list>
<bind>
<StgValue><ssdm name="_ssdm_op_Read.ap_auto.i32"/></StgValue>
</bind>
</comp>

<comp id="26" class="1001" name="const_26">
<pin_list>
<pin id="27" dir="1" index="0" bw="1" slack="0"/>
</pin_list>
<bind>
<StgValue><ssdm name="_ssdm_op_Read.ap_auto.i31"/></StgValue>
</bind>
</comp>

<comp id="28" class="1001" name="const_28">
<pin_list>
<pin id="29" dir="1" index="0" bw="1" slack="2147483647"/>
</pin_list>
<bind>
<StgValue><ssdm name="_ssdm_op_SpecInterface"/></StgValue>
</bind>
</comp>

<comp id="30" class="1001" name="const_30">
<pin_list>
<pin id="31" dir="1" index="0" bw="1" slack="2147483647"/>
</pin_list>
<bind>
<StgValue><ssdm name="empty_5"/></StgValue>
</bind>
</comp>

<comp id="32" class="1001" name="const_32">
<pin_list>
<pin id="33" dir="1" index="0" bw="1" slack="2147483647"/>
</pin_list>
<bind>
<StgValue><ssdm name=""/></StgValue>
</bind>
</comp>

<comp id="34" class="1001" name="const_34">
<pin_list>
<pin id="35" dir="1" index="0" bw="1" slack="2147483647"/>
</pin_list>
<bind>
<StgValue><ssdm name="empty_22"/></StgValue>
</bind>
</comp>

<comp id="36" class="1001" name="const_36">
<pin_list>
<pin id="37" dir="1" index="0" bw="1" slack="2147483647"/>
</pin_list>
<bind>
<StgValue><ssdm name=""/></StgValue>
</bind>
</comp>

<comp id="38" class="1001" name="const_38">
<pin_list>
<pin id="39" dir="1" index="0" bw="1" slack="2147483647"/>
</pin_list>
<bind>
<StgValue><ssdm name="empty_8"/></StgValue>
</bind>
</comp>

<comp id="40" class="1001" name="const_40">
<pin_list>
<pin id="41" dir="1" index="0" bw="1" slack="2147483647"/>
</pin_list>
<bind>
<StgValue><ssdm name="empty_23"/></StgValue>
</bind>
</comp>

<comp id="42" class="1001" name="const_42">
<pin_list>
<pin id="43" dir="1" index="0" bw="1" slack="2147483647"/>
</pin_list>
<bind>
<StgValue><ssdm name=""/></StgValue>
</bind>
</comp>

<comp id="44" class="1001" name="const_44">
<pin_list>
<pin id="45" dir="1" index="0" bw="1" slack="2147483647"/>
</pin_list>
<bind>
<StgValue><ssdm name=""/></StgValue>
</bind>
</comp>

<comp id="46" class="1001" name="const_46">
<pin_list>
<pin id="47" dir="1" index="0" bw="1" slack="0"/>
</pin_list>
<bind>
<StgValue><ssdm name=""/></StgValue>
</bind>
</comp>

<comp id="48" class="1001" name="const_48">
<pin_list>
<pin id="49" dir="1" index="0" bw="1" slack="0"/>
</pin_list>
<bind>
<StgValue><ssdm name=""/></StgValue>
</bind>
</comp>

<comp id="50" class="1001" name="const_50">
<pin_list>
<pin id="51" dir="1" index="0" bw="1" slack="0"/>
</pin_list>
<bind>
<StgValue><ssdm name=""/></StgValue>
</bind>
</comp>

<comp id="52" class="1001" name="const_52">
<pin_list>
<pin id="53" dir="1" index="0" bw="1" slack="0"/>
</pin_list>
<bind>
<StgValue><ssdm name=""/></StgValue>
</bind>
</comp>

<comp id="54" class="1001" name="const_54">
<pin_list>
<pin id="55" dir="1" index="0" bw="1" slack="0"/>
</pin_list>
<bind>
<StgValue><ssdm name=""/></StgValue>
</bind>
</comp>

<comp id="56" class="1001" name="const_56">
<pin_list>
<pin id="57" dir="1" index="0" bw="1" slack="2147483647"/>
</pin_list>
<bind>
<StgValue><ssdm name="_ssdm_op_SpecBitsMap"/></StgValue>
</bind>
</comp>

<comp id="58" class="1001" name="const_58">
<pin_list>
<pin id="59" dir="1" index="0" bw="1" slack="0"/>
</pin_list>
<bind>
<StgValue><ssdm name=""/></StgValue>
</bind>
</comp>

<comp id="60" class="1001" name="const_60">
<pin_list>
<pin id="61" dir="1" index="0" bw="1" slack="0"/>
</pin_list>
<bind>
<StgValue><ssdm name=""/></StgValue>
</bind>
</comp>

<comp id="62" class="1001" name="const_62">
<pin_list>
<pin id="63" dir="1" index="0" bw="1" slack="0"/>
</pin_list>
<bind>
<StgValue><ssdm name="_ssdm_op_BitConcatenate.i6.i3.i3"/></StgValue>
</bind>
</comp>

<comp id="64" class="1001" name="const_64">
<pin_list>
<pin id="65" dir="1" index="0" bw="1" slack="0"/>
</pin_list>
<bind>
<StgValue><ssdm name=""/></StgValue>
</bind>
</comp>

<comp id="66" class="1001" name="const_66">
<pin_list>
<pin id="67" dir="1" index="0" bw="1" slack="0"/>
</pin_list>
<bind>
<StgValue><ssdm name="_ssdm_op_PartSelect.i6.i31.i32.i32"/></StgValue>
</bind>
</comp>

<comp id="68" class="1001" name="const_68">
<pin_list>
<pin id="69" dir="1" index="0" bw="1" slack="0"/>
</pin_list>
<bind>
<StgValue><ssdm name=""/></StgValue>
</bind>
</comp>

<comp id="70" class="1001" name="const_70">
<pin_list>
<pin id="71" dir="1" index="0" bw="1" slack="0"/>
</pin_list>
<bind>
<StgValue><ssdm name=""/></StgValue>
</bind>
</comp>

<comp id="72" class="1001" name="const_72">
<pin_list>
<pin id="73" dir="1" index="0" bw="1" slack="0"/>
</pin_list>
<bind>
<StgValue><ssdm name=""/></StgValue>
</bind>
</comp>

<comp id="74" class="1001" name="const_74">
<pin_list>
<pin id="75" dir="1" index="0" bw="1" slack="0"/>
</pin_list>
<bind>
<StgValue><ssdm name="_ssdm_op_BitConcatenate.i9.i4.i5"/></StgValue>
</bind>
</comp>

<comp id="76" class="1001" name="const_76">
<pin_list>
<pin id="77" dir="1" index="0" bw="1" slack="0"/>
</pin_list>
<bind>
<StgValue><ssdm name=""/></StgValue>
</bind>
</comp>

<comp id="78" class="1001" name="const_78">
<pin_list>
<pin id="79" dir="1" index="0" bw="1" slack="0"/>
</pin_list>
<bind>
<StgValue><ssdm name="_ssdm_op_BitConcatenate.i34.i32.i2"/></StgValue>
</bind>
</comp>

<comp id="80" class="1001" name="const_80">
<pin_list>
<pin id="81" dir="1" index="0" bw="1" slack="0"/>
</pin_list>
<bind>
<StgValue><ssdm name=""/></StgValue>
</bind>
</comp>

<comp id="82" class="1001" name="const_82">
<pin_list>
<pin id="83" dir="1" index="0" bw="1" slack="0"/>
</pin_list>
<bind>
<StgValue><ssdm name="_ssdm_op_PartSelect.i62.i64.i32.i32"/></StgValue>
</bind>
</comp>

<comp id="84" class="1001" name="const_84">
<pin_list>
<pin id="85" dir="1" index="0" bw="1" slack="0"/>
</pin_list>
<bind>
<StgValue><ssdm name=""/></StgValue>
</bind>
</comp>

<comp id="86" class="1001" name="const_86">
<pin_list>
<pin id="87" dir="1" index="0" bw="1" slack="2147483647"/>
</pin_list>
<bind>
<StgValue><ssdm name="_ssdm_op_SpecLoopName"/></StgValue>
</bind>
</comp>

<comp id="88" class="1001" name="const_88">
<pin_list>
<pin id="89" dir="1" index="0" bw="1" slack="2147483647"/>
</pin_list>
<bind>
<StgValue><ssdm name="STORE_O_VITIS_LOOP_188_5_str"/></StgValue>
</bind>
</comp>

<comp id="90" class="1001" name="const_90">
<pin_list>
<pin id="91" dir="1" index="0" bw="1" slack="0"/>
</pin_list>
<bind>
<StgValue><ssdm name="_ssdm_op_WriteReq.m_axi.p1i32"/></StgValue>
</bind>
</comp>

<comp id="92" class="1001" name="const_92">
<pin_list>
<pin id="93" dir="1" index="0" bw="1" slack="0"/>
</pin_list>
<bind>
<StgValue><ssdm name="_ssdm_op_SparseMux.ap_auto.4float.float.i2"/></StgValue>
</bind>
</comp>

<comp id="94" class="1001" name="const_94">
<pin_list>
<pin id="95" dir="1" index="0" bw="1" slack="0"/>
</pin_list>
<bind>
<StgValue><ssdm name=""/></StgValue>
</bind>
</comp>

<comp id="96" class="1001" name="const_96">
<pin_list>
<pin id="97" dir="1" index="0" bw="1" slack="0"/>
</pin_list>
<bind>
<StgValue><ssdm name=""/></StgValue>
</bind>
</comp>

<comp id="98" class="1001" name="const_98">
<pin_list>
<pin id="99" dir="1" index="0" bw="1" slack="0"/>
</pin_list>
<bind>
<StgValue><ssdm name=""/></StgValue>
</bind>
</comp>

<comp id="100" class="1001" name="const_100">
<pin_list>
<pin id="101" dir="1" index="0" bw="1" slack="0"/>
</pin_list>
<bind>
<StgValue><ssdm name=""/></StgValue>
</bind>
</comp>

<comp id="102" class="1001" name="const_102">
<pin_list>
<pin id="103" dir="1" index="0" bw="1" slack="2147483647"/>
</pin_list>
<bind>
<StgValue><ssdm name="_ssdm_op_SpecPipeline"/></StgValue>
</bind>
</comp>

<comp id="104" class="1001" name="const_104">
<pin_list>
<pin id="105" dir="1" index="0" bw="1" slack="0"/>
</pin_list>
<bind>
<StgValue><ssdm name="_ssdm_op_Write.m_axi.p1i32"/></StgValue>
</bind>
</comp>

<comp id="106" class="1001" name="const_106">
<pin_list>
<pin id="107" dir="1" index="0" bw="1" slack="0"/>
</pin_list>
<bind>
<StgValue><ssdm name=""/></StgValue>
</bind>
</comp>

<comp id="108" class="1001" name="const_108">
<pin_list>
<pin id="109" dir="1" index="0" bw="1" slack="0"/>
</pin_list>
<bind>
<StgValue><ssdm name="_ssdm_op_WriteResp.m_axi.p1i32"/></StgValue>
</bind>
</comp>

<comp id="110" class="1004" name="x_2_fu_110">
<pin_list>
<pin id="111" dir="0" index="0" bw="1" slack="0"/>
<pin id="112" dir="1" index="1" bw="31" slack="0"/>
</pin_list>
<bind>
<opcode="alloca(26) " fcode="alloca"/>
<opset="x_2/1 "/>
</bind>
</comp>

<comp id="114" class="1004" name="i_fu_114">
<pin_list>
<pin id="115" dir="0" index="0" bw="1" slack="0"/>
<pin id="116" dir="1" index="1" bw="4" slack="0"/>
</pin_list>
<bind>
<opcode="alloca(26) " fcode="alloca"/>
<opset="i/1 "/>
</bind>
</comp>

<comp id="118" class="1004" name="indvar_flatten44_fu_118">
<pin_list>
<pin id="119" dir="0" index="0" bw="1" slack="0"/>
<pin id="120" dir="1" index="1" bw="64" slack="0"/>
</pin_list>
<bind>
<opcode="alloca(26) " fcode="alloca"/>
<opset="indvar_flatten44/1 "/>
</bind>
</comp>

<comp id="122" class="1004" name="O_read_read_fu_122">
<pin_list>
<pin id="123" dir="0" index="0" bw="64" slack="0"/>
<pin id="124" dir="0" index="1" bw="64" slack="0"/>
<pin id="125" dir="1" index="2" bw="64" slack="2"/>
</pin_list>
<bind>
<opcode="read(1150) " fcode="read"/>
<opset="O_read/1 "/>
</bind>
</comp>

<comp id="128" class="1004" name="shl_ln68_2_read_read_fu_128">
<pin_list>
<pin id="129" dir="0" index="0" bw="32" slack="0"/>
<pin id="130" dir="0" index="1" bw="32" slack="0"/>
<pin id="131" dir="1" index="2" bw="32" slack="2"/>
</pin_list>
<bind>
<opcode="read(1150) " fcode="read"/>
<opset="shl_ln68_2_read/1 "/>
</bind>
</comp>

<comp id="134" class="1004" name="zext_ln63_read_read_fu_134">
<pin_list>
<pin id="135" dir="0" index="0" bw="31" slack="0"/>
<pin id="136" dir="0" index="1" bw="31" slack="0"/>
<pin id="137" dir="1" index="2" bw="31" slack="0"/>
</pin_list>
<bind>
<opcode="read(1150) " fcode="read"/>
<opset="zext_ln63_read/1 "/>
</bind>
</comp>

<comp id="140" class="1004" name="mul_ln187_read_read_fu_140">
<pin_list>
<pin id="141" dir="0" index="0" bw="64" slack="0"/>
<pin id="142" dir="0" index="1" bw="64" slack="0"/>
<pin id="143" dir="1" index="2" bw="64" slack="1"/>
</pin_list>
<bind>
<opcode="read(1150) " fcode="read"/>
<opset="mul_ln187_read/1 "/>
</bind>
</comp>

<comp id="146" class="1004" name="d_read_read_fu_146">
<pin_list>
<pin id="147" dir="0" index="0" bw="32" slack="0"/>
<pin id="148" dir="0" index="1" bw="32" slack="0"/>
<pin id="149" dir="1" index="2" bw="32" slack="1"/>
</pin_list>
<bind>
<opcode="read(1150) " fcode="read"/>
<opset="d_read/1 "/>
</bind>
</comp>

<comp id="152" class="1004" name="empty_38_writereq_fu_152">
<pin_list>
<pin id="153" dir="0" index="0" bw="1" slack="0"/>
<pin id="154" dir="0" index="1" bw="32" slack="0"/>
<pin id="155" dir="0" index="2" bw="31" slack="3"/>
<pin id="156" dir="1" index="3" bw="1" slack="2147483647"/>
</pin_list>
<bind>
<opcode="writereq(1155) " fcode="writereq"/>
<opset="empty_38/4 "/>
</bind>
</comp>

<comp id="158" class="1004" name="write_ln190_write_fu_158">
<pin_list>
<pin id="159" dir="0" index="0" bw="0" slack="0"/>
<pin id="160" dir="0" index="1" bw="32" slack="1"/>
<pin id="161" dir="0" index="2" bw="32" slack="0"/>
<pin id="162" dir="0" index="3" bw="1" slack="0"/>
<pin id="163" dir="1" index="4" bw="0" slack="2147483647"/>
</pin_list>
<bind>
<opcode="write(1151) " fcode="write"/>
<opset="write_ln190/5 "/>
</bind>
</comp>

<comp id="166" class="1004" name="grp_writeresp_fu_166">
<pin_list>
<pin id="167" dir="0" index="0" bw="1" slack="0"/>
<pin id="168" dir="0" index="1" bw="32" slack="2"/>
<pin id="169" dir="1" index="2" bw="1" slack="2147483647"/>
</pin_list>
<bind>
<opcode="writeresp(1158) " fcode="writeresp"/>
<opset="empty/6 "/>
</bind>
</comp>

<comp id="171" class="1004" name="acc_addr_gep_fu_171">
<pin_list>
<pin id="172" dir="0" index="0" bw="32" slack="0"/>
<pin id="173" dir="0" index="1" bw="1" slack="0"/>
<pin id="174" dir="0" index="2" bw="6" slack="0"/>
<pin id="175" dir="1" index="3" bw="6" slack="0"/>
</pin_list>
<bind>
<opcode="getelementptr(29) " fcode="getelementptr"/>
<opset="acc_addr/3 "/>
</bind>
</comp>

<comp id="178" class="1004" name="acc_1_addr_gep_fu_178">
<pin_list>
<pin id="179" dir="0" index="0" bw="32" slack="0"/>
<pin id="180" dir="0" index="1" bw="1" slack="0"/>
<pin id="181" dir="0" index="2" bw="6" slack="0"/>
<pin id="182" dir="1" index="3" bw="6" slack="0"/>
</pin_list>
<bind>
<opcode="getelementptr(29) " fcode="getelementptr"/>
<opset="acc_1_addr/3 "/>
</bind>
</comp>

<comp id="185" class="1004" name="acc_2_addr_gep_fu_185">
<pin_list>
<pin id="186" dir="0" index="0" bw="32" slack="0"/>
<pin id="187" dir="0" index="1" bw="1" slack="0"/>
<pin id="188" dir="0" index="2" bw="6" slack="0"/>
<pin id="189" dir="1" index="3" bw="6" slack="0"/>
</pin_list>
<bind>
<opcode="getelementptr(29) " fcode="getelementptr"/>
<opset="acc_2_addr/3 "/>
</bind>
</comp>

<comp id="192" class="1004" name="acc_3_addr_gep_fu_192">
<pin_list>
<pin id="193" dir="0" index="0" bw="32" slack="0"/>
<pin id="194" dir="0" index="1" bw="1" slack="0"/>
<pin id="195" dir="0" index="2" bw="6" slack="0"/>
<pin id="196" dir="1" index="3" bw="6" slack="0"/>
</pin_list>
<bind>
<opcode="getelementptr(29) " fcode="getelementptr"/>
<opset="acc_3_addr/3 "/>
</bind>
</comp>

<comp id="199" class="1004" name="grp_access_fu_199">
<pin_list>
<pin id="200" dir="0" index="0" bw="6" slack="0"/>
<pin id="201" dir="0" index="1" bw="32" slack="2147483647"/>
<pin id="202" dir="0" index="2" bw="0" slack="2147483647"/>
<pin id="203" dir="1" index="3" bw="32" slack="0"/>
</pin_list>
<bind>
<opcode="load(27) " fcode="load"/>
<opset="acc_load/3 "/>
</bind>
</comp>

<comp id="205" class="1004" name="grp_access_fu_205">
<pin_list>
<pin id="206" dir="0" index="0" bw="6" slack="0"/>
<pin id="207" dir="0" index="1" bw="32" slack="2147483647"/>
<pin id="208" dir="0" index="2" bw="0" slack="2147483647"/>
<pin id="209" dir="1" index="3" bw="32" slack="0"/>
</pin_list>
<bind>
<opcode="load(27) " fcode="load"/>
<opset="acc_1_load/3 "/>
</bind>
</comp>

<comp id="211" class="1004" name="grp_access_fu_211">
<pin_list>
<pin id="212" dir="0" index="0" bw="6" slack="0"/>
<pin id="213" dir="0" index="1" bw="32" slack="2147483647"/>
<pin id="214" dir="0" index="2" bw="0" slack="2147483647"/>
<pin id="215" dir="1" index="3" bw="32" slack="0"/>
</pin_list>
<bind>
<opcode="load(27) " fcode="load"/>
<opset="acc_2_load/3 "/>
</bind>
</comp>

<comp id="217" class="1004" name="grp_access_fu_217">
<pin_list>
<pin id="218" dir="0" index="0" bw="6" slack="0"/>
<pin id="219" dir="0" index="1" bw="32" slack="2147483647"/>
<pin id="220" dir="0" index="2" bw="0" slack="2147483647"/>
<pin id="221" dir="1" index="3" bw="32" slack="0"/>
</pin_list>
<bind>
<opcode="load(27) " fcode="load"/>
<opset="acc_3_load/3 "/>
</bind>
</comp>

<comp id="223" class="1005" name="first_iter_3_reg_223">
<pin_list>
<pin id="224" dir="0" index="0" bw="1" slack="1"/>
<pin id="225" dir="1" index="1" bw="1" slack="1"/>
</pin_list>
<bind>
<opset="first_iter_3 (phireg) "/>
</bind>
</comp>

<comp id="227" class="1004" name="first_iter_3_phi_fu_227">
<pin_list>
<pin id="228" dir="0" index="0" bw="1" slack="1"/>
<pin id="229" dir="0" index="1" bw="0" slack="2147483647"/>
<pin id="230" dir="0" index="2" bw="1" slack="0"/>
<pin id="231" dir="0" index="3" bw="0" slack="2147483647"/>
<pin id="232" dir="1" index="4" bw="1" slack="0"/>
</pin_list>
<bind>
<opcode="phi(47) " fcode="phi"/>
<opset="first_iter_3/2 "/>
</bind>
</comp>

<comp id="235" class="1004" name="zext_ln63_cast_fu_235">
<pin_list>
<pin id="236" dir="0" index="0" bw="31" slack="0"/>
<pin id="237" dir="1" index="1" bw="32" slack="3"/>
</pin_list>
<bind>
<opcode="zext(34) " fcode="zext"/>
<opset="zext_ln63_cast/1 "/>
</bind>
</comp>

<comp id="239" class="1004" name="store_ln0_store_fu_239">
<pin_list>
<pin id="240" dir="0" index="0" bw="1" slack="0"/>
<pin id="241" dir="0" index="1" bw="64" slack="0"/>
<pin id="242" dir="1" index="2" bw="0" slack="2147483647"/>
</pin_list>
<bind>
<opcode="store(28) " fcode="store"/>
<opset="store_ln0/1 "/>
</bind>
</comp>

<comp id="244" class="1004" name="store_ln187_store_fu_244">
<pin_list>
<pin id="245" dir="0" index="0" bw="1" slack="0"/>
<pin id="246" dir="0" index="1" bw="4" slack="0"/>
<pin id="247" dir="1" index="2" bw="0" slack="2147483647"/>
</pin_list>
<bind>
<opcode="store(28) " fcode="store"/>
<opset="store_ln187/1 "/>
</bind>
</comp>

<comp id="249" class="1004" name="store_ln188_store_fu_249">
<pin_list>
<pin id="250" dir="0" index="0" bw="1" slack="0"/>
<pin id="251" dir="0" index="1" bw="31" slack="0"/>
<pin id="252" dir="1" index="2" bw="0" slack="2147483647"/>
</pin_list>
<bind>
<opcode="store(28) " fcode="store"/>
<opset="store_ln188/1 "/>
</bind>
</comp>

<comp id="254" class="1004" name="x_load_fu_254">
<pin_list>
<pin id="255" dir="0" index="0" bw="31" slack="1"/>
<pin id="256" dir="1" index="1" bw="31" slack="0"/>
</pin_list>
<bind>
<opcode="load(27) " fcode="load"/>
<opset="x/2 "/>
</bind>
</comp>

<comp id="257" class="1004" name="indvar_flatten44_load_load_fu_257">
<pin_list>
<pin id="258" dir="0" index="0" bw="64" slack="1"/>
<pin id="259" dir="1" index="1" bw="64" slack="0"/>
</pin_list>
<bind>
<opcode="load(27) " fcode="load"/>
<opset="indvar_flatten44_load/2 "/>
</bind>
</comp>

<comp id="260" class="1004" name="zext_ln188_fu_260">
<pin_list>
<pin id="261" dir="0" index="0" bw="31" slack="0"/>
<pin id="262" dir="1" index="1" bw="32" slack="0"/>
</pin_list>
<bind>
<opcode="zext(34) " fcode="zext"/>
<opset="zext_ln188/2 "/>
</bind>
</comp>

<comp id="264" class="1004" name="icmp_ln188_fu_264">
<pin_list>
<pin id="265" dir="0" index="0" bw="32" slack="0"/>
<pin id="266" dir="0" index="1" bw="32" slack="1"/>
<pin id="267" dir="1" index="2" bw="1" slack="0"/>
</pin_list>
<bind>
<opcode="icmp(45) " fcode="icmp"/>
<opset="icmp_ln188/2 "/>
</bind>
</comp>

<comp id="269" class="1004" name="icmp_ln187_fu_269">
<pin_list>
<pin id="270" dir="0" index="0" bw="64" slack="0"/>
<pin id="271" dir="0" index="1" bw="64" slack="1"/>
<pin id="272" dir="1" index="2" bw="1" slack="1"/>
</pin_list>
<bind>
<opcode="icmp(45) " fcode="icmp"/>
<opset="icmp_ln187/2 "/>
</bind>
</comp>

<comp id="274" class="1004" name="add_ln187_3_fu_274">
<pin_list>
<pin id="275" dir="0" index="0" bw="64" slack="0"/>
<pin id="276" dir="0" index="1" bw="1" slack="0"/>
<pin id="277" dir="1" index="2" bw="64" slack="0"/>
</pin_list>
<bind>
<opcode="add(8) " fcode="add"/>
<opset="add_ln187_3/2 "/>
</bind>
</comp>

<comp id="280" class="1004" name="i_load_load_fu_280">
<pin_list>
<pin id="281" dir="0" index="0" bw="4" slack="1"/>
<pin id="282" dir="1" index="1" bw="4" slack="0"/>
</pin_list>
<bind>
<opcode="load(27) " fcode="load"/>
<opset="i_load/2 "/>
</bind>
</comp>

<comp id="283" class="1004" name="add_ln187_fu_283">
<pin_list>
<pin id="284" dir="0" index="0" bw="4" slack="0"/>
<pin id="285" dir="0" index="1" bw="1" slack="0"/>
<pin id="286" dir="1" index="2" bw="4" slack="0"/>
</pin_list>
<bind>
<opcode="add(8) " fcode="add"/>
<opset="add_ln187/2 "/>
</bind>
</comp>

<comp id="289" class="1004" name="xor_ln187_fu_289">
<pin_list>
<pin id="290" dir="0" index="0" bw="1" slack="0"/>
<pin id="291" dir="0" index="1" bw="1" slack="0"/>
<pin id="292" dir="1" index="2" bw="1" slack="0"/>
</pin_list>
<bind>
<opcode="xor(25) " fcode="xor"/>
<opset="xor_ln187/2 "/>
</bind>
</comp>

<comp id="295" class="1004" name="or_ln187_fu_295">
<pin_list>
<pin id="296" dir="0" index="0" bw="1" slack="0"/>
<pin id="297" dir="0" index="1" bw="1" slack="0"/>
<pin id="298" dir="1" index="2" bw="1" slack="2"/>
</pin_list>
<bind>
<opcode="or(24) " fcode="or"/>
<opset="or_ln187/2 "/>
</bind>
</comp>

<comp id="301" class="1004" name="select_ln187_fu_301">
<pin_list>
<pin id="302" dir="0" index="0" bw="1" slack="0"/>
<pin id="303" dir="0" index="1" bw="31" slack="0"/>
<pin id="304" dir="0" index="2" bw="31" slack="0"/>
<pin id="305" dir="1" index="3" bw="31" slack="0"/>
</pin_list>
<bind>
<opcode="select(49) " fcode="select"/>
<opset="select_ln187/2 "/>
</bind>
</comp>

<comp id="309" class="1004" name="select_ln187_1_fu_309">
<pin_list>
<pin id="310" dir="0" index="0" bw="1" slack="0"/>
<pin id="311" dir="0" index="1" bw="4" slack="0"/>
<pin id="312" dir="0" index="2" bw="4" slack="0"/>
<pin id="313" dir="1" index="3" bw="4" slack="0"/>
</pin_list>
<bind>
<opcode="select(49) " fcode="select"/>
<opset="select_ln187_1/2 "/>
</bind>
</comp>

<comp id="317" class="1004" name="trunc_ln187_fu_317">
<pin_list>
<pin id="318" dir="0" index="0" bw="4" slack="0"/>
<pin id="319" dir="1" index="1" bw="3" slack="0"/>
</pin_list>
<bind>
<opcode="trunc(33) " fcode="trunc"/>
<opset="trunc_ln187/2 "/>
</bind>
</comp>

<comp id="321" class="1004" name="tmp_s_fu_321">
<pin_list>
<pin id="322" dir="0" index="0" bw="6" slack="0"/>
<pin id="323" dir="0" index="1" bw="3" slack="0"/>
<pin id="324" dir="0" index="2" bw="1" slack="0"/>
<pin id="325" dir="1" index="3" bw="6" slack="0"/>
</pin_list>
<bind>
<opcode="bitconcatenate(1004) " fcode="bitconcatenate"/>
<opset="tmp_s/2 "/>
</bind>
</comp>

<comp id="329" class="1004" name="trunc_ln188_fu_329">
<pin_list>
<pin id="330" dir="0" index="0" bw="31" slack="0"/>
<pin id="331" dir="1" index="1" bw="2" slack="1"/>
</pin_list>
<bind>
<opcode="trunc(33) " fcode="trunc"/>
<opset="trunc_ln188/2 "/>
</bind>
</comp>

<comp id="333" class="1004" name="lshr_ln2_fu_333">
<pin_list>
<pin id="334" dir="0" index="0" bw="6" slack="0"/>
<pin id="335" dir="0" index="1" bw="31" slack="0"/>
<pin id="336" dir="0" index="2" bw="3" slack="0"/>
<pin id="337" dir="0" index="3" bw="4" slack="0"/>
<pin id="338" dir="1" index="4" bw="6" slack="0"/>
</pin_list>
<bind>
<opcode="partselect(1002) " fcode="partselect"/>
<opset="lshr_ln2/2 "/>
</bind>
</comp>

<comp id="343" class="1004" name="add_ln190_fu_343">
<pin_list>
<pin id="344" dir="0" index="0" bw="6" slack="0"/>
<pin id="345" dir="0" index="1" bw="6" slack="0"/>
<pin id="346" dir="1" index="2" bw="6" slack="1"/>
</pin_list>
<bind>
<opcode="add(8) " fcode="add"/>
<opset="add_ln190/2 "/>
</bind>
</comp>

<comp id="349" class="1004" name="add_ln188_fu_349">
<pin_list>
<pin id="350" dir="0" index="0" bw="31" slack="0"/>
<pin id="351" dir="0" index="1" bw="1" slack="0"/>
<pin id="352" dir="1" index="2" bw="31" slack="0"/>
</pin_list>
<bind>
<opcode="add(8) " fcode="add"/>
<opset="add_ln188/2 "/>
</bind>
</comp>

<comp id="355" class="1004" name="store_ln187_store_fu_355">
<pin_list>
<pin id="356" dir="0" index="0" bw="64" slack="0"/>
<pin id="357" dir="0" index="1" bw="64" slack="1"/>
<pin id="358" dir="1" index="2" bw="0" slack="2147483647"/>
</pin_list>
<bind>
<opcode="store(28) " fcode="store"/>
<opset="store_ln187/2 "/>
</bind>
</comp>

<comp id="360" class="1004" name="store_ln187_store_fu_360">
<pin_list>
<pin id="361" dir="0" index="0" bw="4" slack="0"/>
<pin id="362" dir="0" index="1" bw="4" slack="1"/>
<pin id="363" dir="1" index="2" bw="0" slack="2147483647"/>
</pin_list>
<bind>
<opcode="store(28) " fcode="store"/>
<opset="store_ln187/2 "/>
</bind>
</comp>

<comp id="365" class="1004" name="store_ln188_store_fu_365">
<pin_list>
<pin id="366" dir="0" index="0" bw="31" slack="0"/>
<pin id="367" dir="0" index="1" bw="31" slack="1"/>
<pin id="368" dir="1" index="2" bw="0" slack="2147483647"/>
</pin_list>
<bind>
<opcode="store(28) " fcode="store"/>
<opset="store_ln188/2 "/>
</bind>
</comp>

<comp id="370" class="1004" name="sext_ln188_mid2_v_v_v_v_v_v_v_v_v_fu_370">
<pin_list>
<pin id="371" dir="0" index="0" bw="9" slack="0"/>
<pin id="372" dir="0" index="1" bw="4" slack="1"/>
<pin id="373" dir="0" index="2" bw="1" slack="0"/>
<pin id="374" dir="1" index="3" bw="9" slack="0"/>
</pin_list>
<bind>
<opcode="bitconcatenate(1004) " fcode="bitconcatenate"/>
<opset="sext_ln188_mid2_v_v_v_v_v_v_v_v_v/3 "/>
</bind>
</comp>

<comp id="377" class="1004" name="zext_ln187_fu_377">
<pin_list>
<pin id="378" dir="0" index="0" bw="9" slack="0"/>
<pin id="379" dir="1" index="1" bw="32" slack="0"/>
</pin_list>
<bind>
<opcode="zext(34) " fcode="zext"/>
<opset="zext_ln187/3 "/>
</bind>
</comp>

<comp id="381" class="1004" name="add_ln187_1_fu_381">
<pin_list>
<pin id="382" dir="0" index="0" bw="9" slack="0"/>
<pin id="383" dir="0" index="1" bw="32" slack="2"/>
<pin id="384" dir="1" index="2" bw="32" slack="0"/>
</pin_list>
<bind>
<opcode="add(8) " fcode="add"/>
<opset="add_ln187_1/3 "/>
</bind>
</comp>

<comp id="386" class="1004" name="sext_ln188_mid2_v_v_v_v_v_fu_386">
<pin_list>
<pin id="387" dir="0" index="0" bw="34" slack="0"/>
<pin id="388" dir="0" index="1" bw="32" slack="0"/>
<pin id="389" dir="0" index="2" bw="1" slack="0"/>
<pin id="390" dir="1" index="3" bw="34" slack="0"/>
</pin_list>
<bind>
<opcode="bitconcatenate(1004) " fcode="bitconcatenate"/>
<opset="sext_ln188_mid2_v_v_v_v_v/3 "/>
</bind>
</comp>

<comp id="394" class="1004" name="sext_ln187_fu_394">
<pin_list>
<pin id="395" dir="0" index="0" bw="34" slack="0"/>
<pin id="396" dir="1" index="1" bw="64" slack="0"/>
</pin_list>
<bind>
<opcode="sext(35) " fcode="sext"/>
<opset="sext_ln187/3 "/>
</bind>
</comp>

<comp id="398" class="1004" name="add_ln187_2_fu_398">
<pin_list>
<pin id="399" dir="0" index="0" bw="34" slack="0"/>
<pin id="400" dir="0" index="1" bw="64" slack="2"/>
<pin id="401" dir="1" index="2" bw="64" slack="0"/>
</pin_list>
<bind>
<opcode="add(8) " fcode="add"/>
<opset="add_ln187_2/3 "/>
</bind>
</comp>

<comp id="403" class="1004" name="sext_ln188_mid2_v_fu_403">
<pin_list>
<pin id="404" dir="0" index="0" bw="62" slack="0"/>
<pin id="405" dir="0" index="1" bw="64" slack="0"/>
<pin id="406" dir="0" index="2" bw="3" slack="0"/>
<pin id="407" dir="0" index="3" bw="7" slack="0"/>
<pin id="408" dir="1" index="4" bw="62" slack="1"/>
</pin_list>
<bind>
<opcode="partselect(1002) " fcode="partselect"/>
<opset="sext_ln188_mid2_v/3 "/>
</bind>
</comp>

<comp id="413" class="1004" name="zext_ln190_fu_413">
<pin_list>
<pin id="414" dir="0" index="0" bw="6" slack="1"/>
<pin id="415" dir="1" index="1" bw="64" slack="0"/>
</pin_list>
<bind>
<opcode="zext(34) " fcode="zext"/>
<opset="zext_ln190/3 "/>
</bind>
</comp>

<comp id="420" class="1004" name="zext_ln188_1_fu_420">
<pin_list>
<pin id="421" dir="0" index="0" bw="31" slack="1"/>
<pin id="422" dir="1" index="1" bw="32" slack="0"/>
</pin_list>
<bind>
<opcode="zext(34) " fcode="zext"/>
<opset="zext_ln188_1/3 "/>
</bind>
</comp>

<comp id="423" class="1004" name="icmp_ln188_1_fu_423">
<pin_list>
<pin id="424" dir="0" index="0" bw="32" slack="0"/>
<pin id="425" dir="0" index="1" bw="32" slack="2"/>
<pin id="426" dir="1" index="2" bw="1" slack="3"/>
</pin_list>
<bind>
<opcode="icmp(45) " fcode="icmp"/>
<opset="icmp_ln188_1/3 "/>
</bind>
</comp>

<comp id="428" class="1004" name="sext_ln187_1_fu_428">
<pin_list>
<pin id="429" dir="0" index="0" bw="62" slack="1"/>
<pin id="430" dir="1" index="1" bw="64" slack="0"/>
</pin_list>
<bind>
<opcode="sext(35) " fcode="sext"/>
<opset="sext_ln187_1/4 "/>
</bind>
</comp>

<comp id="431" class="1004" name="gmem3_addr_fu_431">
<pin_list>
<pin id="432" dir="0" index="0" bw="64" slack="0"/>
<pin id="433" dir="0" index="1" bw="64" slack="0"/>
<pin id="434" dir="1" index="2" bw="64" slack="0"/>
</pin_list>
<bind>
<opcode="getelementptr(29) " fcode="getelementptr"/>
<opset="gmem3_addr/4 "/>
</bind>
</comp>

<comp id="438" class="1004" name="tmp_1_fu_438">
<pin_list>
<pin id="439" dir="0" index="0" bw="32" slack="0"/>
<pin id="440" dir="0" index="1" bw="1" slack="0"/>
<pin id="441" dir="0" index="2" bw="32" slack="0"/>
<pin id="442" dir="0" index="3" bw="1" slack="0"/>
<pin id="443" dir="0" index="4" bw="32" slack="0"/>
<pin id="444" dir="0" index="5" bw="2" slack="0"/>
<pin id="445" dir="0" index="6" bw="32" slack="0"/>
<pin id="446" dir="0" index="7" bw="1" slack="0"/>
<pin id="447" dir="0" index="8" bw="32" slack="0"/>
<pin id="448" dir="0" index="9" bw="32" slack="0"/>
<pin id="449" dir="0" index="10" bw="2" slack="2"/>
<pin id="450" dir="1" index="11" bw="32" slack="1"/>
</pin_list>
<bind>
<opcode="sparsemux(1197) " fcode="sparsemux"/>
<opset="tmp_1/4 "/>
</bind>
</comp>

<comp id="461" class="1004" name="gmem3_addr_1_fu_461">
<pin_list>
<pin id="462" dir="0" index="0" bw="64" slack="0"/>
<pin id="463" dir="0" index="1" bw="64" slack="0"/>
<pin id="464" dir="1" index="2" bw="64" slack="1"/>
</pin_list>
<bind>
<opcode="getelementptr(29) " fcode="getelementptr"/>
<opset="gmem3_addr_1/4 "/>
</bind>
</comp>

<comp id="467" class="1004" name="bitcast_ln190_fu_467">
<pin_list>
<pin id="468" dir="0" index="0" bw="32" slack="1"/>
<pin id="469" dir="1" index="1" bw="32" slack="0"/>
</pin_list>
<bind>
<opcode="bitcast(44) " fcode="bitcast"/>
<opset="bitcast_ln190/5 "/>
</bind>
</comp>

<comp id="471" class="1005" name="x_2_reg_471">
<pin_list>
<pin id="472" dir="0" index="0" bw="31" slack="0"/>
<pin id="473" dir="1" index="1" bw="31" slack="0"/>
</pin_list>
<bind>
<opset="x_2 "/>
</bind>
</comp>

<comp id="478" class="1005" name="i_reg_478">
<pin_list>
<pin id="479" dir="0" index="0" bw="4" slack="0"/>
<pin id="480" dir="1" index="1" bw="4" slack="0"/>
</pin_list>
<bind>
<opset="i "/>
</bind>
</comp>

<comp id="485" class="1005" name="indvar_flatten44_reg_485">
<pin_list>
<pin id="486" dir="0" index="0" bw="64" slack="0"/>
<pin id="487" dir="1" index="1" bw="64" slack="0"/>
</pin_list>
<bind>
<opset="indvar_flatten44 "/>
</bind>
</comp>

<comp id="492" class="1005" name="O_read_reg_492">
<pin_list>
<pin id="493" dir="0" index="0" bw="64" slack="2"/>
<pin id="494" dir="1" index="1" bw="64" slack="2"/>
</pin_list>
<bind>
<opset="O_read "/>
</bind>
</comp>

<comp id="497" class="1005" name="shl_ln68_2_read_reg_497">
<pin_list>
<pin id="498" dir="0" index="0" bw="32" slack="2"/>
<pin id="499" dir="1" index="1" bw="32" slack="2"/>
</pin_list>
<bind>
<opset="shl_ln68_2_read "/>
</bind>
</comp>

<comp id="502" class="1005" name="mul_ln187_read_reg_502">
<pin_list>
<pin id="503" dir="0" index="0" bw="64" slack="1"/>
<pin id="504" dir="1" index="1" bw="64" slack="1"/>
</pin_list>
<bind>
<opset="mul_ln187_read "/>
</bind>
</comp>

<comp id="507" class="1005" name="d_read_reg_507">
<pin_list>
<pin id="508" dir="0" index="0" bw="32" slack="1"/>
<pin id="509" dir="1" index="1" bw="32" slack="1"/>
</pin_list>
<bind>
<opset="d_read "/>
</bind>
</comp>

<comp id="513" class="1005" name="zext_ln63_cast_reg_513">
<pin_list>
<pin id="514" dir="0" index="0" bw="32" slack="3"/>
<pin id="515" dir="1" index="1" bw="32" slack="3"/>
</pin_list>
<bind>
<opset="zext_ln63_cast "/>
</bind>
</comp>

<comp id="518" class="1005" name="icmp_ln187_reg_518">
<pin_list>
<pin id="519" dir="0" index="0" bw="1" slack="1"/>
<pin id="520" dir="1" index="1" bw="1" slack="2147483647"/>
</pin_list>
<bind>
<opset="icmp_ln187 "/>
</bind>
</comp>

<comp id="522" class="1005" name="or_ln187_reg_522">
<pin_list>
<pin id="523" dir="0" index="0" bw="1" slack="2"/>
<pin id="524" dir="1" index="1" bw="1" slack="2147483647"/>
</pin_list>
<bind>
<opset="or_ln187 "/>
</bind>
</comp>

<comp id="526" class="1005" name="select_ln187_1_reg_526">
<pin_list>
<pin id="527" dir="0" index="0" bw="4" slack="1"/>
<pin id="528" dir="1" index="1" bw="4" slack="1"/>
</pin_list>
<bind>
<opset="select_ln187_1 "/>
</bind>
</comp>

<comp id="531" class="1005" name="trunc_ln188_reg_531">
<pin_list>
<pin id="532" dir="0" index="0" bw="2" slack="1"/>
<pin id="533" dir="1" index="1" bw="2" slack="2"/>
</pin_list>
<bind>
<opset="trunc_ln188 "/>
</bind>
</comp>

<comp id="536" class="1005" name="add_ln190_reg_536">
<pin_list>
<pin id="537" dir="0" index="0" bw="6" slack="1"/>
<pin id="538" dir="1" index="1" bw="6" slack="1"/>
</pin_list>
<bind>
<opset="add_ln190 "/>
</bind>
</comp>

<comp id="541" class="1005" name="add_ln188_reg_541">
<pin_list>
<pin id="542" dir="0" index="0" bw="31" slack="1"/>
<pin id="543" dir="1" index="1" bw="31" slack="1"/>
</pin_list>
<bind>
<opset="add_ln188 "/>
</bind>
</comp>

<comp id="546" class="1005" name="sext_ln188_mid2_v_reg_546">
<pin_list>
<pin id="547" dir="0" index="0" bw="62" slack="1"/>
<pin id="548" dir="1" index="1" bw="62" slack="1"/>
</pin_list>
<bind>
<opset="sext_ln188_mid2_v "/>
</bind>
</comp>

<comp id="551" class="1005" name="acc_addr_reg_551">
<pin_list>
<pin id="552" dir="0" index="0" bw="6" slack="1"/>
<pin id="553" dir="1" index="1" bw="6" slack="1"/>
</pin_list>
<bind>
<opset="acc_addr "/>
</bind>
</comp>

<comp id="556" class="1005" name="acc_1_addr_reg_556">
<pin_list>
<pin id="557" dir="0" index="0" bw="6" slack="1"/>
<pin id="558" dir="1" index="1" bw="6" slack="1"/>
</pin_list>
<bind>
<opset="acc_1_addr "/>
</bind>
</comp>

<comp id="561" class="1005" name="acc_2_addr_reg_561">
<pin_list>
<pin id="562" dir="0" index="0" bw="6" slack="1"/>
<pin id="563" dir="1" index="1" bw="6" slack="1"/>
</pin_list>
<bind>
<opset="acc_2_addr "/>
</bind>
</comp>

<comp id="566" class="1005" name="acc_3_addr_reg_566">
<pin_list>
<pin id="567" dir="0" index="0" bw="6" slack="1"/>
<pin id="568" dir="1" index="1" bw="6" slack="1"/>
</pin_list>
<bind>
<opset="acc_3_addr "/>
</bind>
</comp>

<comp id="571" class="1005" name="icmp_ln188_1_reg_571">
<pin_list>
<pin id="572" dir="0" index="0" bw="1" slack="3"/>
<pin id="573" dir="1" index="1" bw="1" slack="2147483647"/>
</pin_list>
<bind>
<opset="icmp_ln188_1 "/>
</bind>
</comp>

<comp id="575" class="1005" name="tmp_1_reg_575">
<pin_list>
<pin id="576" dir="0" index="0" bw="32" slack="1"/>
<pin id="577" dir="1" index="1" bw="32" slack="1"/>
</pin_list>
<bind>
<opset="tmp_1 "/>
</bind>
</comp>

<comp id="580" class="1005" name="gmem3_addr_1_reg_580">
<pin_list>
<pin id="581" dir="0" index="0" bw="32" slack="1"/>
<pin id="582" dir="1" index="1" bw="32" slack="1"/>
</pin_list>
<bind>
<opset="gmem3_addr_1 "/>
</bind>
</comp>

</comp_list>

<net_list>
<net id="113"><net_src comp="20" pin="0"/><net_sink comp="110" pin=0"/></net>

<net id="117"><net_src comp="20" pin="0"/><net_sink comp="114" pin=0"/></net>

<net id="121"><net_src comp="20" pin="0"/><net_sink comp="118" pin=0"/></net>

<net id="126"><net_src comp="22" pin="0"/><net_sink comp="122" pin=0"/></net>

<net id="127"><net_src comp="18" pin="0"/><net_sink comp="122" pin=1"/></net>

<net id="132"><net_src comp="24" pin="0"/><net_sink comp="128" pin=0"/></net>

<net id="133"><net_src comp="16" pin="0"/><net_sink comp="128" pin=1"/></net>

<net id="138"><net_src comp="26" pin="0"/><net_sink comp="134" pin=0"/></net>

<net id="139"><net_src comp="14" pin="0"/><net_sink comp="134" pin=1"/></net>

<net id="144"><net_src comp="22" pin="0"/><net_sink comp="140" pin=0"/></net>

<net id="145"><net_src comp="4" pin="0"/><net_sink comp="140" pin=1"/></net>

<net id="150"><net_src comp="24" pin="0"/><net_sink comp="146" pin=0"/></net>

<net id="151"><net_src comp="2" pin="0"/><net_sink comp="146" pin=1"/></net>

<net id="157"><net_src comp="90" pin="0"/><net_sink comp="152" pin=0"/></net>

<net id="164"><net_src comp="104" pin="0"/><net_sink comp="158" pin=0"/></net>

<net id="165"><net_src comp="106" pin="0"/><net_sink comp="158" pin=3"/></net>

<net id="170"><net_src comp="108" pin="0"/><net_sink comp="166" pin=0"/></net>

<net id="176"><net_src comp="6" pin="0"/><net_sink comp="171" pin=0"/></net>

<net id="177"><net_src comp="46" pin="0"/><net_sink comp="171" pin=1"/></net>

<net id="183"><net_src comp="8" pin="0"/><net_sink comp="178" pin=0"/></net>

<net id="184"><net_src comp="46" pin="0"/><net_sink comp="178" pin=1"/></net>

<net id="190"><net_src comp="10" pin="0"/><net_sink comp="185" pin=0"/></net>

<net id="191"><net_src comp="46" pin="0"/><net_sink comp="185" pin=1"/></net>

<net id="197"><net_src comp="12" pin="0"/><net_sink comp="192" pin=0"/></net>

<net id="198"><net_src comp="46" pin="0"/><net_sink comp="192" pin=1"/></net>

<net id="204"><net_src comp="171" pin="3"/><net_sink comp="199" pin=0"/></net>

<net id="210"><net_src comp="178" pin="3"/><net_sink comp="205" pin=0"/></net>

<net id="216"><net_src comp="185" pin="3"/><net_sink comp="211" pin=0"/></net>

<net id="222"><net_src comp="192" pin="3"/><net_sink comp="217" pin=0"/></net>

<net id="226"><net_src comp="52" pin="0"/><net_sink comp="223" pin=0"/></net>

<net id="233"><net_src comp="223" pin="1"/><net_sink comp="227" pin=0"/></net>

<net id="234"><net_src comp="54" pin="0"/><net_sink comp="227" pin=2"/></net>

<net id="238"><net_src comp="134" pin="2"/><net_sink comp="235" pin=0"/></net>

<net id="243"><net_src comp="46" pin="0"/><net_sink comp="239" pin=0"/></net>

<net id="248"><net_src comp="48" pin="0"/><net_sink comp="244" pin=0"/></net>

<net id="253"><net_src comp="50" pin="0"/><net_sink comp="249" pin=0"/></net>

<net id="263"><net_src comp="254" pin="1"/><net_sink comp="260" pin=0"/></net>

<net id="268"><net_src comp="260" pin="1"/><net_sink comp="264" pin=0"/></net>

<net id="273"><net_src comp="257" pin="1"/><net_sink comp="269" pin=0"/></net>

<net id="278"><net_src comp="257" pin="1"/><net_sink comp="274" pin=0"/></net>

<net id="279"><net_src comp="58" pin="0"/><net_sink comp="274" pin=1"/></net>

<net id="287"><net_src comp="280" pin="1"/><net_sink comp="283" pin=0"/></net>

<net id="288"><net_src comp="60" pin="0"/><net_sink comp="283" pin=1"/></net>

<net id="293"><net_src comp="264" pin="2"/><net_sink comp="289" pin=0"/></net>

<net id="294"><net_src comp="52" pin="0"/><net_sink comp="289" pin=1"/></net>

<net id="299"><net_src comp="227" pin="4"/><net_sink comp="295" pin=0"/></net>

<net id="300"><net_src comp="289" pin="2"/><net_sink comp="295" pin=1"/></net>

<net id="306"><net_src comp="264" pin="2"/><net_sink comp="301" pin=0"/></net>

<net id="307"><net_src comp="254" pin="1"/><net_sink comp="301" pin=1"/></net>

<net id="308"><net_src comp="50" pin="0"/><net_sink comp="301" pin=2"/></net>

<net id="314"><net_src comp="264" pin="2"/><net_sink comp="309" pin=0"/></net>

<net id="315"><net_src comp="280" pin="1"/><net_sink comp="309" pin=1"/></net>

<net id="316"><net_src comp="283" pin="2"/><net_sink comp="309" pin=2"/></net>

<net id="320"><net_src comp="309" pin="3"/><net_sink comp="317" pin=0"/></net>

<net id="326"><net_src comp="62" pin="0"/><net_sink comp="321" pin=0"/></net>

<net id="327"><net_src comp="317" pin="1"/><net_sink comp="321" pin=1"/></net>

<net id="328"><net_src comp="64" pin="0"/><net_sink comp="321" pin=2"/></net>

<net id="332"><net_src comp="301" pin="3"/><net_sink comp="329" pin=0"/></net>

<net id="339"><net_src comp="66" pin="0"/><net_sink comp="333" pin=0"/></net>

<net id="340"><net_src comp="301" pin="3"/><net_sink comp="333" pin=1"/></net>

<net id="341"><net_src comp="68" pin="0"/><net_sink comp="333" pin=2"/></net>

<net id="342"><net_src comp="70" pin="0"/><net_sink comp="333" pin=3"/></net>

<net id="347"><net_src comp="321" pin="3"/><net_sink comp="343" pin=0"/></net>

<net id="348"><net_src comp="333" pin="4"/><net_sink comp="343" pin=1"/></net>

<net id="353"><net_src comp="301" pin="3"/><net_sink comp="349" pin=0"/></net>

<net id="354"><net_src comp="72" pin="0"/><net_sink comp="349" pin=1"/></net>

<net id="359"><net_src comp="274" pin="2"/><net_sink comp="355" pin=0"/></net>

<net id="364"><net_src comp="309" pin="3"/><net_sink comp="360" pin=0"/></net>

<net id="369"><net_src comp="349" pin="2"/><net_sink comp="365" pin=0"/></net>

<net id="375"><net_src comp="74" pin="0"/><net_sink comp="370" pin=0"/></net>

<net id="376"><net_src comp="76" pin="0"/><net_sink comp="370" pin=2"/></net>

<net id="380"><net_src comp="370" pin="3"/><net_sink comp="377" pin=0"/></net>

<net id="385"><net_src comp="377" pin="1"/><net_sink comp="381" pin=0"/></net>

<net id="391"><net_src comp="78" pin="0"/><net_sink comp="386" pin=0"/></net>

<net id="392"><net_src comp="381" pin="2"/><net_sink comp="386" pin=1"/></net>

<net id="393"><net_src comp="80" pin="0"/><net_sink comp="386" pin=2"/></net>

<net id="397"><net_src comp="386" pin="3"/><net_sink comp="394" pin=0"/></net>

<net id="402"><net_src comp="394" pin="1"/><net_sink comp="398" pin=0"/></net>

<net id="409"><net_src comp="82" pin="0"/><net_sink comp="403" pin=0"/></net>

<net id="410"><net_src comp="398" pin="2"/><net_sink comp="403" pin=1"/></net>

<net id="411"><net_src comp="68" pin="0"/><net_sink comp="403" pin=2"/></net>

<net id="412"><net_src comp="84" pin="0"/><net_sink comp="403" pin=3"/></net>

<net id="416"><net_src comp="413" pin="1"/><net_sink comp="171" pin=2"/></net>

<net id="417"><net_src comp="413" pin="1"/><net_sink comp="178" pin=2"/></net>

<net id="418"><net_src comp="413" pin="1"/><net_sink comp="185" pin=2"/></net>

<net id="419"><net_src comp="413" pin="1"/><net_sink comp="192" pin=2"/></net>

<net id="427"><net_src comp="420" pin="1"/><net_sink comp="423" pin=0"/></net>

<net id="435"><net_src comp="0" pin="0"/><net_sink comp="431" pin=0"/></net>

<net id="436"><net_src comp="428" pin="1"/><net_sink comp="431" pin=1"/></net>

<net id="437"><net_src comp="431" pin="2"/><net_sink comp="152" pin=1"/></net>

<net id="451"><net_src comp="92" pin="0"/><net_sink comp="438" pin=0"/></net>

<net id="452"><net_src comp="80" pin="0"/><net_sink comp="438" pin=1"/></net>

<net id="453"><net_src comp="199" pin="3"/><net_sink comp="438" pin=2"/></net>

<net id="454"><net_src comp="94" pin="0"/><net_sink comp="438" pin=3"/></net>

<net id="455"><net_src comp="205" pin="3"/><net_sink comp="438" pin=4"/></net>

<net id="456"><net_src comp="96" pin="0"/><net_sink comp="438" pin=5"/></net>

<net id="457"><net_src comp="211" pin="3"/><net_sink comp="438" pin=6"/></net>

<net id="458"><net_src comp="98" pin="0"/><net_sink comp="438" pin=7"/></net>

<net id="459"><net_src comp="217" pin="3"/><net_sink comp="438" pin=8"/></net>

<net id="460"><net_src comp="100" pin="0"/><net_sink comp="438" pin=9"/></net>

<net id="465"><net_src comp="0" pin="0"/><net_sink comp="461" pin=0"/></net>

<net id="466"><net_src comp="428" pin="1"/><net_sink comp="461" pin=1"/></net>

<net id="470"><net_src comp="467" pin="1"/><net_sink comp="158" pin=2"/></net>

<net id="474"><net_src comp="110" pin="1"/><net_sink comp="471" pin=0"/></net>

<net id="475"><net_src comp="471" pin="1"/><net_sink comp="249" pin=1"/></net>

<net id="476"><net_src comp="471" pin="1"/><net_sink comp="254" pin=0"/></net>

<net id="477"><net_src comp="471" pin="1"/><net_sink comp="365" pin=1"/></net>

<net id="481"><net_src comp="114" pin="1"/><net_sink comp="478" pin=0"/></net>

<net id="482"><net_src comp="478" pin="1"/><net_sink comp="244" pin=1"/></net>

<net id="483"><net_src comp="478" pin="1"/><net_sink comp="280" pin=0"/></net>

<net id="484"><net_src comp="478" pin="1"/><net_sink comp="360" pin=1"/></net>

<net id="488"><net_src comp="118" pin="1"/><net_sink comp="485" pin=0"/></net>

<net id="489"><net_src comp="485" pin="1"/><net_sink comp="239" pin=1"/></net>

<net id="490"><net_src comp="485" pin="1"/><net_sink comp="257" pin=0"/></net>

<net id="491"><net_src comp="485" pin="1"/><net_sink comp="355" pin=1"/></net>

<net id="495"><net_src comp="122" pin="2"/><net_sink comp="492" pin=0"/></net>

<net id="496"><net_src comp="492" pin="1"/><net_sink comp="398" pin=1"/></net>

<net id="500"><net_src comp="128" pin="2"/><net_sink comp="497" pin=0"/></net>

<net id="501"><net_src comp="497" pin="1"/><net_sink comp="381" pin=1"/></net>

<net id="505"><net_src comp="140" pin="2"/><net_sink comp="502" pin=0"/></net>

<net id="506"><net_src comp="502" pin="1"/><net_sink comp="269" pin=1"/></net>

<net id="510"><net_src comp="146" pin="2"/><net_sink comp="507" pin=0"/></net>

<net id="511"><net_src comp="507" pin="1"/><net_sink comp="264" pin=1"/></net>

<net id="512"><net_src comp="507" pin="1"/><net_sink comp="423" pin=1"/></net>

<net id="516"><net_src comp="235" pin="1"/><net_sink comp="513" pin=0"/></net>

<net id="517"><net_src comp="513" pin="1"/><net_sink comp="152" pin=2"/></net>

<net id="521"><net_src comp="269" pin="2"/><net_sink comp="518" pin=0"/></net>

<net id="525"><net_src comp="295" pin="2"/><net_sink comp="522" pin=0"/></net>

<net id="529"><net_src comp="309" pin="3"/><net_sink comp="526" pin=0"/></net>

<net id="530"><net_src comp="526" pin="1"/><net_sink comp="370" pin=1"/></net>

<net id="534"><net_src comp="329" pin="1"/><net_sink comp="531" pin=0"/></net>

<net id="535"><net_src comp="531" pin="1"/><net_sink comp="438" pin=10"/></net>

<net id="539"><net_src comp="343" pin="2"/><net_sink comp="536" pin=0"/></net>

<net id="540"><net_src comp="536" pin="1"/><net_sink comp="413" pin=0"/></net>

<net id="544"><net_src comp="349" pin="2"/><net_sink comp="541" pin=0"/></net>

<net id="545"><net_src comp="541" pin="1"/><net_sink comp="420" pin=0"/></net>

<net id="549"><net_src comp="403" pin="4"/><net_sink comp="546" pin=0"/></net>

<net id="550"><net_src comp="546" pin="1"/><net_sink comp="428" pin=0"/></net>

<net id="554"><net_src comp="171" pin="3"/><net_sink comp="551" pin=0"/></net>

<net id="555"><net_src comp="551" pin="1"/><net_sink comp="199" pin=0"/></net>

<net id="559"><net_src comp="178" pin="3"/><net_sink comp="556" pin=0"/></net>

<net id="560"><net_src comp="556" pin="1"/><net_sink comp="205" pin=0"/></net>

<net id="564"><net_src comp="185" pin="3"/><net_sink comp="561" pin=0"/></net>

<net id="565"><net_src comp="561" pin="1"/><net_sink comp="211" pin=0"/></net>

<net id="569"><net_src comp="192" pin="3"/><net_sink comp="566" pin=0"/></net>

<net id="570"><net_src comp="566" pin="1"/><net_sink comp="217" pin=0"/></net>

<net id="574"><net_src comp="423" pin="2"/><net_sink comp="571" pin=0"/></net>

<net id="578"><net_src comp="438" pin="11"/><net_sink comp="575" pin=0"/></net>

<net id="579"><net_src comp="575" pin="1"/><net_sink comp="467" pin=0"/></net>

<net id="583"><net_src comp="461" pin="2"/><net_sink comp="580" pin=0"/></net>

<net id="584"><net_src comp="580" pin="1"/><net_sink comp="158" pin=1"/></net>

<net id="585"><net_src comp="580" pin="1"/><net_sink comp="166" pin=1"/></net>

</net_list>

</model> 
---------------- Datapath Model END ------------------

* FSMD analyzer results:
  - Output states:
	Port: gmem3 | {4 5 6 7 8 9 10 }
 - Input state : 
	Port: flash_attention_hls_Pipeline_STORE_O_VITIS_LOOP_188_5 : gmem3 | {}
	Port: flash_attention_hls_Pipeline_STORE_O_VITIS_LOOP_188_5 : d | {1 }
	Port: flash_attention_hls_Pipeline_STORE_O_VITIS_LOOP_188_5 : mul_ln187 | {1 }
	Port: flash_attention_hls_Pipeline_STORE_O_VITIS_LOOP_188_5 : acc | {3 4 }
	Port: flash_attention_hls_Pipeline_STORE_O_VITIS_LOOP_188_5 : acc_1 | {3 4 }
	Port: flash_attention_hls_Pipeline_STORE_O_VITIS_LOOP_188_5 : acc_2 | {3 4 }
	Port: flash_attention_hls_Pipeline_STORE_O_VITIS_LOOP_188_5 : acc_3 | {3 4 }
	Port: flash_attention_hls_Pipeline_STORE_O_VITIS_LOOP_188_5 : zext_ln63 | {1 }
	Port: flash_attention_hls_Pipeline_STORE_O_VITIS_LOOP_188_5 : shl_ln68_2 | {1 }
	Port: flash_attention_hls_Pipeline_STORE_O_VITIS_LOOP_188_5 : O | {1 }
  - Chain level:
	State 1
		store_ln0 : 1
		store_ln187 : 1
		store_ln188 : 1
	State 2
		zext_ln188 : 1
		icmp_ln188 : 2
		icmp_ln187 : 1
		add_ln187_3 : 1
		br_ln187 : 2
		add_ln187 : 1
		xor_ln187 : 3
		or_ln187 : 3
		select_ln187 : 3
		select_ln187_1 : 3
		trunc_ln187 : 4
		br_ln188 : 3
		tmp_s : 5
		trunc_ln188 : 4
		lshr_ln2 : 4
		add_ln190 : 6
		add_ln188 : 4
		store_ln187 : 2
		store_ln187 : 4
		store_ln188 : 5
	State 3
		zext_ln187 : 1
		add_ln187_1 : 2
		sext_ln188_mid2_v_v_v_v_v : 3
		sext_ln187 : 4
		add_ln187_2 : 5
		sext_ln188_mid2_v : 6
		acc_addr : 1
		acc_1_addr : 1
		acc_2_addr : 1
		acc_3_addr : 1
		acc_load : 2
		acc_1_load : 2
		acc_2_load : 2
		acc_3_load : 2
		icmp_ln188_1 : 1
		br_ln188 : 2
	State 4
		gmem3_addr : 1
		empty_38 : 2
		tmp_1 : 1
		gmem3_addr_1 : 1
	State 5
		write_ln190 : 1
	State 6
	State 7
	State 8
	State 9
	State 10


============================================================
+ Verbose Summary: Datapath Resource usage 
============================================================

* Functional unit list:
|----------|------------------------------------------|---------|---------|
| Operation|              Functional Unit             |    FF   |   LUT   |
|----------|------------------------------------------|---------|---------|
|          |            add_ln187_3_fu_274            |    0    |    71   |
|          |             add_ln187_fu_283             |    0    |    13   |
|    add   |             add_ln190_fu_343             |    0    |    14   |
|          |             add_ln188_fu_349             |    0    |    38   |
|          |            add_ln187_1_fu_381            |    0    |    39   |
|          |            add_ln187_2_fu_398            |    0    |    71   |
|----------|------------------------------------------|---------|---------|
|          |             icmp_ln188_fu_264            |    0    |    39   |
|   icmp   |             icmp_ln187_fu_269            |    0    |    71   |
|          |            icmp_ln188_1_fu_423           |    0    |    39   |
|----------|------------------------------------------|---------|---------|
|  select  |            select_ln187_fu_301           |    0    |    31   |
|          |           select_ln187_1_fu_309          |    0    |    4    |
|----------|------------------------------------------|---------|---------|
| sparsemux|               tmp_1_fu_438               |    0    |    20   |
|----------|------------------------------------------|---------|---------|
|    xor   |             xor_ln187_fu_289             |    0    |    2    |
|----------|------------------------------------------|---------|---------|
|    or    |              or_ln187_fu_295             |    0    |    2    |
|----------|------------------------------------------|---------|---------|
|          |            O_read_read_fu_122            |    0    |    0    |
|          |        shl_ln68_2_read_read_fu_128       |    0    |    0    |
|   read   |        zext_ln63_read_read_fu_134        |    0    |    0    |
|          |        mul_ln187_read_read_fu_140        |    0    |    0    |
|          |            d_read_read_fu_146            |    0    |    0    |
|----------|------------------------------------------|---------|---------|
| writereq |         empty_38_writereq_fu_152         |    0    |    0    |
|----------|------------------------------------------|---------|---------|
|   write  |         write_ln190_write_fu_158         |    0    |    0    |
|----------|------------------------------------------|---------|---------|
| writeresp|           grp_writeresp_fu_166           |    0    |    0    |
|----------|------------------------------------------|---------|---------|
|          |           zext_ln63_cast_fu_235          |    0    |    0    |
|          |             zext_ln188_fu_260            |    0    |    0    |
|   zext   |             zext_ln187_fu_377            |    0    |    0    |
|          |             zext_ln190_fu_413            |    0    |    0    |
|          |            zext_ln188_1_fu_420           |    0    |    0    |
|----------|------------------------------------------|---------|---------|
|   trunc  |            trunc_ln187_fu_317            |    0    |    0    |
|          |            trunc_ln188_fu_329            |    0    |    0    |
|----------|------------------------------------------|---------|---------|
|          |               tmp_s_fu_321               |    0    |    0    |
|bitconcatenate| sext_ln188_mid2_v_v_v_v_v_v_v_v_v_fu_370 |    0    |    0    |
|          |     sext_ln188_mid2_v_v_v_v_v_fu_386     |    0    |    0    |
|----------|------------------------------------------|---------|---------|
|partselect|              lshr_ln2_fu_333             |    0    |    0    |
|          |         sext_ln188_mid2_v_fu_403         |    0    |    0    |
|----------|------------------------------------------|---------|---------|
|   sext   |             sext_ln187_fu_394            |    0    |    0    |
|          |            sext_ln187_1_fu_428           |    0    |    0    |
|----------|------------------------------------------|---------|---------|
|   Total  |                                          |    0    |   454   |
|----------|------------------------------------------|---------|---------|

Memories:
N/A

* Register list:
+-------------------------+--------+
|                         |   FF   |
+-------------------------+--------+
|      O_read_reg_492     |   64   |
|    acc_1_addr_reg_556   |    6   |
|    acc_2_addr_reg_561   |    6   |
|    acc_3_addr_reg_566   |    6   |
|     acc_addr_reg_551    |    6   |
|    add_ln188_reg_541    |   31   |
|    add_ln190_reg_536    |    6   |
|      d_read_reg_507     |   32   |
|   first_iter_3_reg_223  |    1   |
|   gmem3_addr_1_reg_580  |   32   |
|        i_reg_478        |    4   |
|    icmp_ln187_reg_518   |    1   |
|   icmp_ln188_1_reg_571  |    1   |
| indvar_flatten44_reg_485|   64   |
|  mul_ln187_read_reg_502 |   64   |
|     or_ln187_reg_522    |    1   |
|  select_ln187_1_reg_526 |    4   |
|sext_ln188_mid2_v_reg_546|   62   |
| shl_ln68_2_read_reg_497 |   32   |
|      tmp_1_reg_575      |   32   |
|   trunc_ln188_reg_531   |    2   |
|       x_2_reg_471       |   31   |
|  zext_ln63_cast_reg_513 |   32   |
+-------------------------+--------+
|          Total          |   520  |
+-------------------------+--------+

* Multiplexer (MUX) list: 
|-------------------|------|------|------|--------||---------||---------|
|        Comp       |  Pin | Size |  BW  | S x BW ||  Delay  ||   LUT   |
|-------------------|------|------|------|--------||---------||---------|
| grp_access_fu_199 |  p0  |   2  |   6  |   12   ||    9    |
| grp_access_fu_205 |  p0  |   2  |   6  |   12   ||    9    |
| grp_access_fu_211 |  p0  |   2  |   6  |   12   ||    9    |
| grp_access_fu_217 |  p0  |   2  |   6  |   12   ||    9    |
|-------------------|------|------|------|--------||---------||---------|
|       Total       |      |      |      |   48   ||  6.352  ||    36   |
|-------------------|------|------|------|--------||---------||---------|



* Summary:
+-----------+--------+--------+--------+
|           |  Delay |   FF   |   LUT  |
+-----------+--------+--------+--------+
|  Function |    -   |    0   |   454  |
|   Memory  |    -   |    -   |    -   |
|Multiplexer|    6   |    -   |   36   |
|  Register |    -   |   520  |    -   |
+-----------+--------+--------+--------+
|   Total   |    6   |   520  |   490  |
+-----------+--------+--------+--------+
